{"type":"FeatureCollection","features":[{"type":"Feature","properties":{"nome_uc":"Acauã","categoria":"ESEC"},"geometry":{"type":"Polygon","coordinates":[[[-42.7342,-17.11977],[-42.73188,-17.12189],[-42.7331,-17.12333],[-42.73232,-17.12541],[-42.73396,-17.1272],[-42.73358,-17.12829],[-42.73277,-17.1284],[-42.73294,-17.13269],[-42.73228,-17.13344],[-42.7349,-17.1352],[-42.73551,-17.13703],[-42.73525,-17.14019],[-42.73609,-17.14542],[-42.73747,-17.14779],[-42.73702,-17.14852],[-42.73756,-17.1491],[-42.73751,-17.15163],[-42.74176,-17.15953],[-42.74598,-17.16169],[-42.74735,-17.16434],[-42.74764,-17.16888],[-42.75015,-17.17064],[-42.75051,-17.17197],[-42.75231,-17.17346],[-42.75244,-17.17488],[-42.75485,-17.17706],[-42.75566,-17.17933],[-42.76397,-17.18265],[-42.76548,-17.18192],[-42.76632,-17.1822],[-42.76541,-17.18401],[-42.76814,-17.1901],[-42.7678,-17.19385],[-42.77093,-17.19488],[-42.77462,-17.19285],[-42.77578,-17.19397],[-42.78377,-17.19565],[-42.78471,-17.19529],[-42.78532,-17.19623],[-42.78952,-17.19747],[-42.79089,-17.19523],[-42.79807,-17.19394],[-42.81156,-17.18419],[-42.82106,-17.17103],[-42.78077,-17.15111],[-42.77594,-17.15182],[-42.77675,-17.15573],[-42.77632,-17.15693],[-42.77503,-17.15738],[-42.77271,-17.15247],[-42.77278,-17.14835],[-42.771,-17.14621],[-42.77038,-17.14442],[-42.77055,-17.13428],[-42.76888,-17.1335],[-42.76915,-17.132],[-42.77012,-17.13189],[-42.76984,-17.13102],[-42.76825,-17.12833],[-42.75911,-17.11909],[-42.75221,-17.10173],[-42.74985,-17.09924],[-42.72804,-17.08321],[-42.72093,-17.07205],[-42.71863,-17.07572],[-42.7189,-17.08355],[-42.7176,-17.0909],[-42.71823,-17.09111],[-42.71916,-17.08947],[-42.72104,-17.08849],[-42.72429,-17.08924],[-42.72624,-17.09206],[-42.72622,-17.09315],[-42.7284,-17.09577],[-42.72881,-17.09723],[-42.72806,-17.10062],[-42.72944,-17.10191],[-42.73045,-17.10202],[-42.73303,-17.10595],[-42.73259,-17.10833],[-42.73493,-17.11163],[-42.73499,-17.11411],[-42.73577,-17.11518],[-42.73398,-17.11868],[-42.7342,-17.11977]]]}},{"type":"Feature","properties":{"nome_uc":"Alto Cariri","categoria":"PAR"},"geometry":{"type":"Polygon","coordinates":[[[-39.93025,-16.28111],[-39.9336,-16.28532],[-39.93371,-16.28868],[-39.93924,-16.2938],[-39.94016,-16.29395],[-39.9425,-16.29179],[-39.94352,-16.29207],[-39.94445,-16.29504],[-39.95225,-16.29787],[-39.95424,-16.30004],[-39.95531,-16.3049],[-39.95814,-16.30836],[-39.95862,-16.3107],[-39.95821,-16.31526],[-39.9605,-16.32189],[-39.96636,-16.32695],[-39.96966,-16.3277],[-39.97063,-16.32693],[-39.97012,-16.32343],[-39.97257,-16.31894],[-39.9739,-16.31825],[-39.97806,-16.31842],[-39.9794,-16.31684],[-39.97808,-16.31318],[-39.97839,-16.31115],[-39.98074,-16.31102],[-39.98157,-16.31191],[-39.98373,-16.31239],[-39.98484,-16.31188],[-39.99006,-16.31218],[-39.99171,-16.31372],[-39.99179,-16.31778],[-39.99409,-16.31997],[-39.99662,-16.32454],[-39.99551,-16.33066],[-39.99663,-16.3321],[-40.00436,-16.33713],[-40.01122,-16.34013],[-40.01276,-16.34243],[-40.01145,-16.34627],[-40.01606,-16.34695],[-40.01925,-16.35027],[-40.0202,-16.35448],[-40.02175,-16.35589],[-40.02473,-16.35652],[-40.02581,-16.36652],[-40.03204,-16.38764],[-40.03248,-16.39196],[-40.03785,-16.39694],[-40.03981,-16.40335],[-40.04208,-16.40154],[-40.0458,-16.39074],[-40.04767,-16.38887],[-40.04736,-16.38859],[-40.05267,-16.38649],[-40.05712,-16.386],[-40.06455,-16.37359],[-40.06826,-16.37072],[-40.06821,-16.36969],[-40.05537,-16.36663],[-40.0565,-16.36479],[-40.05878,-16.36326],[-40.05342,-16.361],[-40.05217,-16.35694],[-40.05248,-16.35564],[-40.05018,-16.35128],[-40.04661,-16.34903],[-40.04725,-16.34619],[-40.04644,-16.33917],[-40.02919,-16.32909],[-40.02589,-16.33088],[-40.02506,-16.32958],[-40.02745,-16.32659],[-40.02735,-16.32567],[-40.03021,-16.32053],[-40.03261,-16.31912],[-40.03384,-16.3194],[-40.03252,-16.31611],[-40.02826,-16.31501],[-40.02511,-16.31548],[-40.024,-16.31417],[-40.02287,-16.31466],[-40.02093,-16.31421],[-40.0157,-16.30845],[-40.01268,-16.31029],[-40.00954,-16.30769],[-40.01148,-16.30339],[-40.00933,-16.29731],[-40.01394,-16.29823],[-40.01161,-16.29419],[-40.01277,-16.29368],[-40.01658,-16.27723],[-40.00973,-16.28114],[-40.00967,-16.284],[-40.00888,-16.28464],[-40.00743,-16.28048],[-40.00254,-16.28089],[-39.9995,-16.28443],[-39.98152,-16.27621],[-39.93025,-16.28111]]]}},{"type":"Feature","properties":{"nome_uc":"Alto Mucuri","categoria":"APA"},"geometry":{"type":"Polygon","coordinates":[[[-41.47335,-17.4625],[-41.45835,-17.46931],[-41.4647,-17.48048],[-41.46111,-17.48849],[-41.45136,-17.49028],[-41.44274,-17.48865],[-41.43726,-17.48125],[-41.43991,-17.47639],[-41.43811,-17.46872],[-41.43134,-17.47068],[-41.42751,-17.46756],[-41.42477,-17.47313],[-41.42401,-17.47227],[-41.42438,-17.46818],[-41.41537,-17.46221],[-41.41298,-17.45976],[-41.41583,-17.45551],[-41.42182,-17.45791],[-41.42517,-17.45826],[-41.42607,-17.45571],[-41.42444,-17.4526],[-41.41602,-17.45095],[-41.41266,-17.44659],[-41.4089,-17.43071],[-41.41076,-17.41941],[-41.40851,-17.41467],[-41.40478,-17.41499],[-41.39816,-17.41234],[-41.3889,-17.40756],[-41.39163,-17.39846],[-41.37791,-17.40027],[-41.37698,-17.38729],[-41.37609,-17.38482],[-41.37267,-17.38177],[-41.37335,-17.37653],[-41.37217,-17.3724],[-41.36864,-17.36949],[-41.36233,-17.36657],[-41.35576,-17.36839],[-41.33576,-17.36993],[-41.32869,-17.36578],[-41.32039,-17.36278],[-41.31483,-17.36438],[-41.31491,-17.36621],[-41.31747,-17.37079],[-41.31343,-17.37169],[-41.30875,-17.37563],[-41.30257,-17.38476],[-41.2977,-17.40366],[-41.2904,-17.40955],[-41.28145,-17.42927],[-41.28351,-17.44316],[-41.28048,-17.44921],[-41.27594,-17.45457],[-41.27373,-17.45351],[-41.27366,-17.452],[-41.27048,-17.45043],[-41.26497,-17.45253],[-41.26628,-17.45565],[-41.2707,-17.45527],[-41.27126,-17.45751],[-41.26726,-17.45944],[-41.26847,-17.46351],[-41.2655,-17.46356],[-41.25885,-17.46684],[-41.25603,-17.47245],[-41.25728,-17.47434],[-41.25708,-17.47629],[-41.25817,-17.47994],[-41.25641,-17.48155],[-41.26725,-17.48516],[-41.27127,-17.49119],[-41.27206,-17.49116],[-41.27371,-17.49267],[-41.27462,-17.49252],[-41.27465,-17.49063],[-41.27707,-17.49033],[-41.27761,-17.49501],[-41.2808,-17.49809],[-41.28216,-17.50109],[-41.28961,-17.50834],[-41.29383,-17.51072],[-41.29647,-17.51105],[-41.29999,-17.51471],[-41.30213,-17.51511],[-41.30446,-17.51983],[-41.30592,-17.52079],[-41.30956,-17.52525],[-41.31101,-17.52876],[-41.31289,-17.5298],[-41.31459,-17.53533],[-41.31692,-17.53617],[-41.31912,-17.53938],[-41.3223,-17.54953],[-41.34487,-17.5632],[-41.34587,-17.57298],[-41.34817,-17.57517],[-41.34971,-17.58144],[-41.35125,-17.58425],[-41.35193,-17.58756],[-41.3597,-17.60857],[-41.36181,-17.61015],[-41.36637,-17.61735],[-41.3663,-17.61957],[-41.36775,-17.62146],[-41.36747,-17.62321],[-41.36825,-17.62562],[-41.37061,-17.62642],[-41.37351,-17.63168],[-41.37858,-17.63013],[-41.39175,-17.64695],[-41.38889,-17.65084],[-41.39436,-17.65974],[-41.39648,-17.66173],[-41.39844,-17.66192],[-41.40121,-17.65972],[-41.40259,-17.66028],[-41.40539,-17.66268],[-41.40865,-17.66377],[-41.41056,-17.6663],[-41.41949,-17.6704],[-41.42075,-17.67224],[-41.42452,-17.67365],[-41.42596,-17.67505],[-41.42795,-17.67497],[-41.42957,-17.67359],[-41.4312,-17.67011],[-41.43268,-17.66856],[-41.43641,-17.66752],[-41.44019,-17.66962],[-41.44159,-17.67241],[-41.44457,-17.67128],[-41.44689,-17.67334],[-41.45002,-17.67382],[-41.45199,-17.67546],[-41.45452,-17.67605],[-41.45632,-17.67803],[-41.45999,-17.67768],[-41.46448,-17.67932],[-41.46825,-17.67921],[-41.47146,-17.67988],[-41.47374,-17.67933],[-41.47692,-17.6806],[-41.47899,-17.67932],[-41.48119,-17.6799],[-41.48301,-17.68213],[-41.48481,-17.68277],[-41.48642,-17.69092],[-41.48517,-17.69366],[-41.48506,-17.69646],[-41.48348,-17.69832],[-41.48351,-17.69996],[-41.48611,-17.70567],[-41.49025,-17.70926],[-41.49029,-17.71236],[-41.489,-17.71641],[-41.49108,-17.72226],[-41.49798,-17.72856],[-41.50105,-17.73959],[-41.50084,-17.74102],[-41.49845,-17.74438],[-41.49828,-17.74795],[-41.50022,-17.75058],[-41.50317,-17.7522],[-41.50463,-17.75635],[-41.50397,-17.75924],[-41.50934,-17.75812],[-41.5131,-17.75606],[-41.51651,-17.75695],[-41.51834,-17.75499],[-41.519,-17.75316],[-41.52071,-17.75174],[-41.52154,-17.74933],[-41.52442,-17.7465],[-41.5263,-17.74629],[-41.52775,-17.74772],[-41.52859,-17.7503],[-41.52993,-17.74996],[-41.53287,-17.7467],[-41.53641,-17.74739],[-41.53903,-17.74543],[-41.54116,-17.74484],[-41.54403,-17.74561],[-41.54542,-17.74751],[-41.54566,-17.74966],[-41.54484,-17.75427],[-41.54644,-17.75783],[-41.5438,-17.76076],[-41.54415,-17.76117],[-41.5424,-17.76222],[-41.54244,-17.76416],[-41.54796,-17.76605],[-41.553,-17.76574],[-41.55565,-17.76455],[-41.55971,-17.76469],[-41.56367,-17.76618],[-41.56623,-17.76819],[-41.57017,-17.77295],[-41.5718,-17.77257],[-41.57159,-17.77093],[-41.57519,-17.76682],[-41.5777,-17.76635],[-41.5847,-17.76841],[-41.58859,-17.76783],[-41.59652,-17.76449],[-41.59731,-17.76322],[-41.60329,-17.7592],[-41.60561,-17.75917],[-41.6083,-17.75778],[-41.60956,-17.75957],[-41.61046,-17.76355],[-41.6131,-17.76473],[-41.61717,-17.76809],[-41.62073,-17.77452],[-41.6221,-17.77509],[-41.62217,-17.77607],[-41.62553,-17.77627],[-41.62677,-17.77793],[-41.62574,-17.77977],[-41.62616,-17.78509],[-41.62571,-17.7868],[-41.62881,-17.79206],[-41.63341,-17.79279],[-41.63874,-17.79057],[-41.64258,-17.79228],[-41.64532,-17.79453],[-41.64826,-17.79965],[-41.64915,-17.80305],[-41.65283,-17.80615],[-41.65415,-17.80808],[-41.65659,-17.80957],[-41.6573,-17.81152],[-41.6591,-17.81212],[-41.65986,-17.81117],[-41.66486,-17.81043],[-41.67141,-17.81377],[-41.67306,-17.81516],[-41.67729,-17.8229],[-41.68251,-17.82615],[-41.68776,-17.8339],[-41.6897,-17.83539],[-41.69177,-17.83615],[-41.701,-17.83513],[-41.70157,-17.83672],[-41.70001,-17.83914],[-41.70023,-17.8417],[-41.7062,-17.84385],[-41.70981,-17.84625],[-41.71331,-17.85254],[-41.71477,-17.85343],[-41.717,-17.85328],[-41.72076,-17.85448],[-41.72427,-17.85433],[-41.72633,-17.85522],[-41.73213,-17.86856],[-41.73481,-17.87113],[-41.73771,-17.87712],[-41.73989,-17.87838],[-41.74074,-17.88237],[-41.74442,-17.88834],[-41.74531,-17.89508],[-41.7525,-17.90225],[-41.75349,-17.90451],[-41.75219,-17.90419],[-41.74913,-17.90482],[-41.74651,-17.90399],[-41.74459,-17.90534],[-41.74128,-17.90486],[-41.73504,-17.90556],[-41.73196,-17.90361],[-41.73069,-17.89935],[-41.72896,-17.89889],[-41.72725,-17.89987],[-41.71521,-17.90244],[-41.71391,-17.90351],[-41.71095,-17.90409],[-41.70928,-17.9051],[-41.70552,-17.90536],[-41.70619,-17.90965],[-41.71468,-17.91237],[-41.719,-17.91691],[-41.72465,-17.91896],[-41.7275,-17.91824],[-41.73582,-17.91211],[-41.73891,-17.9118],[-41.74451,-17.91403],[-41.75042,-17.91445],[-41.75389,-17.9139],[-41.75961,-17.91483],[-41.76256,-17.91621],[-41.76306,-17.91896],[-41.76471,-17.92108],[-41.76575,-17.92433],[-41.76335,-17.92642],[-41.75736,-17.92617],[-41.75469,-17.92749],[-41.75361,-17.9304],[-41.75546,-17.93335],[-41.76555,-17.93716],[-41.77232,-17.94062],[-41.77519,-17.94093],[-41.77746,-17.93882],[-41.77679,-17.93607],[-41.77923,-17.9342],[-41.78783,-17.93764],[-41.79344,-17.93748],[-41.80003,-17.93909],[-41.80358,-17.93697],[-41.80428,-17.93125],[-41.80673,-17.92892],[-41.80972,-17.92962],[-41.81244,-17.93143],[-41.81297,-17.93736],[-41.81522,-17.93911],[-41.81815,-17.93848],[-41.82039,-17.93304],[-41.82901,-17.9315],[-41.83237,-17.93157],[-41.83515,-17.93261],[-41.83863,-17.93258],[-41.84178,-17.93174],[-41.84086,-17.92587],[-41.84358,-17.91647],[-41.84737,-17.91189],[-41.84982,-17.91046],[-41.85214,-17.90803],[-41.85146,-17.90445],[-41.85663,-17.90138],[-41.86423,-17.8992],[-41.87763,-17.8939],[-41.8797,-17.88809],[-41.88125,-17.88634],[-41.88123,-17.88315],[-41.8797,-17.88027],[-41.87477,-17.8759],[-41.87303,-17.87169],[-41.87269,-17.86023],[-41.8761,-17.85286],[-41.8808,-17.85133],[-41.88128,-17.84913],[-41.8872,-17.84862],[-41.8959,-17.85957],[-41.89917,-17.86529],[-41.90208,-17.86708],[-41.9068,-17.86654],[-41.90798,-17.86517],[-41.90722,-17.86336],[-41.90686,-17.85719],[-41.90843,-17.85591],[-41.91217,-17.85459],[-41.91492,-17.85578],[-41.91587,-17.85558],[-41.91829,-17.8518],[-41.92128,-17.85213],[-41.92907,-17.85529],[-41.9319,-17.85801],[-41.93718,-17.8601],[-41.94342,-17.85878],[-41.94652,-17.85995],[-41.94627,-17.85746],[-41.94777,-17.85242],[-41.95042,-17.84591],[-41.95221,-17.84366],[-41.95335,-17.83808],[-41.9558,-17.83413],[-41.95816,-17.83095],[-41.96548,-17.82661],[-41.97265,-17.8208],[-41.9746,-17.82018],[-41.97769,-17.82118],[-41.98054,-17.82421],[-41.98184,-17.82769],[-41.98298,-17.8287],[-41.98469,-17.82901],[-41.9877,-17.82839],[-41.98909,-17.82948],[-41.99951,-17.83374],[-42.00577,-17.84072],[-42.00521,-17.84304],[-42.00561,-17.84498],[-42.01042,-17.84436],[-42.01383,-17.84056],[-42.0153,-17.83646],[-42.01774,-17.83266],[-42.02645,-17.83219],[-42.02767,-17.83095],[-42.02588,-17.82684],[-42.02588,-17.82421],[-42.02645,-17.82235],[-42.02946,-17.81932],[-42.03085,-17.81901],[-42.03231,-17.81987],[-42.03435,-17.81956],[-42.0363,-17.81847],[-42.03858,-17.81467],[-42.04672,-17.81002],[-42.04802,-17.81041],[-42.04924,-17.81273],[-42.05209,-17.8132],[-42.05396,-17.81219],[-42.05567,-17.80808],[-42.05868,-17.80545],[-42.05999,-17.80305],[-42.05934,-17.80095],[-42.05779,-17.7994],[-42.05478,-17.79847],[-42.05356,-17.79708],[-42.05302,-17.79207],[-42.0512,-17.78979],[-42.05112,-17.78847],[-42.05323,-17.78529],[-42.05307,-17.77971],[-42.04932,-17.7777],[-42.04879,-17.77623],[-42.04149,-17.77054],[-42.039,-17.76947],[-42.0335,-17.7687],[-42.03302,-17.76805],[-42.03391,-17.76529],[-42.03586,-17.76313],[-42.04216,-17.75943],[-42.04279,-17.75561],[-42.04107,-17.74995],[-42.03828,-17.74803],[-42.0367,-17.74561],[-42.03744,-17.74278],[-42.03671,-17.73992],[-42.0343,-17.73851],[-42.0306,-17.73904],[-42.02786,-17.73869],[-42.02556,-17.73694],[-42.02219,-17.73703],[-42.01289,-17.7349],[-42.01163,-17.73159],[-42.01239,-17.72868],[-42.01516,-17.73006],[-42.01766,-17.72877],[-42.018,-17.72302],[-42.02123,-17.72214],[-42.02484,-17.72283],[-42.03084,-17.72287],[-42.03406,-17.72463],[-42.03892,-17.72521],[-42.04182,-17.72635],[-42.04456,-17.72518],[-42.04533,-17.72217],[-42.04695,-17.71975],[-42.04674,-17.71662],[-42.04388,-17.71554],[-42.04238,-17.71574],[-42.03988,-17.71454],[-42.03833,-17.71091],[-42.03873,-17.7074],[-42.03832,-17.70451],[-42.03613,-17.70207],[-42.02969,-17.70144],[-42.02696,-17.7001],[-42.02084,-17.69874],[-42.01395,-17.69822],[-42.00744,-17.69523],[-42.00459,-17.69469],[-42.00177,-17.69583],[-42.00153,-17.69292],[-42.00216,-17.69041],[-42.00117,-17.68712],[-42.00145,-17.68428],[-42.00312,-17.68193],[-42.00321,-17.67473],[-42.00577,-17.67257],[-42.00563,-17.66969],[-41.99866,-17.67034],[-41.9966,-17.67281],[-41.99402,-17.67133],[-41.99175,-17.67298],[-41.98989,-17.67069],[-41.98436,-17.66905],[-41.98221,-17.66712],[-41.98047,-17.66083],[-41.98244,-17.65703],[-41.98521,-17.65375],[-41.988,-17.65124],[-41.99057,-17.6502],[-41.99457,-17.64609],[-41.99545,-17.64321],[-41.9965,-17.64222],[-41.99906,-17.64177],[-41.99966,-17.64083],[-42.00175,-17.64101],[-42.00169,-17.63606],[-41.99918,-17.63452],[-41.99942,-17.63309],[-42.00078,-17.63199],[-42.00344,-17.63204],[-42.00433,-17.63049],[-42.00699,-17.6308],[-42.00768,-17.62992],[-42.00556,-17.62834],[-42.00442,-17.62587],[-42.00267,-17.62459],[-41.9994,-17.62376],[-41.99545,-17.62443],[-41.99369,-17.62024],[-41.9927,-17.62268],[-41.99047,-17.62255],[-41.98764,-17.6255],[-41.98528,-17.62657],[-41.98148,-17.62361],[-41.98345,-17.61967],[-41.98319,-17.61594],[-41.9861,-17.60751],[-41.98806,-17.59929],[-41.98505,-17.59844],[-41.98236,-17.601],[-41.98089,-17.59951],[-41.97756,-17.59841],[-41.97487,-17.5952],[-41.97769,-17.58744],[-41.98209,-17.58496],[-41.9808,-17.58405],[-41.97661,-17.58365],[-41.97507,-17.58192],[-41.96962,-17.57819],[-41.9635,-17.57506],[-41.96014,-17.57472],[-41.9558,-17.57327],[-41.95185,-17.5765],[-41.95017,-17.58044],[-41.94637,-17.57909],[-41.94312,-17.58],[-41.94195,-17.57691],[-41.94378,-17.5769],[-41.94853,-17.57476],[-41.95288,-17.57099],[-41.9523,-17.5698],[-41.94873,-17.56844],[-41.94882,-17.56679],[-41.94551,-17.56484],[-41.94291,-17.56635],[-41.94035,-17.56592],[-41.93834,-17.56326],[-41.93383,-17.56106],[-41.93241,-17.55942],[-41.93002,-17.55815],[-41.9296,-17.56015],[-41.92742,-17.55952],[-41.92483,-17.5605],[-41.92407,-17.55869],[-41.92667,-17.55446],[-41.92771,-17.55411],[-41.92762,-17.55026],[-41.92883,-17.5503],[-41.92942,-17.5494],[-41.92945,-17.54737],[-41.93169,-17.54567],[-41.93117,-17.54458],[-41.93427,-17.5427],[-41.93335,-17.5417],[-41.92993,-17.54016],[-41.92856,-17.54183],[-41.92803,-17.54411],[-41.92606,-17.54361],[-41.92479,-17.54181],[-41.9214,-17.54167],[-41.91917,-17.53996],[-41.91786,-17.54177],[-41.9159,-17.54106],[-41.91278,-17.54128],[-41.90983,-17.53928],[-41.91113,-17.53733],[-41.91345,-17.53674],[-41.91438,-17.53494],[-41.91162,-17.53251],[-41.91048,-17.53248],[-41.90583,-17.53482],[-41.90351,-17.535],[-41.90138,-17.5335],[-41.89883,-17.53573],[-41.89414,-17.53162],[-41.89386,-17.52986],[-41.88955,-17.52954],[-41.88983,-17.52715],[-41.89215,-17.52521],[-41.89186,-17.52429],[-41.88869,-17.52579],[-41.88772,-17.52556],[-41.88675,-17.52391],[-41.88626,-17.52474],[-41.8842,-17.52302],[-41.88096,-17.52258],[-41.88014,-17.52323],[-41.87943,-17.52274],[-41.87973,-17.52191],[-41.87875,-17.52201],[-41.87807,-17.5174],[-41.87852,-17.51234],[-41.88096,-17.51069],[-41.88241,-17.50823],[-41.87418,-17.5051],[-41.87351,-17.5026],[-41.87115,-17.5034],[-41.87102,-17.50433],[-41.86975,-17.50512],[-41.86661,-17.50439],[-41.86555,-17.50961],[-41.86424,-17.50932],[-41.86259,-17.50987],[-41.85909,-17.51332],[-41.85985,-17.51477],[-41.8581,-17.51551],[-41.85708,-17.51461],[-41.85017,-17.51647],[-41.84648,-17.51335],[-41.84317,-17.5117],[-41.84158,-17.51175],[-41.83792,-17.51347],[-41.83528,-17.51357],[-41.83157,-17.5082],[-41.83022,-17.50367],[-41.82819,-17.50288],[-41.82664,-17.50085],[-41.8289,-17.49368],[-41.82384,-17.49523],[-41.819,-17.49343],[-41.81734,-17.49422],[-41.81527,-17.49404],[-41.81224,-17.48889],[-41.81431,-17.48595],[-41.81509,-17.48091],[-41.81784,-17.4755],[-41.81879,-17.47524],[-41.82034,-17.47281],[-41.82195,-17.47372],[-41.82397,-17.4738],[-41.82684,-17.47193],[-41.82738,-17.46904],[-41.82873,-17.4665],[-41.82701,-17.46579],[-41.82347,-17.46639],[-41.81935,-17.46242],[-41.81793,-17.45917],[-41.81466,-17.45806],[-41.81298,-17.45946],[-41.81181,-17.46163],[-41.80919,-17.46347],[-41.80459,-17.46105],[-41.8037,-17.45594],[-41.80202,-17.45467],[-41.79861,-17.45403],[-41.79681,-17.45547],[-41.79559,-17.4597],[-41.79273,-17.45904],[-41.79075,-17.45766],[-41.78888,-17.45391],[-41.79135,-17.45302],[-41.79202,-17.44987],[-41.78555,-17.44759],[-41.78417,-17.44908],[-41.7825,-17.44978],[-41.77815,-17.4499],[-41.77609,-17.45062],[-41.77609,-17.44763],[-41.77788,-17.44728],[-41.77927,-17.4461],[-41.77815,-17.4422],[-41.77439,-17.43977],[-41.76938,-17.43886],[-41.77051,-17.43669],[-41.77458,-17.43319],[-41.77694,-17.43364],[-41.78177,-17.43977],[-41.78328,-17.43968],[-41.78358,-17.43533],[-41.78752,-17.43049],[-41.78645,-17.42528],[-41.78244,-17.42192],[-41.77959,-17.42226],[-41.77646,-17.42474],[-41.77092,-17.42263],[-41.77285,-17.42183],[-41.7728,-17.41923],[-41.77082,-17.41617],[-41.7705,-17.41211],[-41.77158,-17.40996],[-41.77462,-17.40967],[-41.77684,-17.41076],[-41.77899,-17.41089],[-41.78348,-17.40907],[-41.78399,-17.40122],[-41.78223,-17.39947],[-41.78347,-17.3969],[-41.78213,-17.39436],[-41.77988,-17.39338],[-41.78084,-17.39186],[-41.78355,-17.39212],[-41.78839,-17.39397],[-41.7901,-17.39279],[-41.79202,-17.39006],[-41.78445,-17.38599],[-41.77677,-17.38043],[-41.77219,-17.37996],[-41.77041,-17.37701],[-41.76809,-17.3769],[-41.76657,-17.37533],[-41.76224,-17.37551],[-41.76102,-17.37469],[-41.75811,-17.37177],[-41.76067,-17.36823],[-41.76077,-17.36412],[-41.75724,-17.36174],[-41.75575,-17.36235],[-41.75315,-17.3561],[-41.7503,-17.35417],[-41.74324,-17.35514],[-41.74049,-17.35334],[-41.73848,-17.35548],[-41.73266,-17.35557],[-41.73291,-17.35638],[-41.73012,-17.3517],[-41.72759,-17.34327],[-41.7234,-17.33843],[-41.72504,-17.32895],[-41.72851,-17.3268],[-41.72718,-17.32336],[-41.72668,-17.31914],[-41.72498,-17.3179],[-41.71978,-17.31687],[-41.71739,-17.31338],[-41.71364,-17.30979],[-41.71361,-17.30684],[-41.71084,-17.30387],[-41.71145,-17.29712],[-41.71001,-17.2934],[-41.70951,-17.28946],[-41.69901,-17.28889],[-41.69775,-17.28767],[-41.69644,-17.28164],[-41.69065,-17.2787],[-41.68645,-17.26289],[-41.68929,-17.25638],[-41.68858,-17.25155],[-41.68634,-17.2488],[-41.68009,-17.24505],[-41.67663,-17.24146],[-41.67339,-17.24065],[-41.67164,-17.23468],[-41.66748,-17.23299],[-41.65718,-17.23417],[-41.65519,-17.23168],[-41.65185,-17.22218],[-41.64567,-17.21767],[-41.64385,-17.21463],[-41.63882,-17.21007],[-41.6369,-17.20737],[-41.63541,-17.20719],[-41.63361,-17.20791],[-41.63327,-17.20594],[-41.62993,-17.20389],[-41.62203,-17.20514],[-41.61941,-17.20354],[-41.62051,-17.20256],[-41.62187,-17.20268],[-41.62512,-17.19794],[-41.62835,-17.1949],[-41.62182,-17.19305],[-41.6236,-17.18644],[-41.62068,-17.18696],[-41.61901,-17.18808],[-41.61063,-17.18731],[-41.61101,-17.18187],[-41.61525,-17.18004],[-41.61395,-17.17564],[-41.61209,-17.17364],[-41.60791,-17.16561],[-41.60173,-17.16375],[-41.59994,-17.1642],[-41.59945,-17.1627],[-41.59838,-17.16215],[-41.59749,-17.16061],[-41.59865,-17.15422],[-41.60166,-17.14952],[-41.60132,-17.14797],[-41.5983,-17.14849],[-41.59817,-17.1496],[-41.59367,-17.15057],[-41.59347,-17.15218],[-41.5951,-17.15337],[-41.59289,-17.15422],[-41.59324,-17.15592],[-41.59476,-17.15768],[-41.59129,-17.15874],[-41.58557,-17.15057],[-41.5821,-17.15368],[-41.58204,-17.1555],[-41.58385,-17.16039],[-41.58202,-17.16253],[-41.57743,-17.16252],[-41.57296,-17.168],[-41.5697,-17.16789],[-41.56711,-17.16596],[-41.56721,-17.16738],[-41.56526,-17.16842],[-41.5648,-17.17317],[-41.56331,-17.17542],[-41.56425,-17.17644],[-41.56678,-17.17631],[-41.57148,-17.18073],[-41.57356,-17.18126],[-41.57265,-17.18371],[-41.57285,-17.18626],[-41.56752,-17.18737],[-41.56934,-17.19036],[-41.56747,-17.19196],[-41.56543,-17.19006],[-41.56292,-17.18913],[-41.5593,-17.19033],[-41.55792,-17.19337],[-41.5589,-17.1965],[-41.5581,-17.19846],[-41.56084,-17.2005],[-41.56153,-17.20804],[-41.56354,-17.21223],[-41.56611,-17.21272],[-41.56801,-17.21436],[-41.57085,-17.21539],[-41.56784,-17.22016],[-41.57175,-17.22024],[-41.56936,-17.22325],[-41.56744,-17.22262],[-41.56436,-17.22704],[-41.5645,-17.22994],[-41.56703,-17.23474],[-41.57085,-17.23317],[-41.57174,-17.23514],[-41.56993,-17.23873],[-41.56667,-17.24101],[-41.56274,-17.24192],[-41.55337,-17.23984],[-41.55546,-17.24612],[-41.55444,-17.24741],[-41.55456,-17.24915],[-41.55668,-17.25172],[-41.55577,-17.25541],[-41.55759,-17.26161],[-41.56766,-17.26923],[-41.57025,-17.26988],[-41.5652,-17.27127],[-41.56274,-17.27124],[-41.56021,-17.27316],[-41.55318,-17.27495],[-41.55408,-17.27632],[-41.55056,-17.27931],[-41.55037,-17.27846],[-41.54779,-17.27756],[-41.54137,-17.28336],[-41.54058,-17.28796],[-41.54548,-17.2881],[-41.54615,-17.28659],[-41.55225,-17.28547],[-41.55627,-17.28755],[-41.55661,-17.2907],[-41.55439,-17.29162],[-41.54787,-17.29077],[-41.55208,-17.30084],[-41.5499,-17.30552],[-41.54972,-17.30885],[-41.54826,-17.31157],[-41.54826,-17.31346],[-41.54354,-17.31555],[-41.54385,-17.31786],[-41.54281,-17.31842],[-41.53966,-17.31767],[-41.53905,-17.32234],[-41.53965,-17.32423],[-41.53743,-17.33061],[-41.53425,-17.32961],[-41.53344,-17.33091],[-41.53126,-17.33188],[-41.52959,-17.3341],[-41.53084,-17.33603],[-41.53283,-17.34349],[-41.53227,-17.35008],[-41.53291,-17.35028],[-41.53447,-17.35353],[-41.53363,-17.35889],[-41.53482,-17.36283],[-41.53468,-17.36567],[-41.53237,-17.36719],[-41.53075,-17.37271],[-41.52715,-17.37776],[-41.52733,-17.38001],[-41.52454,-17.38437],[-41.52569,-17.38987],[-41.52459,-17.39374],[-41.52027,-17.39743],[-41.51789,-17.40388],[-41.5161,-17.4051],[-41.51406,-17.40772],[-41.51316,-17.41153],[-41.5139,-17.41621],[-41.51216,-17.42168],[-41.51253,-17.42261],[-41.51506,-17.42414],[-41.51573,-17.42733],[-41.51431,-17.43022],[-41.5146,-17.43252],[-41.513,-17.43726],[-41.51079,-17.43998],[-41.50895,-17.44394],[-41.50592,-17.4452],[-41.50355,-17.4494],[-41.50045,-17.45138],[-41.49735,-17.4571],[-41.49005,-17.45637],[-41.4878,-17.45974],[-41.48217,-17.46406],[-41.47335,-17.4625]]]}},{"type":"Feature","properties":{"nome_uc":"Arêdes","categoria":"ESEC"},"geometry":{"type":"MultiPolygon","coordinates":[[[[-43.90123,-20.2975],[-43.90048,-20.29474],[-43.89914,-20.29288],[-43.89919,-20.29479],[-43.90123,-20.2975]]],[[[-43.89249,-20.28346],[-43.89059,-20.28334],[-43.88758,-20.28176],[-43.88773,-20.28236],[-43.88618,-20.28106],[-43.88342,-20.28332],[-43.88218,-20.28329],[-43.87685,-20.28899],[-43.88045,-20.2907],[-43.88028,-20.29329],[-43.87948,-20.29427],[-43.87974,-20.29949],[-43.8826,-20.29957],[-43.88323,-20.29847],[-43.89082,-20.29628],[-43.89385,-20.29429],[-43.89823,-20.29278],[-43.89867,-20.29221],[-43.89728,-20.29141],[-43.89355,-20.28621],[-43.89249,-20.28346]]],[[[-43.89809,-20.28594],[-43.90043,-20.28575],[-43.9012,-20.28649],[-43.90128,-20.28743],[-43.90047,-20.28822],[-43.90131,-20.2889],[-43.90085,-20.29087],[-43.9013,-20.29099],[-43.90168,-20.29398],[-43.90225,-20.29405],[-43.90224,-20.29465],[-43.90101,-20.29453],[-43.90229,-20.29995],[-43.90573,-20.29722],[-43.91078,-20.29519],[-43.91062,-20.294],[-43.91876,-20.29243],[-43.91915,-20.28689],[-43.91273,-20.2848],[-43.91664,-20.27413],[-43.926,-20.27718],[-43.92631,-20.27343],[-43.92585,-20.27133],[-43.92639,-20.26967],[-43.92721,-20.2685],[-43.92994,-20.26879],[-43.93035,-20.26356],[-43.9321,-20.26015],[-43.93019,-20.2556],[-43.9242,-20.24937],[-43.91765,-20.25068],[-43.91665,-20.25161],[-43.91525,-20.2552],[-43.91642,-20.25766],[-43.91593,-20.25884],[-43.9093,-20.26374],[-43.90974,-20.26538],[-43.90564,-20.26683],[-43.90366,-20.26684],[-43.90075,-20.26832],[-43.90105,-20.26906],[-43.90239,-20.26879],[-43.90325,-20.27059],[-43.90304,-20.27219],[-43.89954,-20.27808],[-43.8981,-20.28268],[-43.89585,-20.28368],[-43.89311,-20.2835],[-43.89462,-20.28679],[-43.89748,-20.29015],[-43.89729,-20.28828],[-43.89809,-20.28594]]]]}},{"type":"Feature","properties":{"nome_uc":"Bacia Hidrográfica do Rio Machado","categoria":"APA"},"geometry":{"type":"Polygon","coordinates":[[[-45.80846,-21.42137],[-45.80506,-21.42788],[-45.79777,-21.43476],[-45.79658,-21.43707],[-45.80087,-21.44856],[-45.80039,-21.45136],[-45.79653,-21.45549],[-45.79556,-21.45802],[-45.79977,-21.47495],[-45.79971,-21.47991],[-45.79871,-21.48334],[-45.78695,-21.49804],[-45.77734,-21.50137],[-45.76719,-21.50243],[-45.76601,-21.50297],[-45.76504,-21.50439],[-45.76568,-21.50898],[-45.7693,-21.51601],[-45.77228,-21.52452],[-45.77174,-21.53099],[-45.76962,-21.53559],[-45.7708,-21.53781],[-45.77317,-21.54012],[-45.77535,-21.54094],[-45.77966,-21.54052],[-45.78202,-21.54272],[-45.779,-21.55027],[-45.77968,-21.55413],[-45.77896,-21.55784],[-45.77931,-21.56164],[-45.77787,-21.56701],[-45.78095,-21.56893],[-45.78369,-21.57203],[-45.78652,-21.58091],[-45.7939,-21.58412],[-45.79571,-21.58944],[-45.79704,-21.59118],[-45.7962,-21.59494],[-45.79614,-21.61231],[-45.79784,-21.61562],[-45.80406,-21.62101],[-45.80412,-21.62771],[-45.8053,-21.63328],[-45.80367,-21.63796],[-45.81088,-21.64459],[-45.8127,-21.64767],[-45.81306,-21.6515],[-45.81251,-21.66114],[-45.81314,-21.66561],[-45.81442,-21.66872],[-45.81584,-21.67007],[-45.81886,-21.67087],[-45.82181,-21.67063],[-45.82588,-21.66915],[-45.82966,-21.66532],[-45.83295,-21.65951],[-45.83682,-21.66771],[-45.84401,-21.67252],[-45.84854,-21.67756],[-45.85254,-21.68383],[-45.85565,-21.69185],[-45.86011,-21.6995],[-45.87258,-21.70546],[-45.87722,-21.70618],[-45.87958,-21.70536],[-45.88345,-21.71082],[-45.88566,-21.71287],[-45.88958,-21.71533],[-45.89574,-21.71783],[-45.89773,-21.71972],[-45.8981,-21.72653],[-45.90066,-21.73506],[-45.89999,-21.73749],[-45.89592,-21.74339],[-45.89691,-21.75068],[-45.89535,-21.75494],[-45.89287,-21.75785],[-45.8952,-21.76472],[-45.89265,-21.77209],[-45.8966,-21.77651],[-45.8987,-21.78118],[-45.89968,-21.78192],[-45.90191,-21.78104],[-45.90204,-21.78035],[-45.90393,-21.78037],[-45.9087,-21.78285],[-45.90984,-21.78683],[-45.91648,-21.79529],[-45.91851,-21.80534],[-45.92257,-21.81216],[-45.92429,-21.8172],[-45.92538,-21.823],[-45.9255,-21.83085],[-45.92722,-21.83612],[-45.92663,-21.83973],[-45.92338,-21.84485],[-45.92231,-21.8477],[-45.92372,-21.8582],[-45.92197,-21.87026],[-45.92216,-21.88153],[-45.92001,-21.88973],[-45.9187,-21.89951],[-45.92005,-21.90311],[-45.92121,-21.91157],[-45.92227,-21.91364],[-45.92523,-21.91559],[-45.93615,-21.91787],[-45.94053,-21.91952],[-45.9459,-21.91981],[-45.95454,-21.91785],[-45.95512,-21.9211],[-45.95864,-21.92765],[-45.96687,-21.93713],[-45.96847,-21.94039],[-45.96882,-21.94308],[-45.96883,-21.94749],[-45.96786,-21.9529],[-45.96825,-21.95865],[-45.96549,-21.96675],[-45.96504,-21.97046],[-45.96849,-21.98121],[-45.96738,-21.98388],[-45.9633,-21.98896],[-45.96341,-21.99285],[-45.96596,-21.99798],[-45.96782,-22.00002],[-45.97006,-22.00123],[-45.97536,-22.00221],[-45.97776,-22.00455],[-45.97818,-22.00981],[-45.97982,-22.01607],[-45.97913,-22.01759],[-45.97671,-22.0197],[-45.97636,-22.02133],[-45.98067,-22.02554],[-45.98251,-22.02878],[-45.99464,-22.06552],[-45.99871,-22.06794],[-46.00787,-22.06941],[-46.00865,-22.07793],[-46.00628,-22.08381],[-46.00613,-22.09035],[-46.00669,-22.09323],[-46.00847,-22.09463],[-46.01378,-22.09586],[-46.01454,-22.09701],[-46.01854,-22.09865],[-46.02018,-22.0977],[-46.02037,-22.09618],[-46.02672,-22.09758],[-46.02925,-22.09733],[-46.03204,-22.10201],[-46.04037,-22.09688],[-46.04881,-22.09307],[-46.05531,-22.0826],[-46.0581,-22.08172],[-46.06204,-22.08201],[-46.06165,-22.0748],[-46.05906,-22.06608],[-46.05846,-22.06109],[-46.05926,-22.05598],[-46.0624,-22.04766],[-46.06354,-22.04151],[-46.06314,-22.0378],[-46.06044,-22.02834],[-46.06034,-22.02189],[-46.06167,-22.01549],[-46.06686,-22.00522],[-46.06747,-22.00256],[-46.06624,-21.99436],[-46.06646,-21.97813],[-46.06862,-21.97111],[-46.07044,-21.96794],[-46.0741,-21.96582],[-46.08219,-21.96419],[-46.08765,-21.95555],[-46.09452,-21.94958],[-46.09401,-21.9481],[-46.09237,-21.94676],[-46.08625,-21.94439],[-46.08421,-21.94124],[-46.08425,-21.93659],[-46.08949,-21.92837],[-46.0887,-21.92118],[-46.0969,-21.91794],[-46.10044,-21.91788],[-46.1054,-21.91902],[-46.10796,-21.91872],[-46.11079,-21.91722],[-46.11559,-21.91239],[-46.11606,-21.91073],[-46.11546,-21.90829],[-46.11015,-21.89907],[-46.10762,-21.89205],[-46.10797,-21.88428],[-46.1093,-21.88176],[-46.11122,-21.87981],[-46.11569,-21.87652],[-46.11925,-21.87503],[-46.12568,-21.87458],[-46.12905,-21.8769],[-46.1312,-21.87701],[-46.13302,-21.87475],[-46.13623,-21.87274],[-46.14361,-21.87264],[-46.14766,-21.87],[-46.14878,-21.86434],[-46.15478,-21.8627],[-46.1561,-21.86154],[-46.15451,-21.85611],[-46.15534,-21.84847],[-46.15519,-21.84258],[-46.15406,-21.84039],[-46.1508,-21.83742],[-46.15252,-21.83466],[-46.15287,-21.83201],[-46.14698,-21.82762],[-46.14499,-21.82519],[-46.14364,-21.81874],[-46.13893,-21.80833],[-46.1393,-21.79865],[-46.14097,-21.79567],[-46.14426,-21.79221],[-46.14539,-21.78835],[-46.14586,-21.77975],[-46.14476,-21.77091],[-46.14302,-21.76756],[-46.13806,-21.76276],[-46.12104,-21.75423],[-46.11517,-21.75016],[-46.10477,-21.74481],[-46.10255,-21.74255],[-46.10153,-21.73931],[-46.10211,-21.73678],[-46.10383,-21.73465],[-46.10972,-21.72992],[-46.11292,-21.72463],[-46.11418,-21.72054],[-46.11435,-21.71655],[-46.11382,-21.71467],[-46.1087,-21.70701],[-46.10712,-21.70704],[-46.10689,-21.70786],[-46.10075,-21.70715],[-46.09636,-21.70744],[-46.08839,-21.7133],[-46.08633,-21.71644],[-46.08385,-21.71853],[-46.07787,-21.71785],[-46.06171,-21.72292],[-46.05356,-21.72297],[-46.04844,-21.72534],[-46.04335,-21.72877],[-46.03965,-21.72951],[-46.03836,-21.72867],[-46.03526,-21.72415],[-46.02766,-21.72098],[-46.02565,-21.71935],[-46.02445,-21.7075],[-46.02314,-21.70487],[-46.02123,-21.703],[-46.0188,-21.70208],[-46.01544,-21.70199],[-46.0015,-21.70458],[-46.00121,-21.70219],[-45.99998,-21.70044],[-45.99315,-21.69776],[-45.9921,-21.69677],[-45.99211,-21.69265],[-45.99403,-21.6878],[-46.00193,-21.67727],[-46.00457,-21.67249],[-46.00447,-21.66964],[-46.00172,-21.6665],[-45.99704,-21.66368],[-45.99236,-21.66737],[-45.98307,-21.67069],[-45.97284,-21.67299],[-45.97094,-21.67224],[-45.96639,-21.66829],[-45.96619,-21.66775],[-45.96728,-21.6663],[-45.97897,-21.65455],[-45.98254,-21.65014],[-45.98381,-21.64737],[-45.98161,-21.64003],[-45.98067,-21.63386],[-45.97204,-21.62035],[-45.9752,-21.61662],[-45.97615,-21.61375],[-45.9762,-21.61118],[-45.97026,-21.61356],[-45.96581,-21.61433],[-45.96347,-21.61404],[-45.96097,-21.61234],[-45.95873,-21.60841],[-45.95761,-21.60228],[-45.95095,-21.59533],[-45.94556,-21.57972],[-45.94107,-21.57564],[-45.93395,-21.57255],[-45.93182,-21.57014],[-45.93082,-21.56725],[-45.93125,-21.56027],[-45.9301,-21.54816],[-45.94101,-21.53999],[-45.94234,-21.5382],[-45.9432,-21.53524],[-45.94418,-21.52546],[-45.94622,-21.51775],[-45.94614,-21.51148],[-45.94727,-21.50941],[-45.95116,-21.50532],[-45.95237,-21.50276],[-45.95204,-21.50118],[-45.94658,-21.50043],[-45.9422,-21.49845],[-45.94016,-21.49643],[-45.9393,-21.49417],[-45.93955,-21.48822],[-45.93886,-21.48301],[-45.94036,-21.48031],[-45.94613,-21.47579],[-45.94602,-21.47366],[-45.94454,-21.47118],[-45.93973,-21.47107],[-45.93525,-21.46927],[-45.9303,-21.46367],[-45.92282,-21.46987],[-45.92052,-21.47025],[-45.91597,-21.46953],[-45.90951,-21.46577],[-45.90821,-21.46402],[-45.90549,-21.45755],[-45.9002,-21.45226],[-45.89758,-21.45101],[-45.89121,-21.45021],[-45.8862,-21.44868],[-45.88076,-21.45151],[-45.87342,-21.45664],[-45.8698,-21.46153],[-45.8637,-21.46285],[-45.86257,-21.45794],[-45.86032,-21.45292],[-45.85808,-21.45004],[-45.85224,-21.44476],[-45.85029,-21.44137],[-45.84651,-21.43163],[-45.83738,-21.42214],[-45.83462,-21.42035],[-45.8304,-21.42134],[-45.82585,-21.41914],[-45.82377,-21.41656],[-45.82157,-21.41158],[-45.8137,-21.40701],[-45.81193,-21.4072],[-45.80846,-21.42137]]]}},{"type":"Feature","properties":{"nome_uc":"Bacia Hidrográfica do Rio Uberaba","categoria":"APA"},"geometry":{"type":"Polygon","coordinates":[[[-47.91781,-19.53354],[-47.90775,-19.5311],[-47.88596,-19.52864],[-47.8723,-19.52098],[-47.86903,-19.51979],[-47.86232,-19.51931],[-47.84904,-19.52471],[-47.84189,-19.52686],[-47.83722,-19.52705],[-47.82825,-19.52599],[-47.81653,-19.52618],[-47.8102,-19.52535],[-47.80325,-19.52713],[-47.80073,-19.5293],[-47.80165,-19.54265],[-47.80136,-19.54856],[-47.80013,-19.55162],[-47.78945,-19.56083],[-47.78457,-19.56801],[-47.78173,-19.57051],[-47.77932,-19.57205],[-47.76705,-19.57437],[-47.76498,-19.57547],[-47.76412,-19.5769],[-47.76401,-19.57907],[-47.7667,-19.58722],[-47.76829,-19.59002],[-47.76844,-19.59398],[-47.75687,-19.59901],[-47.75254,-19.60343],[-47.75084,-19.60754],[-47.7483,-19.61926],[-47.74655,-19.62022],[-47.74284,-19.62083],[-47.73771,-19.62397],[-47.7351,-19.62319],[-47.7317,-19.62409],[-47.72924,-19.62589],[-47.72708,-19.63044],[-47.72634,-19.63404],[-47.72632,-19.64503],[-47.72572,-19.64648],[-47.71832,-19.64725],[-47.71352,-19.64496],[-47.70632,-19.64388],[-47.69412,-19.64391],[-47.69035,-19.64416],[-47.67089,-19.64979],[-47.66417,-19.65022],[-47.65899,-19.65258],[-47.65717,-19.65493],[-47.65373,-19.66615],[-47.65037,-19.67195],[-47.64995,-19.67397],[-47.65056,-19.67702],[-47.65552,-19.68011],[-47.65921,-19.68139],[-47.67428,-19.68493],[-47.68095,-19.68743],[-47.68545,-19.6943],[-47.68812,-19.70342],[-47.6899,-19.70471],[-47.69356,-19.70427],[-47.69624,-19.70319],[-47.69867,-19.70338],[-47.70246,-19.70876],[-47.70537,-19.71086],[-47.70986,-19.70986],[-47.71298,-19.70748],[-47.72198,-19.70309],[-47.72551,-19.70341],[-47.72606,-19.70539],[-47.72549,-19.71323],[-47.72586,-19.71739],[-47.72646,-19.71828],[-47.7335,-19.71904],[-47.73742,-19.71898],[-47.74104,-19.71812],[-47.74523,-19.72019],[-47.74697,-19.72017],[-47.74926,-19.71892],[-47.7507,-19.71746],[-47.7533,-19.71227],[-47.76067,-19.70837],[-47.76098,-19.70579],[-47.76483,-19.70312],[-47.76894,-19.7025],[-47.77661,-19.70314],[-47.78114,-19.70288],[-47.78981,-19.70089],[-47.80105,-19.70223],[-47.80947,-19.7021],[-47.82421,-19.69636],[-47.82909,-19.69571],[-47.84033,-19.69554],[-47.84664,-19.69268],[-47.84924,-19.69263],[-47.864,-19.68552],[-47.87052,-19.68505],[-47.88038,-19.68026],[-47.88481,-19.67946],[-47.89093,-19.6798],[-47.8993,-19.67735],[-47.90182,-19.67583],[-47.9158,-19.67576],[-47.91986,-19.68165],[-47.92293,-19.6876],[-47.92938,-19.69164],[-47.93762,-19.69367],[-47.94755,-19.69264],[-47.95212,-19.69155],[-47.95566,-19.6928],[-47.9589,-19.6954],[-47.96341,-19.68899],[-47.97134,-19.66235],[-47.97049,-19.64991],[-47.97188,-19.64235],[-47.97883,-19.6208],[-47.97858,-19.61714],[-47.9765,-19.61041],[-47.97627,-19.60636],[-47.97485,-19.60392],[-47.97513,-19.60246],[-47.97848,-19.60212],[-47.97984,-19.60097],[-47.97952,-19.60022],[-47.97523,-19.59956],[-47.9704,-19.59589],[-47.96992,-19.59395],[-47.97123,-19.59211],[-47.971,-19.59033],[-47.97005,-19.58934],[-47.96581,-19.58749],[-47.96539,-19.5856],[-47.96821,-19.58086],[-47.96877,-19.57633],[-47.96667,-19.57247],[-47.96621,-19.56795],[-47.96658,-19.56424],[-47.96569,-19.55645],[-47.96192,-19.55348],[-47.9593,-19.55006],[-47.95742,-19.54413],[-47.95274,-19.54193],[-47.94113,-19.5393],[-47.9332,-19.53874],[-47.92361,-19.53686],[-47.91781,-19.53354]]]}},{"type":"Feature","properties":{"nome_uc":"Baleia","categoria":"PAR"},"geometry":{"type":"Polygon","coordinates":[[[-43.88658,-19.9316],[-43.88518,-19.93288],[-43.88586,-19.93507],[-43.88701,-19.93537],[-43.88756,-19.93701],[-43.89041,-19.93885],[-43.89241,-19.94147],[-43.89505,-19.94284],[-43.8965,-19.94271],[-43.89726,-19.94052],[-43.9012,-19.93725],[-43.89799,-19.93677],[-43.89583,-19.93803],[-43.89526,-19.93603],[-43.89068,-19.93372],[-43.88967,-19.93256],[-43.89073,-19.93089],[-43.89048,-19.92637],[-43.88726,-19.92774],[-43.88654,-19.92868],[-43.88658,-19.9316]]]}},{"type":"Feature","properties":{"nome_uc":"Biribiri","categoria":"PAR"},"geometry":{"type":"Polygon","coordinates":[[[-43.63545,-18.10112],[-43.63628,-18.09777],[-43.63266,-18.09735],[-43.63196,-18.09574],[-43.63229,-18.09345],[-43.63155,-18.09312],[-43.63097,-18.09389],[-43.62446,-18.09407],[-43.62421,-18.0958],[-43.62324,-18.09553],[-43.62098,-18.09671],[-43.61836,-18.09365],[-43.61536,-18.08796],[-43.61146,-18.08482],[-43.60986,-18.08153],[-43.60746,-18.07849],[-43.60156,-18.07531],[-43.59555,-18.07328],[-43.59358,-18.07325],[-43.5902,-18.07122],[-43.59011,-18.06925],[-43.58789,-18.06683],[-43.58849,-18.06593],[-43.58818,-18.06397],[-43.58619,-18.06239],[-43.58545,-18.06033],[-43.5867,-18.05715],[-43.58864,-18.05619],[-43.58716,-18.05413],[-43.58404,-18.0527],[-43.57424,-18.05455],[-43.57016,-18.04629],[-43.56823,-18.04586],[-43.56712,-18.04465],[-43.56553,-18.04461],[-43.56423,-18.04602],[-43.55984,-18.04664],[-43.55848,-18.04524],[-43.55707,-18.04575],[-43.55543,-18.04407],[-43.55409,-18.04644],[-43.55212,-18.04672],[-43.55059,-18.0458],[-43.55038,-18.04439],[-43.55107,-18.04273],[-43.55016,-18.04253],[-43.54874,-18.04366],[-43.54788,-18.04866],[-43.54394,-18.05114],[-43.54396,-18.05224],[-43.54554,-18.05368],[-43.54511,-18.05534],[-43.54054,-18.05677],[-43.54003,-18.05962],[-43.5401,-18.06094],[-43.5416,-18.0631],[-43.54245,-18.06582],[-43.54326,-18.06625],[-43.54444,-18.06576],[-43.54685,-18.06824],[-43.54652,-18.07083],[-43.54391,-18.07535],[-43.54392,-18.07895],[-43.54447,-18.07988],[-43.54577,-18.08008],[-43.54615,-18.08154],[-43.54567,-18.08291],[-43.54339,-18.08526],[-43.54543,-18.08636],[-43.54514,-18.08769],[-43.54727,-18.08919],[-43.54759,-18.09052],[-43.54957,-18.09108],[-43.55052,-18.09252],[-43.54938,-18.09285],[-43.54849,-18.09506],[-43.54942,-18.09641],[-43.54918,-18.09735],[-43.55095,-18.09915],[-43.55214,-18.09952],[-43.53906,-18.10921],[-43.5399,-18.10926],[-43.53994,-18.11211],[-43.54304,-18.11352],[-43.54372,-18.11465],[-43.54493,-18.11429],[-43.54588,-18.1155],[-43.54716,-18.11586],[-43.54806,-18.11519],[-43.55003,-18.11552],[-43.55257,-18.11792],[-43.527,-18.12239],[-43.51662,-18.12702],[-43.51366,-18.13722],[-43.51259,-18.13899],[-43.51097,-18.14056],[-43.5048,-18.14144],[-43.5042,-18.142],[-43.50469,-18.14511],[-43.50323,-18.14696],[-43.50361,-18.14814],[-43.50297,-18.14924],[-43.50298,-18.15116],[-43.50406,-18.15211],[-43.50443,-18.15389],[-43.50277,-18.15758],[-43.50337,-18.15931],[-43.5022,-18.16097],[-43.50456,-18.16344],[-43.50408,-18.16506],[-43.50458,-18.16809],[-43.50884,-18.16962],[-43.51139,-18.17291],[-43.51867,-18.17842],[-43.52211,-18.18477],[-43.52372,-18.18428],[-43.52487,-18.18032],[-43.53311,-18.17934],[-43.53892,-18.18347],[-43.5442,-18.18036],[-43.54479,-18.181],[-43.54483,-18.183],[-43.54628,-18.18383],[-43.55282,-18.18147],[-43.55519,-18.1812],[-43.5569,-18.17987],[-43.5562,-18.16596],[-43.56327,-18.16033],[-43.57575,-18.16297],[-43.57305,-18.16421],[-43.57326,-18.16725],[-43.5725,-18.16754],[-43.57129,-18.17097],[-43.57049,-18.17136],[-43.57057,-18.17272],[-43.56944,-18.17496],[-43.56884,-18.18157],[-43.56752,-18.18176],[-43.56699,-18.18472],[-43.56965,-18.18679],[-43.57043,-18.18979],[-43.57246,-18.19059],[-43.57252,-18.19298],[-43.57547,-18.19491],[-43.57975,-18.20097],[-43.57995,-18.20239],[-43.5824,-18.20638],[-43.5878,-18.2056],[-43.59064,-18.20768],[-43.59516,-18.20912],[-43.59522,-18.21644],[-43.59884,-18.21718],[-43.60654,-18.2221],[-43.60681,-18.22908],[-43.61011,-18.22371],[-43.61273,-18.22364],[-43.61485,-18.22085],[-43.6172,-18.2198],[-43.61957,-18.22193],[-43.6202,-18.21905],[-43.62222,-18.21571],[-43.62143,-18.21357],[-43.62226,-18.21087],[-43.62501,-18.20994],[-43.62553,-18.20758],[-43.62739,-18.20736],[-43.62798,-18.20554],[-43.62962,-18.20469],[-43.62866,-18.20378],[-43.62913,-18.20279],[-43.62884,-18.20059],[-43.62727,-18.19897],[-43.62772,-18.1983],[-43.62862,-18.19845],[-43.63013,-18.19415],[-43.63463,-18.18603],[-43.6337,-18.18549],[-43.63394,-18.18424],[-43.63594,-18.17927],[-43.64095,-18.17492],[-43.64265,-18.17474],[-43.64634,-18.17613],[-43.64676,-18.17571],[-43.64534,-18.17119],[-43.64596,-18.16828],[-43.6454,-18.16579],[-43.64605,-18.16397],[-43.64563,-18.16133],[-43.64701,-18.15887],[-43.6474,-18.15378],[-43.64894,-18.1518],[-43.64875,-18.14825],[-43.64968,-18.14711],[-43.65137,-18.14731],[-43.65362,-18.14444],[-43.65399,-18.14201],[-43.65615,-18.13884],[-43.65626,-18.13661],[-43.65737,-18.13381],[-43.65968,-18.13162],[-43.6604,-18.12669],[-43.66148,-18.12512],[-43.66128,-18.12399],[-43.65887,-18.12271],[-43.66018,-18.11949],[-43.65858,-18.11868],[-43.65782,-18.11661],[-43.65657,-18.11585],[-43.65573,-18.11842],[-43.65196,-18.12],[-43.65084,-18.12144],[-43.65074,-18.12307],[-43.64831,-18.12598],[-43.6347,-18.15243],[-43.63129,-18.15431],[-43.61465,-18.14503],[-43.6159,-18.14369],[-43.61812,-18.14426],[-43.62126,-18.14267],[-43.62334,-18.14288],[-43.62512,-18.14042],[-43.62717,-18.14101],[-43.62877,-18.14073],[-43.63544,-18.13356],[-43.63467,-18.13154],[-43.63543,-18.12955],[-43.63481,-18.12858],[-43.63582,-18.12479],[-43.63554,-18.12123],[-43.63645,-18.11858],[-43.63822,-18.11623],[-43.6374,-18.11111],[-43.63594,-18.10901],[-43.63658,-18.10789],[-43.63557,-18.10378],[-43.63545,-18.10112]]]}},{"type":"Feature","properties":{"nome_uc":"Botumirim","categoria":"PAR"},"geometry":{"type":"Polygon","coordinates":[[[-43.03345,-17.05306],[-43.03097,-17.05465],[-43.03145,-17.05531],[-43.03119,-17.05898],[-43.03355,-17.05958],[-43.0335,-17.06132],[-43.036,-17.06189],[-43.03729,-17.06344],[-43.03757,-17.0676],[-43.03879,-17.06967],[-43.04089,-17.06912],[-43.04175,-17.06958],[-43.04178,-17.07058],[-43.04436,-17.06933],[-43.04674,-17.06933],[-43.04678,-17.07034],[-43.05288,-17.0746],[-43.06177,-17.08307],[-43.06161,-17.09117],[-43.06478,-17.09226],[-43.05833,-17.09255],[-43.0575,-17.09358],[-43.05639,-17.09359],[-43.0541,-17.09194],[-43.05365,-17.09322],[-43.05274,-17.09276],[-43.05054,-17.09384],[-43.05072,-17.0952],[-43.04961,-17.09601],[-43.04935,-17.09786],[-43.05156,-17.10083],[-43.05114,-17.10222],[-43.05379,-17.10332],[-43.05509,-17.10602],[-43.05674,-17.10569],[-43.0582,-17.10627],[-43.05853,-17.10736],[-43.06073,-17.10637],[-43.06253,-17.10681],[-43.06266,-17.10728],[-43.06096,-17.10838],[-43.05865,-17.10864],[-43.05882,-17.11056],[-43.05761,-17.11199],[-43.05618,-17.11297],[-43.05536,-17.11263],[-43.05364,-17.11332],[-43.0539,-17.11393],[-43.05319,-17.11477],[-43.0541,-17.11825],[-43.05501,-17.11943],[-43.05743,-17.12017],[-43.05928,-17.12],[-43.05951,-17.12241],[-43.062,-17.12379],[-43.06215,-17.12632],[-43.06514,-17.12732],[-43.06775,-17.12992],[-43.06251,-17.14437],[-43.06881,-17.14494],[-43.07337,-17.14899],[-43.07261,-17.14966],[-43.07215,-17.15169],[-43.06819,-17.14838],[-43.06712,-17.14955],[-43.06504,-17.14789],[-43.06058,-17.14882],[-43.05652,-17.15412],[-43.05563,-17.15923],[-43.04992,-17.15643],[-43.04565,-17.15906],[-43.04341,-17.16153],[-43.04233,-17.17311],[-43.03909,-17.17718],[-43.03596,-17.17923],[-43.03448,-17.18391],[-43.03303,-17.18578],[-43.03312,-17.18806],[-43.03198,-17.18931],[-43.03542,-17.19381],[-43.03653,-17.19774],[-43.03992,-17.19772],[-43.05222,-17.20697],[-43.054,-17.20714],[-43.05665,-17.20987],[-43.05787,-17.21019],[-43.06017,-17.21412],[-43.06195,-17.21558],[-43.06659,-17.224],[-43.06944,-17.22544],[-43.07043,-17.22468],[-43.07022,-17.22283],[-43.06781,-17.21807],[-43.07146,-17.21502],[-43.07246,-17.21541],[-43.07461,-17.21472],[-43.07486,-17.21538],[-43.07653,-17.21482],[-43.07702,-17.21628],[-43.07978,-17.21511],[-43.08085,-17.21573],[-43.08198,-17.21492],[-43.08651,-17.21763],[-43.08814,-17.21556],[-43.08822,-17.21395],[-43.09055,-17.21374],[-43.09213,-17.21284],[-43.0918,-17.21203],[-43.09282,-17.20877],[-43.09542,-17.20599],[-43.09862,-17.20543],[-43.10114,-17.20397],[-43.10189,-17.2048],[-43.10338,-17.20445],[-43.10415,-17.20301],[-43.10544,-17.20235],[-43.10495,-17.20142],[-43.1055,-17.20017],[-43.10708,-17.19792],[-43.10857,-17.19694],[-43.10963,-17.19494],[-43.10776,-17.18659],[-43.10758,-17.18101],[-43.10815,-17.17934],[-43.10933,-17.17744],[-43.11089,-17.17742],[-43.11372,-17.1758],[-43.11989,-17.1717],[-43.12059,-17.1705],[-43.11689,-17.16757],[-43.11698,-17.16422],[-43.11406,-17.16407],[-43.11412,-17.16059],[-43.11641,-17.15827],[-43.12042,-17.15553],[-43.12363,-17.1557],[-43.12589,-17.15488],[-43.13333,-17.14843],[-43.13976,-17.1455],[-43.14603,-17.14562],[-43.15025,-17.14495],[-43.15134,-17.14595],[-43.15521,-17.14634],[-43.15921,-17.14797],[-43.16245,-17.14723],[-43.16839,-17.14789],[-43.17011,-17.14699],[-43.17102,-17.14525],[-43.17777,-17.14478],[-43.17838,-17.14315],[-43.18074,-17.14165],[-43.18205,-17.13944],[-43.18193,-17.13588],[-43.18295,-17.13339],[-43.18279,-17.13096],[-43.18137,-17.12781],[-43.17896,-17.12441],[-43.17794,-17.12403],[-43.17764,-17.12264],[-43.17372,-17.12027],[-43.17294,-17.11291],[-43.17075,-17.11072],[-43.16674,-17.10843],[-43.16116,-17.10665],[-43.15525,-17.10767],[-43.15099,-17.10911],[-43.14359,-17.10519],[-43.142,-17.10602],[-43.14084,-17.10874],[-43.13821,-17.10282],[-43.13269,-17.09928],[-43.13141,-17.10096],[-43.13184,-17.1042],[-43.12971,-17.10506],[-43.1309,-17.10621],[-43.12912,-17.10676],[-43.1232,-17.111],[-43.12125,-17.1113],[-43.11933,-17.11586],[-43.11483,-17.11525],[-43.11535,-17.11367],[-43.11275,-17.11313],[-43.11052,-17.11103],[-43.11,-17.11128],[-43.11037,-17.1127],[-43.10503,-17.11315],[-43.10541,-17.11392],[-43.10446,-17.11468],[-43.10501,-17.11566],[-43.10595,-17.11657],[-43.10809,-17.11682],[-43.10951,-17.11803],[-43.10841,-17.11901],[-43.10697,-17.11883],[-43.10604,-17.12091],[-43.10618,-17.12326],[-43.1107,-17.13205],[-43.09353,-17.13342],[-43.09273,-17.12657],[-43.09545,-17.12082],[-43.09784,-17.11848],[-43.0923,-17.11165],[-43.08977,-17.11117],[-43.08937,-17.1096],[-43.09226,-17.10833],[-43.09011,-17.10668],[-43.09065,-17.1031],[-43.08987,-17.1018],[-43.08945,-17.09762],[-43.08871,-17.09608],[-43.0888,-17.09293],[-43.09163,-17.08625],[-43.09036,-17.08563],[-43.09517,-17.06849],[-43.09292,-17.06379],[-43.08936,-17.06214],[-43.08368,-17.06205],[-43.08649,-17.05865],[-43.08823,-17.05251],[-43.08593,-17.05094],[-43.08256,-17.05221],[-43.08103,-17.04462],[-43.08409,-17.03682],[-43.08914,-17.03157],[-43.08992,-17.01453],[-43.08652,-17.00303],[-43.08168,-17.00332],[-43.08095,-17.00156],[-43.08438,-16.9997],[-43.08506,-16.99131],[-43.08204,-16.98729],[-43.07932,-16.98887],[-43.07555,-16.99251],[-43.06932,-16.99366],[-43.06857,-16.99904],[-43.07032,-17.00107],[-43.06941,-17.00236],[-43.07082,-17.00335],[-43.06581,-17.00688],[-43.06253,-17.00833],[-43.06058,-17.0085],[-43.05864,-17.01081],[-43.05661,-17.00986],[-43.05543,-17.01088],[-43.04753,-17.00916],[-43.04612,-17.00961],[-43.04547,-17.00513],[-43.0388,-17.00388],[-43.0397,-17.00158],[-43.04099,-17.00065],[-43.04118,-16.99742],[-43.04604,-16.9948],[-43.04797,-16.99491],[-43.05253,-16.99173],[-43.05802,-16.99174],[-43.06409,-16.98447],[-43.06502,-16.98426],[-43.06425,-16.98321],[-43.0681,-16.97833],[-43.0685,-16.97197],[-43.06641,-16.9648],[-43.06946,-16.95554],[-43.06917,-16.95079],[-43.06756,-16.94435],[-43.06791,-16.93277],[-43.06564,-16.93124],[-43.06656,-16.92618],[-43.06556,-16.92414],[-43.06731,-16.91915],[-43.06657,-16.91095],[-43.06422,-16.89951],[-43.06471,-16.89199],[-43.06749,-16.88502],[-43.06739,-16.88036],[-43.06537,-16.87927],[-43.06528,-16.87498],[-43.06423,-16.8736],[-43.06164,-16.87286],[-43.06195,-16.87134],[-43.06105,-16.87026],[-43.06392,-16.86641],[-43.06413,-16.8621],[-43.06678,-16.85888],[-43.07367,-16.85603],[-43.07593,-16.85805],[-43.07805,-16.8569],[-43.0768,-16.84828],[-43.07783,-16.84223],[-43.08009,-16.83919],[-43.07989,-16.83675],[-43.07839,-16.83409],[-43.07477,-16.83209],[-43.07081,-16.82636],[-43.0641,-16.82446],[-43.06217,-16.82316],[-43.06171,-16.82011],[-43.05445,-16.81696],[-43.05267,-16.81774],[-43.04897,-16.82958],[-43.04551,-16.83064],[-43.04497,-16.82857],[-43.0418,-16.8324],[-43.03928,-16.83844],[-43.03972,-16.83989],[-43.03456,-16.83913],[-43.03043,-16.8397],[-43.03004,-16.84231],[-43.02884,-16.84449],[-43.02903,-16.85047],[-43.02676,-16.85501],[-43.02767,-16.85614],[-43.03,-16.85459],[-43.03232,-16.8542],[-43.03771,-16.85735],[-43.03736,-16.86196],[-43.03587,-16.86315],[-43.03554,-16.86473],[-43.03612,-16.86525],[-43.03692,-16.86474],[-43.03859,-16.86595],[-43.03827,-16.86924],[-43.03726,-16.87028],[-43.0383,-16.87409],[-43.03786,-16.87638],[-43.03615,-16.8781],[-43.03145,-16.87944],[-43.0307,-16.88047],[-43.03033,-16.88271],[-43.03107,-16.8839],[-43.03005,-16.88639],[-43.02855,-16.88548],[-43.02758,-16.88359],[-43.02543,-16.88494],[-43.02267,-16.88841],[-43.02308,-16.89071],[-43.02003,-16.89038],[-43.01813,-16.88781],[-43.01681,-16.88712],[-43.01565,-16.88748],[-43.0146,-16.88398],[-43.01113,-16.88152],[-43.00942,-16.88202],[-43.00737,-16.88112],[-43.00303,-16.87723],[-43.00132,-16.87767],[-42.99951,-16.87585],[-42.99567,-16.8746],[-42.99422,-16.87644],[-42.99261,-16.87739],[-42.992,-16.87688],[-42.99186,-16.87836],[-42.98854,-16.87902],[-42.98765,-16.87976],[-42.98791,-16.88176],[-42.98706,-16.88232],[-42.98776,-16.88364],[-42.98717,-16.88782],[-42.98312,-16.89495],[-42.98206,-16.89339],[-42.97492,-16.88929],[-42.96762,-16.88726],[-42.96424,-16.8893],[-42.96341,-16.89229],[-42.96255,-16.89273],[-42.96198,-16.89214],[-42.95965,-16.89433],[-42.95741,-16.89963],[-42.95612,-16.89926],[-42.95554,-16.90082],[-42.95425,-16.89996],[-42.95256,-16.90077],[-42.95173,-16.89975],[-42.95007,-16.90016],[-42.94943,-16.89923],[-42.9475,-16.90058],[-42.94982,-16.90174],[-42.95,-16.90317],[-42.95173,-16.90455],[-42.95423,-16.90506],[-42.95515,-16.90686],[-42.95665,-16.90679],[-42.95846,-16.91202],[-42.95736,-16.91405],[-42.96152,-16.91638],[-42.96378,-16.91637],[-42.96127,-16.91805],[-42.96384,-16.91864],[-42.96481,-16.92357],[-42.95778,-16.93233],[-42.9512,-16.93792],[-42.95808,-16.9407],[-42.95865,-16.93953],[-42.95835,-16.93869],[-42.96068,-16.93586],[-42.96301,-16.93619],[-42.9662,-16.9379],[-42.96598,-16.94896],[-42.96463,-16.95593],[-42.95681,-16.96344],[-42.95694,-16.96629],[-42.9607,-16.96556],[-42.96267,-16.96622],[-42.96373,-16.96741],[-42.96535,-16.96547],[-42.96719,-16.96494],[-42.96911,-16.96137],[-42.96991,-16.96192],[-42.9743,-16.96217],[-42.97641,-16.96626],[-42.97967,-16.96642],[-42.98071,-16.96749],[-42.98289,-16.96713],[-42.98398,-16.96811],[-42.98219,-16.96967],[-42.98267,-16.971],[-42.98204,-16.97123],[-42.9818,-16.97253],[-42.9803,-16.97359],[-42.97884,-16.97371],[-42.97745,-16.97272],[-42.97591,-16.97336],[-42.97363,-16.97533],[-42.97376,-16.97671],[-42.97223,-16.97891],[-42.96921,-16.97927],[-42.96723,-16.98174],[-42.96734,-16.98744],[-42.96389,-16.99169],[-42.96189,-16.99225],[-42.96035,-16.99351],[-42.95768,-16.99397],[-42.95537,-16.99408],[-42.95269,-16.99248],[-42.94977,-16.99367],[-42.94881,-16.99318],[-42.94881,-16.99469],[-42.94722,-16.99691],[-42.94728,-17.00039],[-42.94809,-17.00142],[-42.94712,-17.00527],[-42.95011,-17.0072],[-42.94452,-17.01371],[-42.94516,-17.0142],[-42.94432,-17.01546],[-42.94546,-17.016],[-42.94891,-17.01463],[-42.9488,-17.01742],[-42.95094,-17.01757],[-42.95017,-17.01866],[-42.95074,-17.02107],[-42.95269,-17.02228],[-42.95422,-17.0249],[-42.95766,-17.02413],[-42.95907,-17.0307],[-42.96055,-17.03114],[-42.96311,-17.02913],[-42.96383,-17.02934],[-42.96763,-17.02785],[-42.96774,-17.02593],[-42.96697,-17.02424],[-42.96946,-17.02155],[-42.9709,-17.02349],[-42.96989,-17.02606],[-42.9714,-17.03159],[-42.97155,-17.0349],[-42.97091,-17.03751],[-42.9749,-17.03995],[-42.97584,-17.04449],[-42.97745,-17.0454],[-42.97938,-17.04518],[-42.97938,-17.04358],[-42.98171,-17.04255],[-42.98167,-17.03595],[-42.97673,-17.03479],[-42.97504,-17.03329],[-42.98091,-17.02727],[-42.98273,-17.03173],[-42.98538,-17.03015],[-42.99258,-17.0292],[-42.99465,-17.0268],[-42.99923,-17.02747],[-43.00179,-17.02394],[-43.0054,-17.02335],[-43.00682,-17.02223],[-43.00853,-17.02291],[-43.00936,-17.02447],[-43.00882,-17.02699],[-43.00778,-17.02787],[-43.00874,-17.03061],[-43.01234,-17.03],[-43.01565,-17.03123],[-43.01944,-17.02787],[-43.01917,-17.02562],[-43.01523,-17.0209],[-43.01787,-17.01615],[-43.01989,-17.0181],[-43.01931,-17.02043],[-43.02001,-17.02269],[-43.02267,-17.02371],[-43.02562,-17.02275],[-43.02525,-17.01983],[-43.02988,-17.02047],[-43.03002,-17.02524],[-43.02738,-17.02843],[-43.02913,-17.02953],[-43.02952,-17.03107],[-43.02891,-17.03253],[-43.02997,-17.03467],[-43.03166,-17.03623],[-43.03623,-17.03584],[-43.03636,-17.03667],[-43.03604,-17.045],[-43.03426,-17.04734],[-43.03345,-17.05306]]]}},{"type":"Feature","properties":{"nome_uc":"Cachoeira das Andorinhas","categoria":"APA"},"geometry":{"type":"Polygon","coordinates":[[[-43.61825,-20.1937],[-43.61025,-20.19748],[-43.60654,-20.20294],[-43.5925,-20.21047],[-43.58801,-20.21476],[-43.5861,-20.21541],[-43.58395,-20.21738],[-43.58213,-20.21805],[-43.57993,-20.21755],[-43.57916,-20.21949],[-43.56356,-20.23287],[-43.55541,-20.2379],[-43.55428,-20.23835],[-43.55226,-20.23765],[-43.55127,-20.23918],[-43.54784,-20.24048],[-43.54433,-20.24467],[-43.54239,-20.25144],[-43.53466,-20.25698],[-43.53221,-20.26007],[-43.53292,-20.26079],[-43.53256,-20.26176],[-43.52972,-20.26467],[-43.52742,-20.26832],[-43.5269,-20.27026],[-43.52726,-20.27099],[-43.52209,-20.28022],[-43.5222,-20.2821],[-43.52064,-20.28719],[-43.52081,-20.28877],[-43.517,-20.2933],[-43.51635,-20.29654],[-43.51301,-20.30143],[-43.5109,-20.30782],[-43.5073,-20.30991],[-43.50211,-20.319],[-43.49911,-20.32275],[-43.49615,-20.32928],[-43.49106,-20.33534],[-43.48575,-20.33549],[-43.48114,-20.33863],[-43.47649,-20.34361],[-43.47233,-20.34653],[-43.4679,-20.35118],[-43.46666,-20.35374],[-43.46432,-20.35521],[-43.46341,-20.35707],[-43.46109,-20.35895],[-43.46078,-20.36089],[-43.46279,-20.36324],[-43.46457,-20.3698],[-43.4699,-20.37064],[-43.47231,-20.3729],[-43.4748,-20.3728],[-43.48107,-20.37608],[-43.48577,-20.37599],[-43.49314,-20.37717],[-43.49722,-20.37634],[-43.50077,-20.37653],[-43.50865,-20.37142],[-43.51349,-20.36968],[-43.52192,-20.36463],[-43.52774,-20.36471],[-43.53094,-20.36636],[-43.54173,-20.36772],[-43.54913,-20.3674],[-43.55374,-20.36612],[-43.55633,-20.36608],[-43.56028,-20.36426],[-43.56812,-20.36274],[-43.57601,-20.35876],[-43.5819,-20.35828],[-43.58655,-20.35918],[-43.59109,-20.35842],[-43.59454,-20.35698],[-43.59735,-20.35677],[-43.59859,-20.35558],[-43.59949,-20.35243],[-43.60215,-20.34995],[-43.60815,-20.34907],[-43.60973,-20.34341],[-43.60952,-20.34043],[-43.60914,-20.33896],[-43.60612,-20.33493],[-43.60337,-20.3283],[-43.60422,-20.32609],[-43.60293,-20.32396],[-43.60272,-20.32084],[-43.60918,-20.31684],[-43.6113,-20.31328],[-43.61644,-20.30856],[-43.61644,-20.30759],[-43.61503,-20.30711],[-43.61438,-20.30614],[-43.61647,-20.30234],[-43.61632,-20.30099],[-43.61721,-20.29865],[-43.62032,-20.29641],[-43.62011,-20.29406],[-43.62175,-20.29256],[-43.62111,-20.29093],[-43.61916,-20.28924],[-43.61903,-20.28816],[-43.62109,-20.28276],[-43.62033,-20.27995],[-43.62264,-20.27702],[-43.62142,-20.27499],[-43.62166,-20.27324],[-43.62282,-20.272],[-43.62195,-20.26925],[-43.6228,-20.26751],[-43.62034,-20.26533],[-43.61918,-20.25964],[-43.62186,-20.25722],[-43.62152,-20.25416],[-43.62306,-20.25213],[-43.62564,-20.25493],[-43.62432,-20.25635],[-43.62623,-20.25618],[-43.62772,-20.25477],[-43.63093,-20.25569],[-43.63163,-20.24938],[-43.63208,-20.2493],[-43.63315,-20.25181],[-43.63394,-20.25193],[-43.63527,-20.25158],[-43.63563,-20.24988],[-43.63648,-20.24933],[-43.63585,-20.25384],[-43.63641,-20.25443],[-43.63757,-20.25428],[-43.64072,-20.24966],[-43.64291,-20.24899],[-43.64146,-20.24774],[-43.64199,-20.24629],[-43.64517,-20.24521],[-43.64462,-20.24359],[-43.64692,-20.24405],[-43.64892,-20.24229],[-43.6504,-20.24207],[-43.65206,-20.24078],[-43.65332,-20.2377],[-43.65322,-20.23581],[-43.6515,-20.23175],[-43.65135,-20.22799],[-43.6505,-20.22555],[-43.64543,-20.22097],[-43.63714,-20.22005],[-43.63359,-20.21525],[-43.6311,-20.21365],[-43.6306,-20.21094],[-43.62897,-20.20931],[-43.62392,-20.21118],[-43.62149,-20.21103],[-43.62052,-20.21019],[-43.61768,-20.20414],[-43.61523,-20.20305],[-43.61659,-20.2014],[-43.61912,-20.20014],[-43.62031,-20.19843],[-43.61983,-20.19534],[-43.61825,-20.1937]]]}},{"type":"Feature","properties":{"nome_uc":"Caminho dos Gerais","categoria":"PAR"},"geometry":{"type":"Polygon","coordinates":[[[-43.00311,-14.81199],[-43.00166,-14.83019],[-42.95943,-14.83857],[-42.94455,-14.84693],[-42.94358,-14.85519],[-42.87306,-14.83042],[-42.83329,-14.83178],[-42.8361,-14.8601],[-42.85337,-14.8696],[-42.90135,-14.89961],[-43.01374,-15.00778],[-43.01143,-15.02233],[-42.99744,-15.06125],[-43.00383,-15.07813],[-43.0004,-15.08012],[-43.01095,-15.12629],[-43.01365,-15.13566],[-42.9955,-15.176],[-42.99505,-15.1877],[-42.95795,-15.20916],[-42.95042,-15.21436],[-42.97239,-15.20932],[-42.99049,-15.20596],[-42.99952,-15.2154],[-43.00173,-15.21534],[-42.99621,-15.22859],[-42.99203,-15.23157],[-43.00147,-15.25416],[-43.00303,-15.27223],[-43.02536,-15.29199],[-43.02764,-15.30216],[-43.03064,-15.30036],[-43.07245,-15.18047],[-43.10125,-15.06601],[-43.10605,-15.06269],[-43.10939,-15.04078],[-43.10872,-15.03947],[-43.09866,-15.04157],[-43.0904,-15.03047],[-43.08065,-15.01064],[-43.0704,-15.00045],[-43.07039,-14.99044],[-43.07688,-14.96449],[-43.07041,-14.96045],[-43.06041,-14.94046],[-43.07041,-14.94045],[-43.07038,-14.92042],[-43.0804,-14.90046],[-43.08421,-14.89661],[-43.10172,-14.89326],[-43.10238,-14.88546],[-43.09929,-14.87838],[-43.0769,-14.87579],[-43.04989,-14.84293],[-43.00664,-14.81405],[-43.00552,-14.81256],[-43.00311,-14.81199]]]}},{"type":"Feature","properties":{"nome_uc":"Campos Altos","categoria":"PAR"},"geometry":{"type":"Polygon","coordinates":[[[-46.10593,-19.72968],[-46.10718,-19.73032],[-46.10694,-19.73116],[-46.10779,-19.73168],[-46.10658,-19.73256],[-46.10742,-19.73228],[-46.10795,-19.73319],[-46.1065,-19.73297],[-46.10562,-19.73511],[-46.1076,-19.73531],[-46.10757,-19.73447],[-46.10977,-19.73448],[-46.11011,-19.73548],[-46.11098,-19.73494],[-46.11096,-19.73566],[-46.11319,-19.7361],[-46.11276,-19.73633],[-46.11341,-19.73688],[-46.11228,-19.73767],[-46.11337,-19.73796],[-46.11377,-19.73996],[-46.11484,-19.74003],[-46.11401,-19.74118],[-46.11498,-19.74251],[-46.11817,-19.74045],[-46.11853,-19.74114],[-46.1208,-19.74083],[-46.12142,-19.74133],[-46.12165,-19.74041],[-46.12266,-19.74013],[-46.12225,-19.74078],[-46.12304,-19.74129],[-46.12378,-19.7396],[-46.12525,-19.74002],[-46.12497,-19.73916],[-46.12648,-19.73631],[-46.12938,-19.73475],[-46.13146,-19.73556],[-46.13341,-19.73471],[-46.13549,-19.73566],[-46.13303,-19.7338],[-46.1367,-19.73248],[-46.1376,-19.73082],[-46.14043,-19.72921],[-46.13964,-19.72577],[-46.14043,-19.72368],[-46.14224,-19.72352],[-46.14214,-19.72218],[-46.1435,-19.72105],[-46.14326,-19.71991],[-46.14052,-19.71401],[-46.13587,-19.71516],[-46.13678,-19.71199],[-46.13603,-19.70984],[-46.13469,-19.71001],[-46.13503,-19.71092],[-46.13371,-19.71125],[-46.13385,-19.71224],[-46.13235,-19.71293],[-46.13209,-19.71426],[-46.13114,-19.71435],[-46.13202,-19.71475],[-46.12932,-19.71517],[-46.12976,-19.71596],[-46.12902,-19.71674],[-46.12855,-19.7163],[-46.12846,-19.71915],[-46.12707,-19.72082],[-46.12696,-19.7185],[-46.123,-19.7177],[-46.12259,-19.71508],[-46.12196,-19.71489],[-46.12074,-19.71591],[-46.12039,-19.71556],[-46.11644,-19.71712],[-46.10778,-19.72234],[-46.10541,-19.72284],[-46.10404,-19.72247],[-46.10396,-19.7236],[-46.10469,-19.7242],[-46.10346,-19.72424],[-46.10335,-19.72468],[-46.10435,-19.72436],[-46.10568,-19.72556],[-46.10617,-19.72326],[-46.1069,-19.72348],[-46.10695,-19.72451],[-46.10915,-19.72518],[-46.10971,-19.72336],[-46.11135,-19.72585],[-46.11043,-19.72567],[-46.11068,-19.72649],[-46.10898,-19.72687],[-46.1084,-19.72797],[-46.1085,-19.72921],[-46.10907,-19.72844],[-46.10958,-19.72871],[-46.10909,-19.7294],[-46.10651,-19.72922],[-46.10593,-19.72968]]]}},{"type":"Feature","properties":{"nome_uc":"Cerca Grande","categoria":"PAR"},"geometry":{"type":"Polygon","coordinates":[[[-44.00572,-19.51803],[-44.00456,-19.51662],[-44.00324,-19.51679],[-44.0004,-19.51954],[-44.00043,-19.52132],[-43.99979,-19.52198],[-44.00046,-19.52394],[-43.99994,-19.52556],[-43.99896,-19.52597],[-43.99936,-19.5277],[-43.99795,-19.52803],[-43.99725,-19.52756],[-43.99551,-19.52831],[-43.99559,-19.53076],[-43.99937,-19.53126],[-44.00464,-19.52968],[-44.0049,-19.53206],[-44.00396,-19.53295],[-44.00482,-19.53373],[-44.00642,-19.53394],[-44.00746,-19.53165],[-44.00991,-19.53276],[-44.01048,-19.53059],[-44.00974,-19.52862],[-44.00757,-19.52742],[-44.00552,-19.52339],[-44.00609,-19.52052],[-44.00482,-19.51907],[-44.00572,-19.51803]]]}},{"type":"Feature","properties":{"nome_uc":"Cercadinho","categoria":"ESEC"},"geometry":{"type":"Polygon","coordinates":[[[-43.96197,-19.98243],[-43.9618,-19.98104],[-43.96076,-19.98208],[-43.95915,-19.9814],[-43.95874,-19.97934],[-43.9595,-19.9743],[-43.95928,-19.97296],[-43.95842,-19.97326],[-43.958,-19.97276],[-43.9583,-19.97162],[-43.95906,-19.97145],[-43.95832,-19.97095],[-43.95513,-19.97075],[-43.95295,-19.9728],[-43.94666,-19.97658],[-43.94729,-19.97788],[-43.94598,-19.97809],[-43.94498,-19.97993],[-43.94926,-19.9837],[-43.94961,-19.98719],[-43.9504,-19.98863],[-43.95535,-19.99116],[-43.95607,-19.98729],[-43.9583,-19.9884],[-43.96048,-19.98591],[-43.96197,-19.98243]]]}},{"type":"Feature","properties":{"nome_uc":"Cochá e Gibão","categoria":"APA"},"geometry":{"type":"MultiPolygon","coordinates":[[[[-45.61157,-14.99737],[-45.61121,-14.99762],[-45.61088,-14.99851],[-45.61149,-14.99816],[-45.61157,-14.99737]]],[[[-45.06886,-15.07816],[-45.07184,-15.08059],[-45.07192,-15.08218],[-45.07427,-15.08121],[-45.07736,-15.08307],[-45.0806,-15.08357],[-45.08388,-15.08395],[-45.08577,-15.083],[-45.08682,-15.08128],[-45.08994,-15.08211],[-45.09198,-15.08398],[-45.09441,-15.08502],[-45.09782,-15.08269],[-45.10057,-15.08201],[-45.10096,-15.0786],[-45.10233,-15.07711],[-45.10343,-15.07796],[-45.10433,-15.07752],[-45.10497,-15.07569],[-45.10608,-15.07537],[-45.10961,-15.07131],[-45.11051,-15.06915],[-45.10992,-15.06769],[-45.11103,-15.06469],[-45.11303,-15.06213],[-45.11766,-15.05922],[-45.11845,-15.0577],[-45.1189,-15.05523],[-45.1185,-15.05406],[-45.11941,-15.04994],[-45.12226,-15.0427],[-45.12165,-15.0418],[-45.12209,-15.04113],[-45.12568,-15.04176],[-45.12669,-15.04109],[-45.13098,-15.0438],[-45.1317,-15.04525],[-45.13361,-15.04525],[-45.13499,-15.04694],[-45.13876,-15.0465],[-45.13935,-15.04941],[-45.14128,-15.0533],[-45.14247,-15.05417],[-45.14212,-15.05478],[-45.14264,-15.05581],[-45.14379,-15.05743],[-45.14434,-15.05685],[-45.14603,-15.05804],[-45.14651,-15.06027],[-45.14556,-15.06172],[-45.14601,-15.06354],[-45.14543,-15.06455],[-45.1464,-15.06701],[-45.14581,-15.06818],[-45.14625,-15.06967],[-45.14813,-15.07045],[-45.14854,-15.07161],[-45.15,-15.0714],[-45.15117,-15.07337],[-45.15324,-15.07499],[-45.15577,-15.07404],[-45.15703,-15.07486],[-45.15735,-15.07626],[-45.15642,-15.07659],[-45.15912,-15.07878],[-45.16029,-15.07644],[-45.16468,-15.07514],[-45.16684,-15.07355],[-45.16845,-15.0737],[-45.16835,-15.07213],[-45.16644,-15.07107],[-45.16642,-15.06802],[-45.16709,-15.06657],[-45.1697,-15.06499],[-45.17005,-15.06373],[-45.17235,-15.06505],[-45.1737,-15.06215],[-45.17419,-15.05809],[-45.17496,-15.05766],[-45.17655,-15.05838],[-45.17963,-15.05671],[-45.18125,-15.05805],[-45.18416,-15.058],[-45.18518,-15.05731],[-45.18512,-15.05497],[-45.18384,-15.05208],[-45.18538,-15.0501],[-45.18563,-15.04843],[-45.18852,-15.05067],[-45.18856,-15.05256],[-45.19052,-15.05244],[-45.19181,-15.05425],[-45.19246,-15.05354],[-45.1925,-15.05174],[-45.19503,-15.05184],[-45.19527,-15.04912],[-45.1961,-15.04919],[-45.19755,-15.05067],[-45.19787,-15.05216],[-45.19693,-15.05358],[-45.19889,-15.05441],[-45.20001,-15.05359],[-45.20247,-15.05592],[-45.20401,-15.0549],[-45.20514,-15.05501],[-45.2064,-15.05335],[-45.20526,-15.0496],[-45.20735,-15.04796],[-45.20962,-15.04759],[-45.21209,-15.04891],[-45.21192,-15.04631],[-45.21415,-15.04648],[-45.2141,-15.04576],[-45.2178,-15.04248],[-45.22006,-15.04363],[-45.22109,-15.04308],[-45.22242,-15.03998],[-45.22355,-15.04008],[-45.22568,-15.03849],[-45.2276,-15.03927],[-45.22927,-15.03885],[-45.22955,-15.03949],[-45.23143,-15.03937],[-45.23391,-15.04114],[-45.23555,-15.04109],[-45.23767,-15.0428],[-45.2377,-15.0443],[-45.2405,-15.04541],[-45.24162,-15.04449],[-45.24167,-15.043],[-45.24287,-15.04166],[-45.24361,-15.04176],[-45.24425,-15.04052],[-45.24559,-15.03992],[-45.24781,-15.04076],[-45.24911,-15.04042],[-45.25059,-15.04319],[-45.25237,-15.04423],[-45.25201,-15.04566],[-45.2532,-15.04713],[-45.25311,-15.04865],[-45.25496,-15.04957],[-45.25378,-15.05115],[-45.25238,-15.05146],[-45.25303,-15.05317],[-45.25549,-15.05251],[-45.25723,-15.05346],[-45.25837,-15.0553],[-45.25988,-15.05529],[-45.26086,-15.05919],[-45.26264,-15.06098],[-45.26481,-15.06016],[-45.26547,-15.0608],[-45.26472,-15.06397],[-45.26684,-15.06527],[-45.26683,-15.06644],[-45.26844,-15.06827],[-45.27145,-15.0698],[-45.27267,-15.07173],[-45.27477,-15.07131],[-45.27722,-15.07417],[-45.27809,-15.07387],[-45.28032,-15.07562],[-45.28163,-15.0755],[-45.28236,-15.07468],[-45.28428,-15.07664],[-45.28611,-15.07694],[-45.28849,-15.07541],[-45.28931,-15.07407],[-45.29273,-15.07617],[-45.29717,-15.0758],[-45.29886,-15.07645],[-45.29947,-15.07492],[-45.30152,-15.0747],[-45.30219,-15.07403],[-45.3045,-15.07517],[-45.30651,-15.07381],[-45.30915,-15.0736],[-45.31173,-15.0709],[-45.31277,-15.07102],[-45.31385,-15.07374],[-45.31265,-15.07608],[-45.31316,-15.07699],[-45.31455,-15.07687],[-45.31445,-15.0785],[-45.31516,-15.07971],[-45.3173,-15.07894],[-45.32008,-15.08017],[-45.32119,-15.08136],[-45.32191,-15.08371],[-45.32483,-15.08519],[-45.32548,-15.0868],[-45.32686,-15.0876],[-45.32637,-15.0884],[-45.32707,-15.08931],[-45.33018,-15.09177],[-45.33116,-15.09497],[-45.33035,-15.09602],[-45.33064,-15.09831],[-45.33587,-15.09577],[-45.33888,-15.09767],[-45.34205,-15.09856],[-45.34686,-15.10315],[-45.3471,-15.10422],[-45.34941,-15.10523],[-45.34921,-15.10723],[-45.35069,-15.11023],[-45.35275,-15.11152],[-45.35608,-15.11176],[-45.35775,-15.11119],[-45.36044,-15.11171],[-45.36077,-15.11357],[-45.362,-15.11349],[-45.36505,-15.11494],[-45.36698,-15.11863],[-45.37015,-15.12001],[-45.37188,-15.1246],[-45.3764,-15.12453],[-45.37793,-15.12539],[-45.37965,-15.12472],[-45.38628,-15.12451],[-45.38791,-15.12521],[-45.38716,-15.12702],[-45.38807,-15.1284],[-45.38889,-15.12851],[-45.38739,-15.129],[-45.38756,-15.13088],[-45.39022,-15.13461],[-45.39032,-15.13548],[-45.38966,-15.13598],[-45.39124,-15.13676],[-45.39084,-15.13849],[-45.38929,-15.14038],[-45.38903,-15.14205],[-45.38715,-15.14415],[-45.38666,-15.14596],[-45.38821,-15.1498],[-45.38749,-15.15251],[-45.38847,-15.15912],[-45.39048,-15.16033],[-45.39341,-15.16386],[-45.39332,-15.16697],[-45.3952,-15.1716],[-45.39979,-15.17433],[-45.40194,-15.17382],[-45.40521,-15.17427],[-45.40765,-15.17545],[-45.41154,-15.17822],[-45.41215,-15.1801],[-45.4153,-15.183],[-45.41548,-15.18564],[-45.41485,-15.18755],[-45.41535,-15.18912],[-45.41454,-15.19017],[-45.41457,-15.19385],[-45.41679,-15.19965],[-45.4191,-15.20202],[-45.4189,-15.20424],[-45.42207,-15.20494],[-45.42352,-15.20442],[-45.42609,-15.20536],[-45.42788,-15.20999],[-45.43053,-15.21109],[-45.43245,-15.21355],[-45.43456,-15.2146],[-45.4367,-15.21448],[-45.43704,-15.21532],[-45.43855,-15.21515],[-45.44003,-15.2161],[-45.44133,-15.21494],[-45.44234,-15.21666],[-45.4447,-15.21809],[-45.44616,-15.21797],[-45.45152,-15.21993],[-45.45284,-15.21947],[-45.45325,-15.21858],[-45.45613,-15.21951],[-45.4614,-15.22355],[-45.47002,-15.21988],[-45.47082,-15.2185],[-45.4703,-15.21615],[-45.468,-15.21389],[-45.46338,-15.21096],[-45.46069,-15.2069],[-45.45433,-15.20332],[-45.45051,-15.20208],[-45.44836,-15.20007],[-45.44372,-15.19283],[-45.44345,-15.186],[-45.44243,-15.18281],[-45.44015,-15.17953],[-45.44135,-15.16914],[-45.44061,-15.16627],[-45.43852,-15.16277],[-45.43513,-15.16288],[-45.43162,-15.16169],[-45.4288,-15.15962],[-45.42478,-15.15779],[-45.41987,-15.15386],[-45.41869,-15.14639],[-45.41923,-15.14503],[-45.42108,-15.14338],[-45.42359,-15.14267],[-45.42583,-15.13823],[-45.43258,-15.13367],[-45.44282,-15.12933],[-45.45027,-15.12789],[-45.45681,-15.12192],[-45.4604,-15.12075],[-45.46805,-15.11673],[-45.47607,-15.10432],[-45.48346,-15.10171],[-45.48816,-15.09896],[-45.49002,-15.09853],[-45.49157,-15.09605],[-45.49226,-15.09131],[-45.4955,-15.08815],[-45.49555,-15.08559],[-45.49779,-15.08081],[-45.4983,-15.07699],[-45.50016,-15.07219],[-45.5007,-15.06655],[-45.50317,-15.0651],[-45.50403,-15.06105],[-45.50749,-15.05281],[-45.50854,-15.0524],[-45.50966,-15.05077],[-45.50966,-15.04897],[-45.51166,-15.04783],[-45.51275,-15.04633],[-45.51458,-15.04615],[-45.51728,-15.04708],[-45.51878,-15.04524],[-45.52029,-15.04525],[-45.52193,-15.04421],[-45.52464,-15.04097],[-45.52602,-15.04084],[-45.52772,-15.04188],[-45.52799,-15.04045],[-45.5273,-15.03866],[-45.52913,-15.03905],[-45.53212,-15.03839],[-45.53269,-15.03761],[-45.53217,-15.03563],[-45.53256,-15.03425],[-45.53561,-15.03391],[-45.53647,-15.03241],[-45.53841,-15.03387],[-45.54142,-15.03397],[-45.54234,-15.03492],[-45.54422,-15.03522],[-45.54545,-15.03311],[-45.54898,-15.03353],[-45.55027,-15.03123],[-45.55013,-15.02941],[-45.55116,-15.02854],[-45.55459,-15.02862],[-45.55632,-15.02929],[-45.55972,-15.02695],[-45.56683,-15.0262],[-45.56993,-15.02766],[-45.57242,-15.02656],[-45.57569,-15.02837],[-45.57761,-15.02863],[-45.57872,-15.03008],[-45.57838,-15.03195],[-45.5797,-15.03342],[-45.58371,-15.03327],[-45.58736,-15.03441],[-45.5894,-15.03326],[-45.59405,-15.03258],[-45.59526,-15.03118],[-45.59811,-15.02983],[-45.60109,-15.02993],[-45.60633,-15.02891],[-45.60747,-15.02817],[-45.61017,-15.02887],[-45.61207,-15.02862],[-45.61226,-15.02774],[-45.6186,-15.02412],[-45.61977,-15.02212],[-45.62041,-15.01885],[-45.61717,-15.01783],[-45.61677,-15.01389],[-45.61181,-15.00962],[-45.61103,-15.00776],[-45.60968,-15.00754],[-45.60983,-15.00636],[-45.609,-15.00643],[-45.60939,-15.00221],[-45.6105,-15.00101],[-45.60894,-14.99999],[-45.6104,-14.99865],[-45.60953,-14.99775],[-45.60933,-14.99556],[-45.60833,-14.99905],[-45.6054,-14.99967],[-45.60493,-14.99603],[-45.60184,-14.99642],[-45.60049,-14.99573],[-45.60286,-14.99166],[-45.60314,-14.98986],[-45.59464,-14.9842],[-45.59418,-14.9832],[-45.59463,-14.97941],[-45.59346,-14.97529],[-45.59278,-14.97838],[-45.58981,-14.97739],[-45.58778,-14.97806],[-45.58651,-14.97775],[-45.58584,-14.97669],[-45.58863,-14.97535],[-45.58886,-14.97406],[-45.58279,-14.96868],[-45.57868,-14.96777],[-45.57643,-14.96487],[-45.57501,-14.9643],[-45.57383,-14.96231],[-45.57213,-14.96155],[-45.56884,-14.95748],[-45.56649,-14.95578],[-45.56748,-14.95435],[-45.56775,-14.94615],[-45.56717,-14.94482],[-45.56534,-14.94354],[-45.56081,-14.94307],[-45.55677,-14.94344],[-45.55366,-14.94496],[-45.55183,-14.94368],[-45.55169,-14.94033],[-45.5495,-14.93931],[-45.54697,-14.93833],[-45.5437,-14.94018],[-45.54104,-14.94061],[-45.5359,-14.93758],[-45.53119,-14.94053],[-45.52949,-14.94332],[-45.52628,-14.94395],[-45.52564,-14.946],[-45.52687,-14.9476],[-45.52687,-14.94854],[-45.52419,-14.95034],[-45.52004,-14.95105],[-45.52152,-14.95292],[-45.52104,-14.95371],[-45.51777,-14.95247],[-45.51424,-14.95426],[-45.51346,-14.95357],[-45.51279,-14.95094],[-45.51197,-14.95083],[-45.51118,-14.95194],[-45.50991,-14.95151],[-45.50822,-14.94857],[-45.5016,-14.94892],[-45.49982,-14.94696],[-45.49846,-14.94651],[-45.49562,-14.94972],[-45.4955,-14.95099],[-45.49426,-14.95217],[-45.494,-14.95333],[-45.49248,-14.95467],[-45.49216,-14.95903],[-45.48786,-14.9613],[-45.48635,-14.9602],[-45.48307,-14.95955],[-45.48245,-14.9581],[-45.4833,-14.95696],[-45.48218,-14.95543],[-45.47814,-14.956],[-45.47755,-14.95361],[-45.4734,-14.95266],[-45.47102,-14.95034],[-45.46827,-14.95028],[-45.46671,-14.9511],[-45.46384,-14.94911],[-45.45844,-14.95473],[-45.45711,-14.95481],[-45.45445,-14.95362],[-45.45401,-14.95223],[-45.45513,-14.94905],[-45.45335,-14.94827],[-45.44866,-14.94391],[-45.44863,-14.94163],[-45.45108,-14.93999],[-45.45079,-14.93896],[-45.44822,-14.93927],[-45.44478,-14.93567],[-45.44141,-14.93506],[-45.43983,-14.92896],[-45.4371,-14.92617],[-45.43364,-14.92115],[-45.42997,-14.92],[-45.42658,-14.92063],[-45.42448,-14.92221],[-45.42556,-14.92444],[-45.42532,-14.92531],[-45.42151,-14.92693],[-45.41796,-14.92493],[-45.41448,-14.92511],[-45.41231,-14.9239],[-45.41125,-14.92397],[-45.40846,-14.92072],[-45.40629,-14.92092],[-45.40413,-14.91756],[-45.40095,-14.91865],[-45.39991,-14.91844],[-45.39642,-14.91545],[-45.3933,-14.91085],[-45.38731,-14.90612],[-45.38371,-14.9013],[-45.38219,-14.89798],[-45.37975,-14.89779],[-45.37424,-14.89322],[-45.3718,-14.89459],[-45.3705,-14.89388],[-45.36867,-14.88948],[-45.37027,-14.88788],[-45.36995,-14.88519],[-45.3725,-14.88432],[-45.3727,-14.88347],[-45.37168,-14.88064],[-45.36853,-14.87954],[-45.36666,-14.87751],[-45.36553,-14.87321],[-45.36381,-14.87148],[-45.36281,-14.87139],[-45.36342,-14.87332],[-45.36019,-14.87688],[-45.35779,-14.877],[-45.35552,-14.87813],[-45.35423,-14.87645],[-45.35237,-14.87663],[-45.35163,-14.87593],[-45.35275,-14.87354],[-45.34965,-14.86824],[-45.35062,-14.86635],[-45.35157,-14.86666],[-45.35327,-14.86474],[-45.35308,-14.86388],[-45.34882,-14.86263],[-45.34694,-14.86323],[-45.34594,-14.86425],[-45.34457,-14.86436],[-45.34242,-14.86345],[-45.34119,-14.86214],[-45.33997,-14.86249],[-45.33833,-14.86184],[-45.33447,-14.85908],[-45.33367,-14.85901],[-45.33251,-14.86023],[-45.3309,-14.86014],[-45.32718,-14.85622],[-45.32463,-14.85537],[-45.32272,-14.85182],[-45.32031,-14.85277],[-45.31641,-14.85103],[-45.31528,-14.84891],[-45.31508,-14.84633],[-45.31113,-14.84203],[-45.31218,-14.83912],[-45.31221,-14.8369],[-45.31527,-14.83639],[-45.31667,-14.83426],[-45.31697,-14.83198],[-45.31597,-14.8335],[-45.31225,-14.83378],[-45.3128,-14.8353],[-45.31158,-14.83675],[-45.30799,-14.83693],[-45.30307,-14.82928],[-45.29571,-14.82789],[-45.29321,-14.82874],[-45.28834,-14.83286],[-45.28557,-14.83316],[-45.28436,-14.83177],[-45.28455,-14.83044],[-45.28963,-14.82749],[-45.29049,-14.82642],[-45.28922,-14.82395],[-45.2874,-14.82321],[-45.28668,-14.82196],[-45.28895,-14.82061],[-45.28913,-14.81875],[-45.28707,-14.81759],[-45.28177,-14.81767],[-45.28023,-14.81595],[-45.28034,-14.81508],[-45.2793,-14.81513],[-45.27708,-14.81278],[-45.27508,-14.81198],[-45.27265,-14.80816],[-45.27154,-14.8036],[-45.27181,-14.80071],[-45.271,-14.79852],[-45.26955,-14.80105],[-45.26473,-14.80358],[-45.26221,-14.8014],[-45.26221,-14.7992],[-45.25993,-14.79773],[-45.26039,-14.79596],[-45.25956,-14.79078],[-45.25785,-14.78889],[-45.25547,-14.78726],[-45.25338,-14.78692],[-45.25205,-14.7855],[-45.24724,-14.78376],[-45.24643,-14.78524],[-45.24521,-14.78545],[-45.24355,-14.78771],[-45.24274,-14.78771],[-45.24105,-14.78566],[-45.24106,-14.78379],[-45.23977,-14.78176],[-45.23591,-14.77818],[-45.23202,-14.77584],[-45.22938,-14.76529],[-45.2219,-14.76291],[-45.22152,-14.76217],[-45.22268,-14.76135],[-45.22243,-14.76061],[-45.21825,-14.75983],[-45.21829,-14.75886],[-45.21676,-14.75932],[-45.21705,-14.75531],[-45.21369,-14.75382],[-45.20965,-14.75042],[-45.2056,-14.74503],[-45.20468,-14.74625],[-45.20311,-14.74661],[-45.20153,-14.74519],[-45.20074,-14.74531],[-45.20058,-14.74602],[-45.2019,-14.74806],[-45.19802,-14.74872],[-45.1979,-14.75055],[-45.19707,-14.75008],[-45.19732,-14.74897],[-45.1967,-14.7478],[-45.19611,-14.74911],[-45.19281,-14.75019],[-45.19074,-14.74921],[-45.18997,-14.74309],[-45.18831,-14.74242],[-45.1864,-14.74437],[-45.18209,-14.74465],[-45.1779,-14.74114],[-45.17625,-14.74182],[-45.17477,-14.74151],[-45.17368,-14.73914],[-45.17409,-14.73679],[-45.17336,-14.73566],[-45.17046,-14.73385],[-45.16605,-14.73345],[-45.16425,-14.73266],[-45.16455,-14.73364],[-45.1661,-14.73359],[-45.16684,-14.73422],[-45.16725,-14.73574],[-45.16669,-14.73638],[-45.16405,-14.73675],[-45.1616,-14.73892],[-45.15919,-14.73955],[-45.15749,-14.74126],[-45.156,-14.74138],[-45.15514,-14.74077],[-45.15537,-14.74222],[-45.15469,-14.74268],[-45.15126,-14.74272],[-45.15027,-14.74384],[-45.14704,-14.74347],[-45.14492,-14.74445],[-45.1419,-14.74352],[-45.14168,-14.74579],[-45.13831,-14.74782],[-45.1319,-14.74862],[-45.12855,-14.74774],[-45.12644,-14.74562],[-45.12595,-14.74695],[-45.12661,-14.74805],[-45.12604,-14.74834],[-45.12391,-14.74738],[-45.12138,-14.74871],[-45.11746,-14.74761],[-45.11262,-14.75],[-45.10816,-14.751],[-45.1041,-14.75042],[-45.09954,-14.75114],[-45.09928,-14.75241],[-45.09629,-14.75375],[-45.09462,-14.75329],[-45.09085,-14.75037],[-45.08793,-14.75043],[-45.08597,-14.74917],[-45.08355,-14.74975],[-45.08189,-14.74683],[-45.07769,-14.74466],[-45.07641,-14.74215],[-45.073,-14.73944],[-45.07136,-14.73642],[-45.0691,-14.73565],[-45.06769,-14.73304],[-45.06522,-14.73197],[-45.06524,-14.72824],[-45.06263,-14.72616],[-45.06031,-14.71789],[-45.05743,-14.71339],[-45.05595,-14.70834],[-45.05405,-14.70591],[-45.05392,-14.69933],[-45.05083,-14.69732],[-45.04896,-14.69517],[-45.04648,-14.68938],[-45.04568,-14.68884],[-45.04428,-14.69063],[-45.04433,-14.69121],[-45.04564,-14.69161],[-45.04603,-14.69288],[-45.04577,-14.69473],[-45.04487,-14.69543],[-45.04326,-14.69458],[-45.04116,-14.69087],[-45.03838,-14.68995],[-45.03856,-14.68849],[-45.0401,-14.68686],[-45.03774,-14.68579],[-45.03892,-14.68341],[-45.03995,-14.68288],[-45.03966,-14.68021],[-45.03642,-14.68037],[-45.03419,-14.6791],[-45.03299,-14.67704],[-45.02959,-14.67654],[-45.02745,-14.67512],[-45.02447,-14.6762],[-45.02356,-14.67729],[-45.01867,-14.67687],[-45.01788,-14.67431],[-45.01181,-14.67025],[-45.00951,-14.66722],[-45.00716,-14.66578],[-45.00308,-14.66785],[-44.99965,-14.6687],[-44.99494,-14.66751],[-44.99321,-14.6649],[-44.99396,-14.66365],[-44.99319,-14.66233],[-44.99417,-14.66173],[-44.99575,-14.662],[-44.99746,-14.66094],[-44.99497,-14.65805],[-44.99334,-14.65997],[-44.99047,-14.65937],[-44.98766,-14.6596],[-44.98654,-14.66198],[-44.9846,-14.66165],[-44.98151,-14.65742],[-44.98327,-14.65255],[-44.98291,-14.65175],[-44.98147,-14.65199],[-44.9789,-14.65067],[-44.97464,-14.65306],[-44.97367,-14.65292],[-44.97322,-14.65203],[-44.9742,-14.64786],[-44.97618,-14.64714],[-44.97699,-14.64511],[-44.97845,-14.64548],[-44.97979,-14.64448],[-44.98011,-14.64409],[-44.97948,-14.64312],[-44.97495,-14.64177],[-44.97204,-14.63848],[-44.96896,-14.63837],[-44.96666,-14.63753],[-44.9652,-14.63559],[-44.96256,-14.63404],[-44.96143,-14.6317],[-44.96015,-14.63088],[-44.95918,-14.63163],[-44.95764,-14.63544],[-44.95508,-14.63774],[-44.95413,-14.63768],[-44.95407,-14.63326],[-44.94979,-14.63071],[-44.94835,-14.63084],[-44.9464,-14.6321],[-44.94611,-14.62911],[-44.94255,-14.62953],[-44.94243,-14.62707],[-44.94135,-14.6276],[-44.93803,-14.62659],[-44.9321,-14.62378],[-44.93028,-14.62186],[-44.92658,-14.6206],[-44.92131,-14.62028],[-44.91989,-14.62079],[-44.91839,-14.6191],[-44.9165,-14.61942],[-44.91682,-14.61511],[-44.91594,-14.61401],[-44.91366,-14.61297],[-44.90799,-14.6132],[-44.90639,-14.61153],[-44.90735,-14.6075],[-44.90969,-14.60477],[-44.90987,-14.60365],[-44.90906,-14.60311],[-44.90298,-14.60509],[-44.89653,-14.60553],[-44.89346,-14.60263],[-44.89198,-14.59896],[-44.89031,-14.59706],[-44.88754,-14.59579],[-44.88314,-14.59575],[-44.88072,-14.59497],[-44.87791,-14.59538],[-44.87722,-14.59416],[-44.87717,-14.59179],[-44.87531,-14.59145],[-44.87642,-14.59295],[-44.87644,-14.5954],[-44.87795,-14.5968],[-44.8773,-14.59772],[-44.87635,-14.59733],[-44.87624,-14.59885],[-44.87484,-14.59842],[-44.87261,-14.59478],[-44.86862,-14.59243],[-44.86995,-14.58968],[-44.86712,-14.58759],[-44.86106,-14.57845],[-44.85748,-14.58025],[-44.85479,-14.57746],[-44.84987,-14.57673],[-44.8451,-14.58004],[-44.84257,-14.58031],[-44.84354,-14.57506],[-44.84251,-14.56698],[-44.84394,-14.56477],[-44.84636,-14.5651],[-44.84671,-14.56598],[-44.84583,-14.56949],[-44.84698,-14.57304],[-44.84795,-14.57389],[-44.84943,-14.56936],[-44.85165,-14.56827],[-44.85466,-14.57123],[-44.858,-14.5711],[-44.85317,-14.56741],[-44.85403,-14.56241],[-44.85275,-14.56182],[-44.84907,-14.5624],[-44.84815,-14.56029],[-44.84618,-14.55832],[-44.84552,-14.55559],[-44.84573,-14.54762],[-44.84765,-14.54671],[-44.84476,-14.54346],[-44.84134,-14.54187],[-44.83936,-14.53959],[-44.83599,-14.53998],[-44.83352,-14.54133],[-44.83068,-14.54186],[-44.82851,-14.53946],[-44.82454,-14.53937],[-44.82296,-14.53683],[-44.82295,-14.53549],[-44.82402,-14.53392],[-44.82923,-14.53187],[-44.83061,-14.53201],[-44.83104,-14.53401],[-44.83372,-14.53461],[-44.83181,-14.53188],[-44.83116,-14.52659],[-44.83221,-14.52405],[-44.83405,-14.52375],[-44.83353,-14.52163],[-44.83549,-14.51885],[-44.83551,-14.5179],[-44.83423,-14.51748],[-44.8324,-14.51796],[-44.83035,-14.51994],[-44.8294,-14.52002],[-44.828,-14.51881],[-44.82293,-14.51751],[-44.82177,-14.5146],[-44.82317,-14.5114],[-44.82644,-14.51129],[-44.82989,-14.51029],[-44.83084,-14.50847],[-44.8346,-14.50536],[-44.83469,-14.50412],[-44.83299,-14.50123],[-44.83269,-14.49894],[-44.82755,-14.49858],[-44.82531,-14.50115],[-44.82211,-14.5032],[-44.82053,-14.49992],[-44.81965,-14.49942],[-44.81861,-14.50259],[-44.81678,-14.50434],[-44.81295,-14.50403],[-44.80879,-14.50074],[-44.80859,-14.49709],[-44.81139,-14.4938],[-44.81628,-14.49315],[-44.81727,-14.49045],[-44.81655,-14.48918],[-44.80764,-14.49239],[-44.80523,-14.49564],[-44.80305,-14.49653],[-44.80024,-14.49646],[-44.79709,-14.49532],[-44.7943,-14.49539],[-44.79259,-14.49432],[-44.79316,-14.49186],[-44.79278,-14.48935],[-44.79345,-14.48809],[-44.79273,-14.48685],[-44.78808,-14.48753],[-44.78662,-14.48711],[-44.78261,-14.48436],[-44.78097,-14.48135],[-44.78021,-14.48176],[-44.77972,-14.48106],[-44.77865,-14.48159],[-44.77686,-14.48095],[-44.77358,-14.48101],[-44.77031,-14.47721],[-44.76829,-14.4759],[-44.76748,-14.47585],[-44.76596,-14.47707],[-44.76309,-14.47744],[-44.75945,-14.47366],[-44.75856,-14.47433],[-44.75797,-14.47707],[-44.75643,-14.47758],[-44.755,-14.47626],[-44.75299,-14.47261],[-44.74972,-14.4717],[-44.74862,-14.47075],[-44.74853,-14.46461],[-44.7469,-14.46227],[-44.74459,-14.46557],[-44.74055,-14.46618],[-44.74141,-14.46712],[-44.74152,-14.47147],[-44.73978,-14.47812],[-44.73454,-14.48568],[-44.73055,-14.49975],[-44.73288,-14.50693],[-44.73334,-14.51169],[-44.73799,-14.51746],[-44.74354,-14.52909],[-44.75017,-14.5365],[-44.75115,-14.53919],[-44.75098,-14.54412],[-44.75037,-14.54541],[-44.74348,-14.55262],[-44.7342,-14.5665],[-44.73483,-14.57527],[-44.73465,-14.58664],[-44.73826,-14.5955],[-44.73821,-14.59801],[-44.73684,-14.60111],[-44.73627,-14.6074],[-44.73807,-14.61376],[-44.74064,-14.61895],[-44.74146,-14.62421],[-44.7409,-14.62518],[-44.68888,-14.62561],[-44.68965,-14.62669],[-44.68916,-14.62796],[-44.69082,-14.62813],[-44.69242,-14.63051],[-44.69923,-14.62826],[-44.70539,-14.62971],[-44.70666,-14.63251],[-44.71,-14.63543],[-44.71261,-14.63668],[-44.713,-14.63866],[-44.71388,-14.63974],[-44.71663,-14.6411],[-44.71693,-14.64255],[-44.71816,-14.64325],[-44.71869,-14.64477],[-44.72014,-14.6449],[-44.72444,-14.64763],[-44.72559,-14.65271],[-44.72738,-14.65267],[-44.73125,-14.65714],[-44.73467,-14.65914],[-44.73445,-14.66123],[-44.73603,-14.66106],[-44.73719,-14.66186],[-44.73911,-14.66194],[-44.73953,-14.6638],[-44.74162,-14.66533],[-44.74394,-14.6692],[-44.74714,-14.67049],[-44.75014,-14.67307],[-44.75206,-14.67644],[-44.7539,-14.67657],[-44.75458,-14.6758],[-44.75548,-14.67591],[-44.75755,-14.68002],[-44.76326,-14.68166],[-44.76374,-14.68288],[-44.76476,-14.68291],[-44.76572,-14.68519],[-44.76929,-14.68712],[-44.77162,-14.68945],[-44.77356,-14.68997],[-44.77402,-14.69088],[-44.77499,-14.6909],[-44.7751,-14.68995],[-44.77605,-14.68997],[-44.77729,-14.6915],[-44.77732,-14.69249],[-44.77919,-14.69253],[-44.78504,-14.69649],[-44.78569,-14.69582],[-44.78888,-14.69743],[-44.79111,-14.6953],[-44.7925,-14.69823],[-44.79232,-14.69998],[-44.79304,-14.70067],[-44.79474,-14.7002],[-44.79498,-14.69704],[-44.79672,-14.69641],[-44.79839,-14.69886],[-44.80077,-14.7005],[-44.80005,-14.70221],[-44.80205,-14.70316],[-44.80144,-14.70464],[-44.80264,-14.70659],[-44.80196,-14.70777],[-44.8032,-14.70842],[-44.80347,-14.70932],[-44.80515,-14.70961],[-44.80467,-14.712],[-44.80572,-14.71301],[-44.807,-14.71659],[-44.80918,-14.71717],[-44.81132,-14.7272],[-44.81116,-14.72812],[-44.80923,-14.72958],[-44.80971,-14.73045],[-44.81198,-14.73134],[-44.81289,-14.73273],[-44.81365,-14.73554],[-44.8131,-14.73741],[-44.81357,-14.74042],[-44.81653,-14.74125],[-44.81768,-14.74513],[-44.82112,-14.74752],[-44.81922,-14.74958],[-44.81886,-14.75106],[-44.81991,-14.75227],[-44.82062,-14.75556],[-44.82018,-14.75697],[-44.82102,-14.76111],[-44.82268,-14.76208],[-44.82427,-14.76527],[-44.82649,-14.76475],[-44.82708,-14.76553],[-44.83075,-14.76483],[-44.83156,-14.766],[-44.83286,-14.76606],[-44.83451,-14.76501],[-44.83729,-14.76619],[-44.83913,-14.76848],[-44.83964,-14.77133],[-44.8414,-14.77226],[-44.84175,-14.77456],[-44.84327,-14.7775],[-44.84052,-14.77795],[-44.83642,-14.78176],[-44.83237,-14.78183],[-44.82949,-14.78296],[-44.82344,-14.78968],[-44.82001,-14.79604],[-44.81545,-14.80047],[-44.81256,-14.80238],[-44.8115,-14.80275],[-44.80962,-14.80228],[-44.80548,-14.79928],[-44.80404,-14.79924],[-44.80166,-14.80032],[-44.79971,-14.80312],[-44.79699,-14.8117],[-44.79473,-14.814],[-44.79086,-14.8155],[-44.78465,-14.81639],[-44.77706,-14.81444],[-44.77287,-14.81146],[-44.76219,-14.80009],[-44.75971,-14.79873],[-44.756,-14.79837],[-44.75114,-14.801],[-44.74732,-14.80556],[-44.73842,-14.81196],[-44.73094,-14.81479],[-44.7216,-14.8147],[-44.71661,-14.81708],[-44.71328,-14.82062],[-44.7121,-14.82429],[-44.71205,-14.83447],[-44.71706,-14.83377],[-44.72261,-14.84355],[-44.72321,-14.84558],[-44.72464,-14.8476],[-44.72752,-14.84977],[-44.72749,-14.85146],[-44.73597,-14.8533],[-44.73908,-14.8565],[-44.74261,-14.85611],[-44.74336,-14.85696],[-44.74588,-14.85693],[-44.75129,-14.86074],[-44.75153,-14.86341],[-44.75465,-14.86598],[-44.75527,-14.86874],[-44.75727,-14.87285],[-44.75633,-14.87392],[-44.75621,-14.87518],[-44.75532,-14.87533],[-44.75397,-14.87741],[-44.7542,-14.87989],[-44.75727,-14.88176],[-44.75946,-14.88213],[-44.76442,-14.88461],[-44.76629,-14.88814],[-44.76902,-14.89136],[-44.77179,-14.89343],[-44.77309,-14.89803],[-44.77465,-14.89986],[-44.77542,-14.90223],[-44.77525,-14.90394],[-44.77765,-14.90602],[-44.77997,-14.90674],[-44.78419,-14.90643],[-44.78469,-14.90722],[-44.78407,-14.90819],[-44.78693,-14.9143],[-44.78906,-14.91359],[-44.78983,-14.9159],[-44.79189,-14.91483],[-44.794,-14.9161],[-44.79267,-14.91985],[-44.79511,-14.92417],[-44.79719,-14.92599],[-44.79781,-14.92887],[-44.80047,-14.93118],[-44.80091,-14.93669],[-44.80518,-14.93959],[-44.80524,-14.94212],[-44.80969,-14.94203],[-44.80918,-14.944],[-44.81033,-14.94568],[-44.80807,-14.94643],[-44.80755,-14.94773],[-44.80788,-14.9495],[-44.81141,-14.94816],[-44.813,-14.94932],[-44.80982,-14.95247],[-44.80995,-14.95346],[-44.81219,-14.95527],[-44.81292,-14.95983],[-44.81441,-14.96248],[-44.81459,-14.96475],[-44.81614,-14.96723],[-44.81873,-14.96729],[-44.81861,-14.96885],[-44.82026,-14.96982],[-44.82094,-14.97212],[-44.82373,-14.97255],[-44.82299,-14.97445],[-44.82437,-14.97546],[-44.82361,-14.97864],[-44.82506,-14.98111],[-44.82373,-14.98373],[-44.82383,-14.98605],[-44.82259,-14.98633],[-44.82124,-14.98793],[-44.82193,-14.98973],[-44.82045,-14.99004],[-44.82039,-14.99287],[-44.81583,-14.99239],[-44.81477,-14.99302],[-44.81407,-14.99451],[-44.81522,-14.99529],[-44.81379,-14.99663],[-44.8117,-14.99717],[-44.80832,-14.99592],[-44.80653,-14.99341],[-44.80364,-14.9912],[-44.80169,-14.9911],[-44.80275,-14.99788],[-44.80178,-14.99902],[-44.80874,-15.00219],[-44.81192,-15.0],[-44.81451,-15.00292],[-44.81773,-15.00402],[-44.82025,-15.007],[-44.82604,-15.00609],[-44.82769,-15.00507],[-44.8299,-15.00483],[-44.83061,-15.00347],[-44.83916,-15.00114],[-44.8396,-15.00215],[-44.8385,-15.00469],[-44.83919,-15.00664],[-44.84098,-15.00667],[-44.842,-15.00972],[-44.84471,-15.01257],[-44.84708,-15.01156],[-44.84922,-15.00798],[-44.85127,-15.00693],[-44.85119,-15.00637],[-44.85386,-15.00547],[-44.85554,-15.00627],[-44.85684,-15.00528],[-44.85734,-15.00377],[-44.85894,-15.00351],[-44.86022,-15.00531],[-44.86261,-15.00651],[-44.86537,-15.00673],[-44.8672,-15.00578],[-44.8694,-15.00344],[-44.87801,-15.00118],[-44.88285,-15.00235],[-44.88355,-15.00405],[-44.88556,-15.00489],[-44.88927,-15.00369],[-44.89115,-15.00476],[-44.89337,-15.00432],[-44.89397,-15.00502],[-44.89639,-15.00459],[-44.89922,-15.0052],[-44.89956,-15.00693],[-44.89832,-15.00755],[-44.89948,-15.0089],[-44.89927,-15.01011],[-44.89733,-15.01182],[-44.89708,-15.01319],[-44.89803,-15.01524],[-44.8976,-15.01619],[-44.89824,-15.01766],[-44.89763,-15.02119],[-44.89921,-15.02414],[-44.8993,-15.03081],[-44.9006,-15.03498],[-44.89965,-15.03605],[-44.89484,-15.03792],[-44.89201,-15.03996],[-44.89012,-15.0402],[-44.8878,-15.04342],[-44.8875,-15.04493],[-44.88228,-15.0515],[-44.88298,-15.05321],[-44.88176,-15.05521],[-44.88239,-15.05618],[-44.88038,-15.05939],[-44.88119,-15.06014],[-44.88167,-15.06235],[-44.8833,-15.06236],[-44.88532,-15.06341],[-44.886,-15.06479],[-44.88608,-15.06712],[-44.88403,-15.06859],[-44.88345,-15.06984],[-44.88753,-15.07141],[-44.88858,-15.07289],[-44.8924,-15.07536],[-44.89509,-15.07856],[-44.90332,-15.08175],[-44.90523,-15.0807],[-44.90636,-15.08079],[-44.90685,-15.07961],[-44.90996,-15.07739],[-44.91579,-15.07706],[-44.91882,-15.08016],[-44.92025,-15.07932],[-44.92367,-15.08044],[-44.92643,-15.07995],[-44.92894,-15.07796],[-44.93096,-15.07824],[-44.93404,-15.08096],[-44.93673,-15.08144],[-44.93695,-15.08],[-44.93439,-15.07829],[-44.93235,-15.07543],[-44.93103,-15.07192],[-44.92904,-15.06975],[-44.92921,-15.06762],[-44.92772,-15.06448],[-44.92796,-15.06278],[-44.93094,-15.05877],[-44.93223,-15.05593],[-44.93365,-15.05516],[-44.92956,-15.05186],[-44.92853,-15.05005],[-44.92969,-15.04895],[-44.93005,-15.04713],[-44.9314,-15.04611],[-44.9336,-15.04593],[-44.93687,-15.04816],[-44.94166,-15.04932],[-44.95056,-15.05748],[-44.95605,-15.05917],[-44.95923,-15.06198],[-44.96464,-15.06474],[-44.96638,-15.06455],[-44.96843,-15.06244],[-44.96874,-15.0612],[-44.97096,-15.06111],[-44.97326,-15.05931],[-44.9747,-15.05945],[-44.97613,-15.05826],[-44.97809,-15.05948],[-44.97902,-15.05885],[-44.98181,-15.05958],[-44.98465,-15.06121],[-44.98603,-15.0599],[-44.98803,-15.06129],[-44.98955,-15.06155],[-44.99022,-15.06265],[-44.99243,-15.06289],[-44.99574,-15.06626],[-44.99878,-15.0665],[-45.00346,-15.06939],[-45.00466,-15.0708],[-45.00671,-15.06993],[-45.00891,-15.06995],[-45.00949,-15.06925],[-45.0126,-15.07219],[-45.01675,-15.07384],[-45.0177,-15.07287],[-45.01899,-15.07264],[-45.02033,-15.0709],[-45.0231,-15.07063],[-45.02636,-15.06902],[-45.02831,-15.07008],[-45.02975,-15.07035],[-45.03027,-15.06974],[-45.03267,-15.07125],[-45.03422,-15.0707],[-45.03655,-15.07102],[-45.04015,-15.07326],[-45.04142,-15.07313],[-45.04357,-15.0715],[-45.04631,-15.07092],[-45.05409,-15.07447],[-45.05845,-15.07056],[-45.06145,-15.06912],[-45.06635,-15.07397],[-45.06886,-15.07816]]],[[[-44.94315,-14.62598],[-44.94425,-14.62522],[-44.94567,-14.62377],[-44.94315,-14.62598]]]]}},{"type":"Feature","properties":{"nome_uc":"Corumbá","categoria":"ESEC"},"geometry":{"type":"Polygon","coordinates":[[[-45.61799,-20.30756],[-45.61432,-20.31006],[-45.61448,-20.3116],[-45.61395,-20.31228],[-45.61328,-20.31245],[-45.61308,-20.31123],[-45.61246,-20.31123],[-45.6099,-20.31371],[-45.60928,-20.31501],[-45.60937,-20.318],[-45.60482,-20.31869],[-45.60666,-20.32222],[-45.60742,-20.32176],[-45.6083,-20.32243],[-45.61376,-20.32062],[-45.61881,-20.32386],[-45.62215,-20.32212],[-45.62407,-20.32405],[-45.62451,-20.3229],[-45.62765,-20.32191],[-45.63126,-20.32239],[-45.63403,-20.31734],[-45.63126,-20.31538],[-45.62644,-20.31476],[-45.62484,-20.31515],[-45.62493,-20.31373],[-45.62443,-20.31337],[-45.6252,-20.31096],[-45.62405,-20.31095],[-45.62438,-20.3099],[-45.62383,-20.31012],[-45.62514,-20.30791],[-45.62366,-20.30853],[-45.62223,-20.30724],[-45.61799,-20.30756]]]}},{"type":"Feature","properties":{"nome_uc":"Experiência da Jaguara","categoria":"MONA"},"geometry":{"type":"Polygon","coordinates":[[[-44.01254,-19.4961],[-44.00789,-19.49382],[-44.00497,-19.49556],[-44.00441,-19.49769],[-44.00907,-19.50135],[-44.01254,-19.4961]]]}},{"type":"Feature","properties":{"nome_uc":"Fechos","categoria":"ESEC"},"geometry":{"type":"MultiPolygon","coordinates":[[[[-43.93226,-20.07453],[-43.93114,-20.07672],[-43.93133,-20.0772],[-43.93428,-20.07779],[-43.93156,-20.07755],[-43.93319,-20.07867],[-43.93428,-20.08095],[-43.93514,-20.07819],[-43.93418,-20.07617],[-43.93257,-20.07621],[-43.93314,-20.07546],[-43.93289,-20.07449],[-43.93226,-20.07453]]],[[[-43.93972,-20.07242],[-43.93723,-20.07336],[-43.93664,-20.07249],[-43.9359,-20.07487],[-43.9372,-20.07564],[-43.93575,-20.07631],[-43.93585,-20.07679],[-43.93935,-20.07837],[-43.94428,-20.07865],[-43.94425,-20.07584],[-43.94262,-20.07487],[-43.94196,-20.07324],[-43.93972,-20.07242]]],[[[-43.95109,-20.06964],[-43.94691,-20.06798],[-43.94547,-20.06803],[-43.94352,-20.06912],[-43.94449,-20.07136],[-43.94277,-20.07426],[-43.94451,-20.07569],[-43.94457,-20.07854],[-43.94593,-20.07972],[-43.94762,-20.07942],[-43.9504,-20.07998],[-43.95149,-20.07887],[-43.95367,-20.07867],[-43.95897,-20.07976],[-43.96185,-20.08167],[-43.96216,-20.08228],[-43.96148,-20.08368],[-43.96204,-20.0868],[-43.96316,-20.08681],[-43.96436,-20.08936],[-43.96472,-20.0864],[-43.96391,-20.08583],[-43.96542,-20.08561],[-43.96829,-20.08386],[-43.97712,-20.08392],[-43.98242,-20.07624],[-43.98311,-20.07363],[-43.98266,-20.07057],[-43.98124,-20.06827],[-43.97951,-20.06925],[-43.97696,-20.06508],[-43.9724,-20.06528],[-43.96742,-20.06105],[-43.9635,-20.06301],[-43.95593,-20.06288],[-43.95238,-20.06439],[-43.95245,-20.06909],[-43.95109,-20.06964]]],[[[-43.93146,-20.0749],[-43.93097,-20.0728],[-43.9294,-20.07299],[-43.93079,-20.07642],[-43.93146,-20.0749]]],[[[-43.93397,-20.06842],[-43.93271,-20.0689],[-43.93412,-20.07084],[-43.93439,-20.07355],[-43.93577,-20.07596],[-43.93682,-20.07575],[-43.93555,-20.07498],[-43.93607,-20.07375],[-43.93581,-20.07213],[-43.93699,-20.07196],[-43.93725,-20.07298],[-43.93848,-20.07215],[-43.94019,-20.07205],[-43.93841,-20.07081],[-43.93662,-20.07097],[-43.93397,-20.06842]]]]}},{"type":"Feature","properties":{"nome_uc":"Fernão Dias","categoria":"APA"},"geometry":{"type":"Polygon","coordinates":[[[-46.30548,-22.69111],[-46.30316,-22.68955],[-46.30087,-22.69006],[-46.29693,-22.68985],[-46.29608,-22.69115],[-46.29633,-22.69359],[-46.29497,-22.69444],[-46.29099,-22.69274],[-46.28662,-22.69228],[-46.28521,-22.6899],[-46.28279,-22.68763],[-46.2749,-22.68696],[-46.27259,-22.68491],[-46.2714,-22.68269],[-46.26799,-22.68213],[-46.26591,-22.68041],[-46.26143,-22.67909],[-46.2564,-22.67591],[-46.25227,-22.67022],[-46.24748,-22.66758],[-46.24614,-22.66507],[-46.24114,-22.66504],[-46.23905,-22.66587],[-46.23658,-22.66532],[-46.23439,-22.66296],[-46.2317,-22.65738],[-46.23006,-22.65604],[-46.22064,-22.65357],[-46.21897,-22.65337],[-46.21518,-22.65423],[-46.20867,-22.65266],[-46.20712,-22.65086],[-46.20303,-22.64823],[-46.19952,-22.64287],[-46.1972,-22.64073],[-46.19668,-22.63887],[-46.19334,-22.63361],[-46.19284,-22.62975],[-46.19137,-22.62558],[-46.19087,-22.62521],[-46.18871,-22.62634],[-46.18419,-22.62703],[-46.17605,-22.62662],[-46.17514,-22.62549],[-46.17655,-22.62247],[-46.17989,-22.61991],[-46.17706,-22.61754],[-46.17559,-22.61478],[-46.17368,-22.6143],[-46.17269,-22.61492],[-46.1667,-22.61546],[-46.16284,-22.6171],[-46.16008,-22.61712],[-46.15824,-22.61589],[-46.15747,-22.61197],[-46.15469,-22.61026],[-46.15304,-22.60785],[-46.15231,-22.60832],[-46.1525,-22.6116],[-46.15052,-22.61303],[-46.14904,-22.61576],[-46.14906,-22.61705],[-46.15077,-22.61915],[-46.15063,-22.62225],[-46.14723,-22.6215],[-46.14363,-22.62205],[-46.13985,-22.61901],[-46.13914,-22.61908],[-46.1391,-22.62199],[-46.13835,-22.62314],[-46.13373,-22.62558],[-46.13287,-22.62661],[-46.13319,-22.62887],[-46.13843,-22.6378],[-46.13973,-22.64571],[-46.13907,-22.64708],[-46.13658,-22.64821],[-46.13321,-22.65108],[-46.12767,-22.65365],[-46.12826,-22.65767],[-46.1278,-22.66231],[-46.13064,-22.66322],[-46.13145,-22.66365],[-46.13132,-22.66417],[-46.12296,-22.67097],[-46.11545,-22.67443],[-46.11121,-22.6778],[-46.10636,-22.67932],[-46.10552,-22.68276],[-46.10336,-22.68385],[-46.09863,-22.68809],[-46.09387,-22.68893],[-46.08703,-22.68455],[-46.08063,-22.68481],[-46.0772,-22.68951],[-46.07495,-22.69104],[-46.07205,-22.69192],[-46.06628,-22.69119],[-46.05805,-22.6871],[-46.05234,-22.68817],[-46.05156,-22.687],[-46.0494,-22.68748],[-46.04813,-22.68711],[-46.04657,-22.68818],[-46.04328,-22.68517],[-46.04085,-22.68487],[-46.03971,-22.68404],[-46.03809,-22.68204],[-46.03767,-22.67932],[-46.03464,-22.67993],[-46.03364,-22.67917],[-46.03235,-22.68035],[-46.02581,-22.67993],[-46.0241,-22.67916],[-46.01971,-22.68071],[-46.0194,-22.68383],[-46.017,-22.68679],[-46.01638,-22.68906],[-46.01638,-22.69],[-46.01756,-22.69133],[-46.0164,-22.69211],[-46.01729,-22.69477],[-46.015,-22.69642],[-46.01472,-22.69893],[-46.01362,-22.69996],[-46.00084,-22.6983],[-45.99378,-22.69593],[-45.9871,-22.69495],[-45.98114,-22.6914],[-45.97643,-22.69289],[-45.97644,-22.694],[-45.97413,-22.69601],[-45.96804,-22.69531],[-45.96029,-22.69339],[-45.95942,-22.69241],[-45.95723,-22.68588],[-45.95195,-22.6824],[-45.9463,-22.67655],[-45.94709,-22.67549],[-45.94926,-22.67479],[-45.94992,-22.67305],[-45.94788,-22.66767],[-45.9481,-22.66549],[-45.94685,-22.66454],[-45.94167,-22.66392],[-45.93879,-22.66232],[-45.93794,-22.66096],[-45.93566,-22.65112],[-45.93183,-22.64772],[-45.93274,-22.64497],[-45.93729,-22.64376],[-45.93914,-22.64258],[-45.93937,-22.64033],[-45.93799,-22.63662],[-45.94004,-22.63179],[-45.94766,-22.62835],[-45.94945,-22.62694],[-45.95087,-22.62202],[-45.95246,-22.61971],[-45.9581,-22.61665],[-45.95956,-22.61676],[-45.96179,-22.61812],[-45.96359,-22.61772],[-45.96131,-22.61403],[-45.96186,-22.6094],[-45.96021,-22.60678],[-45.96276,-22.60511],[-45.96322,-22.60325],[-45.96148,-22.60159],[-45.95685,-22.60296],[-45.95417,-22.60214],[-45.95408,-22.60037],[-45.95502,-22.59825],[-45.95443,-22.5966],[-45.9516,-22.5941],[-45.95299,-22.59054],[-45.95104,-22.58748],[-45.94365,-22.58697],[-45.94322,-22.58722],[-45.94393,-22.58912],[-45.94341,-22.5908],[-45.93957,-22.59265],[-45.93622,-22.59707],[-45.93104,-22.59743],[-45.92951,-22.59873],[-45.92875,-22.60037],[-45.92621,-22.60063],[-45.92113,-22.60268],[-45.91648,-22.60294],[-45.91272,-22.59859],[-45.91018,-22.59971],[-45.90832,-22.59967],[-45.9066,-22.60139],[-45.90458,-22.60184],[-45.90265,-22.59964],[-45.90292,-22.59798],[-45.90058,-22.59443],[-45.90111,-22.59364],[-45.90015,-22.59149],[-45.8983,-22.5901],[-45.89752,-22.59152],[-45.89567,-22.59239],[-45.89495,-22.59221],[-45.89451,-22.59058],[-45.89401,-22.59056],[-45.89099,-22.59235],[-45.88876,-22.59255],[-45.88505,-22.59568],[-45.8832,-22.596],[-45.88315,-22.59995],[-45.88523,-22.60066],[-45.88602,-22.60228],[-45.88537,-22.60299],[-45.88588,-22.60398],[-45.88351,-22.60599],[-45.87678,-22.60392],[-45.87074,-22.60466],[-45.86636,-22.60391],[-45.86321,-22.60228],[-45.85676,-22.60117],[-45.85593,-22.60041],[-45.85485,-22.59507],[-45.85358,-22.59446],[-45.85208,-22.59431],[-45.84995,-22.59546],[-45.84621,-22.59577],[-45.84292,-22.59315],[-45.83928,-22.59264],[-45.83348,-22.58414],[-45.82893,-22.58352],[-45.82552,-22.57807],[-45.81603,-22.57759],[-45.81208,-22.58019],[-45.79615,-22.57986],[-45.79045,-22.58083],[-45.78819,-22.58063],[-45.78369,-22.58196],[-45.77958,-22.58209],[-45.7771,-22.58129],[-45.77537,-22.57938],[-45.77063,-22.57789],[-45.77142,-22.57689],[-45.76896,-22.57705],[-45.76714,-22.57631],[-45.76596,-22.57502],[-45.76528,-22.5764],[-45.76415,-22.5764],[-45.76382,-22.57546],[-45.76232,-22.57564],[-45.76078,-22.57397],[-45.75859,-22.57389],[-45.75923,-22.57217],[-45.75717,-22.57078],[-45.75554,-22.57093],[-45.75479,-22.56949],[-45.75347,-22.56915],[-45.75292,-22.56792],[-45.75345,-22.56615],[-45.75249,-22.56553],[-45.75257,-22.56291],[-45.75357,-22.56059],[-45.75435,-22.5602],[-45.75381,-22.55983],[-45.75445,-22.55898],[-45.75377,-22.5584],[-45.75396,-22.5569],[-45.74947,-22.55341],[-45.74261,-22.5556],[-45.73938,-22.55426],[-45.736,-22.55153],[-45.73415,-22.55131],[-45.72565,-22.55449],[-45.72067,-22.55507],[-45.71888,-22.55645],[-45.71484,-22.55345],[-45.70963,-22.55502],[-45.70739,-22.5531],[-45.70663,-22.55159],[-45.69685,-22.54405],[-45.69167,-22.53521],[-45.68822,-22.5344],[-45.68495,-22.53441],[-45.68201,-22.53486],[-45.67889,-22.5362],[-45.6736,-22.53142],[-45.67089,-22.53065],[-45.66672,-22.5312],[-45.65922,-22.53417],[-45.65562,-22.53484],[-45.6509,-22.53449],[-45.64536,-22.5328],[-45.63936,-22.52753],[-45.63279,-22.52381],[-45.62937,-22.5226],[-45.62012,-22.5158],[-45.61745,-22.51527],[-45.60728,-22.51627],[-45.60064,-22.51856],[-45.59775,-22.51804],[-45.59681,-22.51841],[-45.59682,-22.52052],[-45.59625,-22.52119],[-45.59229,-22.52314],[-45.58903,-22.52588],[-45.58173,-22.53562],[-45.57871,-22.53871],[-45.57785,-22.54017],[-45.57796,-22.54305],[-45.57948,-22.54479],[-45.58335,-22.54716],[-45.58504,-22.55202],[-45.58101,-22.55451],[-45.58012,-22.55656],[-45.58022,-22.55799],[-45.5771,-22.56154],[-45.5812,-22.56844],[-45.58159,-22.57349],[-45.58013,-22.57632],[-45.57583,-22.57757],[-45.5697,-22.58188],[-45.56564,-22.59157],[-45.56598,-22.59318],[-45.56732,-22.59499],[-45.57539,-22.60045],[-45.5782,-22.60473],[-45.5846,-22.6072],[-45.58748,-22.61012],[-45.5879,-22.6121],[-45.58463,-22.6145],[-45.58417,-22.61518],[-45.58454,-22.61555],[-45.58688,-22.61638],[-45.58949,-22.61882],[-45.59097,-22.61919],[-45.59881,-22.61848],[-45.60517,-22.62006],[-45.60605,-22.62285],[-45.60809,-22.6234],[-45.60973,-22.62726],[-45.61306,-22.63018],[-45.61455,-22.63411],[-45.61677,-22.63742],[-45.61968,-22.63834],[-45.62513,-22.63878],[-45.63146,-22.64372],[-45.63741,-22.64438],[-45.64026,-22.64551],[-45.64343,-22.64553],[-45.64716,-22.64812],[-45.64956,-22.64793],[-45.65183,-22.64854],[-45.66022,-22.64813],[-45.66481,-22.65121],[-45.66645,-22.65108],[-45.67071,-22.6483],[-45.67204,-22.6469],[-45.67289,-22.64265],[-45.67375,-22.64153],[-45.67855,-22.63897],[-45.68075,-22.63679],[-45.68007,-22.63503],[-45.6735,-22.63046],[-45.67312,-22.62845],[-45.67538,-22.6263],[-45.67538,-22.62561],[-45.67225,-22.62172],[-45.67016,-22.61711],[-45.66566,-22.61269],[-45.66802,-22.60902],[-45.66462,-22.60352],[-45.66497,-22.60119],[-45.66443,-22.59986],[-45.66212,-22.59833],[-45.65898,-22.59811],[-45.6603,-22.59497],[-45.66021,-22.591],[-45.6632,-22.58708],[-45.65973,-22.5804],[-45.65959,-22.57916],[-45.66068,-22.57717],[-45.66338,-22.57635],[-45.66876,-22.57639],[-45.67124,-22.57551],[-45.67468,-22.57552],[-45.67752,-22.57342],[-45.67945,-22.57313],[-45.68799,-22.57937],[-45.69301,-22.58535],[-45.69467,-22.58637],[-45.7008,-22.58532],[-45.70466,-22.58158],[-45.70703,-22.58022],[-45.71196,-22.57969],[-45.71459,-22.57807],[-45.71654,-22.57771],[-45.71762,-22.57892],[-45.7162,-22.58097],[-45.71712,-22.58256],[-45.72064,-22.58577],[-45.7264,-22.58683],[-45.7287,-22.59069],[-45.7276,-22.59441],[-45.7334,-22.59664],[-45.73468,-22.5978],[-45.73471,-22.60378],[-45.73721,-22.60863],[-45.73457,-22.6108],[-45.73024,-22.61203],[-45.72926,-22.61492],[-45.72982,-22.61817],[-45.72813,-22.6202],[-45.72533,-22.62073],[-45.72016,-22.61957],[-45.71721,-22.62039],[-45.713,-22.63023],[-45.70997,-22.63543],[-45.70946,-22.63834],[-45.70761,-22.63988],[-45.70038,-22.64152],[-45.69722,-22.64514],[-45.69693,-22.64758],[-45.69784,-22.64962],[-45.69449,-22.6508],[-45.69389,-22.6519],[-45.69766,-22.65372],[-45.70177,-22.65426],[-45.70436,-22.65527],[-45.70899,-22.65888],[-45.71392,-22.66039],[-45.7163,-22.66205],[-45.72559,-22.6602],[-45.7315,-22.65636],[-45.73466,-22.65676],[-45.73638,-22.65822],[-45.743,-22.65888],[-45.7469,-22.66309],[-45.74713,-22.66693],[-45.74955,-22.66967],[-45.75384,-22.67016],[-45.75618,-22.67133],[-45.75747,-22.67227],[-45.7608,-22.67747],[-45.76903,-22.67876],[-45.77917,-22.68369],[-45.78257,-22.68893],[-45.78746,-22.69335],[-45.79111,-22.69237],[-45.79624,-22.69409],[-45.79863,-22.69559],[-45.80324,-22.69532],[-45.81155,-22.69854],[-45.81701,-22.70906],[-45.81715,-22.71646],[-45.81982,-22.72233],[-45.8191,-22.72398],[-45.81635,-22.72593],[-45.81502,-22.72993],[-45.81025,-22.73235],[-45.80843,-22.73481],[-45.80486,-22.7372],[-45.80078,-22.73861],[-45.7967,-22.7391],[-45.79386,-22.73809],[-45.78952,-22.73464],[-45.78219,-22.73182],[-45.77498,-22.73192],[-45.76993,-22.72699],[-45.76394,-22.72573],[-45.76192,-22.72445],[-45.75988,-22.72193],[-45.75771,-22.72112],[-45.7544,-22.72121],[-45.75168,-22.72243],[-45.74997,-22.72137],[-45.74844,-22.72142],[-45.74674,-22.72275],[-45.7417,-22.72192],[-45.73915,-22.72237],[-45.73678,-22.72122],[-45.73245,-22.72129],[-45.72764,-22.72303],[-45.72656,-22.73222],[-45.72346,-22.73372],[-45.7231,-22.73728],[-45.72125,-22.74234],[-45.71918,-22.74421],[-45.71509,-22.75153],[-45.71651,-22.75271],[-45.71632,-22.75555],[-45.71309,-22.75649],[-45.71187,-22.75796],[-45.71355,-22.76243],[-45.71301,-22.76471],[-45.71223,-22.76527],[-45.71094,-22.77276],[-45.71481,-22.77452],[-45.71559,-22.77579],[-45.71612,-22.77995],[-45.71827,-22.78013],[-45.72151,-22.77918],[-45.72351,-22.77975],[-45.72422,-22.78061],[-45.72376,-22.78338],[-45.72484,-22.78417],[-45.72926,-22.78482],[-45.73628,-22.78786],[-45.73573,-22.789],[-45.73393,-22.78994],[-45.73142,-22.79474],[-45.7297,-22.79645],[-45.72917,-22.79996],[-45.72754,-22.80062],[-45.72468,-22.79998],[-45.72078,-22.80356],[-45.72038,-22.80768],[-45.71755,-22.80862],[-45.71431,-22.80826],[-45.71273,-22.80953],[-45.71226,-22.81218],[-45.71291,-22.81413],[-45.71661,-22.81663],[-45.72072,-22.81554],[-45.72348,-22.8162],[-45.72486,-22.81536],[-45.72614,-22.8111],[-45.72701,-22.81028],[-45.7329,-22.80862],[-45.74193,-22.80749],[-45.74146,-22.80549],[-45.74231,-22.80362],[-45.74153,-22.79895],[-45.74241,-22.79503],[-45.74622,-22.79398],[-45.74834,-22.79176],[-45.75043,-22.79286],[-45.75552,-22.79333],[-45.75779,-22.79629],[-45.75847,-22.8009],[-45.76435,-22.80144],[-45.76773,-22.8025],[-45.77079,-22.80558],[-45.78271,-22.81442],[-45.78434,-22.81542],[-45.78912,-22.81655],[-45.79205,-22.81842],[-45.76903,-22.83069],[-45.76875,-22.83139],[-45.76647,-22.84071],[-45.76684,-22.8427],[-45.76951,-22.84584],[-45.77522,-22.84976],[-45.77869,-22.85006],[-45.78024,-22.85428],[-45.78161,-22.85547],[-45.78599,-22.85651],[-45.78931,-22.8588],[-45.79183,-22.85826],[-45.79176,-22.85625],[-45.79252,-22.85421],[-45.79644,-22.85201],[-45.79848,-22.84905],[-45.80039,-22.84749],[-45.8012,-22.844],[-45.80138,-22.83578],[-45.80215,-22.83389],[-45.80393,-22.83221],[-45.80803,-22.83097],[-45.80913,-22.82906],[-45.81083,-22.82967],[-45.81492,-22.83428],[-45.81597,-22.83389],[-45.81637,-22.83207],[-45.81816,-22.83165],[-45.81939,-22.83035],[-45.82287,-22.82944],[-45.82443,-22.82983],[-45.82471,-22.83268],[-45.82982,-22.83497],[-45.83274,-22.8348],[-45.83511,-22.83206],[-45.83795,-22.83177],[-45.84137,-22.83287],[-45.84723,-22.83682],[-45.8501,-22.84249],[-45.84947,-22.84664],[-45.85002,-22.84784],[-45.85653,-22.84985],[-45.85833,-22.85556],[-45.85703,-22.85782],[-45.8571,-22.86009],[-45.86008,-22.8618],[-45.86093,-22.86477],[-45.86351,-22.86839],[-45.8702,-22.86889],[-45.87076,-22.87083],[-45.87442,-22.87192],[-45.8795,-22.87551],[-45.88877,-22.87549],[-45.88697,-22.8718],[-45.8877,-22.87085],[-45.88903,-22.86413],[-45.88887,-22.86107],[-45.88955,-22.85803],[-45.89038,-22.85755],[-45.89208,-22.85784],[-45.89406,-22.85633],[-45.89216,-22.85343],[-45.89388,-22.8486],[-45.89092,-22.84615],[-45.89048,-22.84501],[-45.89362,-22.84251],[-45.89396,-22.8407],[-45.89338,-22.83867],[-45.89614,-22.83967],[-45.89977,-22.83627],[-45.90113,-22.83592],[-45.90298,-22.83646],[-45.90448,-22.83545],[-45.9087,-22.82856],[-45.90723,-22.82518],[-45.90383,-22.8214],[-45.90386,-22.81935],[-45.90414,-22.81874],[-45.90769,-22.81784],[-45.90892,-22.81688],[-45.91228,-22.81614],[-45.91389,-22.81874],[-45.91994,-22.82193],[-45.92258,-22.82441],[-45.92355,-22.83104],[-45.92433,-22.83225],[-45.92816,-22.8354],[-45.93059,-22.83813],[-45.93128,-22.83994],[-45.93557,-22.84408],[-45.93945,-22.8462],[-45.94303,-22.8452],[-45.95054,-22.84571],[-45.95075,-22.84762],[-45.95642,-22.85058],[-45.958,-22.85405],[-45.95944,-22.85556],[-45.95996,-22.85775],[-45.96063,-22.85772],[-45.96252,-22.85524],[-45.9645,-22.8552],[-45.96708,-22.85896],[-45.97024,-22.86055],[-45.97491,-22.86482],[-45.98287,-22.86798],[-45.99199,-22.86932],[-45.99255,-22.87064],[-45.99059,-22.87335],[-45.99025,-22.87562],[-45.99371,-22.87859],[-45.99868,-22.8784],[-46.0012,-22.87954],[-46.00736,-22.88889],[-46.00868,-22.88886],[-46.01165,-22.8863],[-46.01853,-22.88747],[-46.026,-22.88448],[-46.02872,-22.88504],[-46.03227,-22.88705],[-46.03711,-22.88859],[-46.0417,-22.89093],[-46.04643,-22.89483],[-46.05115,-22.89649],[-46.05623,-22.89591],[-46.06342,-22.89137],[-46.0728,-22.89385],[-46.07362,-22.89301],[-46.07368,-22.891],[-46.07552,-22.89033],[-46.08481,-22.89157],[-46.08943,-22.89484],[-46.09374,-22.89369],[-46.10199,-22.90143],[-46.10539,-22.90127],[-46.10763,-22.90468],[-46.11121,-22.90573],[-46.11469,-22.90544],[-46.11728,-22.90651],[-46.12027,-22.90885],[-46.12361,-22.90946],[-46.12922,-22.91422],[-46.13112,-22.91658],[-46.13793,-22.92176],[-46.14261,-22.92047],[-46.14463,-22.91927],[-46.14631,-22.9172],[-46.15006,-22.91618],[-46.15285,-22.91371],[-46.15377,-22.91167],[-46.15274,-22.91005],[-46.14888,-22.90963],[-46.14695,-22.90682],[-46.14648,-22.90474],[-46.14417,-22.90328],[-46.14119,-22.89984],[-46.1395,-22.89598],[-46.13783,-22.8945],[-46.13669,-22.89055],[-46.13777,-22.88445],[-46.14155,-22.88151],[-46.14148,-22.87127],[-46.14082,-22.86744],[-46.14328,-22.85898],[-46.14452,-22.85703],[-46.14972,-22.85937],[-46.15489,-22.86373],[-46.1594,-22.86307],[-46.16468,-22.86373],[-46.16706,-22.86531],[-46.16917,-22.86502],[-46.18034,-22.86628],[-46.18562,-22.86917],[-46.18811,-22.8658],[-46.19104,-22.86465],[-46.19848,-22.87043],[-46.19954,-22.87077],[-46.20112,-22.86989],[-46.20229,-22.87013],[-46.20451,-22.87201],[-46.20812,-22.8727],[-46.21206,-22.8753],[-46.22114,-22.87771],[-46.22767,-22.88096],[-46.23265,-22.88095],[-46.23405,-22.88218],[-46.23454,-22.88558],[-46.23743,-22.89386],[-46.23922,-22.89091],[-46.24189,-22.8895],[-46.24799,-22.88872],[-46.25538,-22.89041],[-46.25776,-22.88997],[-46.25983,-22.88677],[-46.25986,-22.88335],[-46.26198,-22.87754],[-46.26499,-22.87559],[-46.26694,-22.87518],[-46.27116,-22.87735],[-46.2761,-22.87711],[-46.27894,-22.8786],[-46.27987,-22.87958],[-46.27985,-22.88343],[-46.28362,-22.88464],[-46.28694,-22.88698],[-46.29088,-22.89433],[-46.29521,-22.89778],[-46.29643,-22.89771],[-46.29832,-22.89591],[-46.30233,-22.89442],[-46.30392,-22.89099],[-46.3112,-22.88999],[-46.31247,-22.88709],[-46.31403,-22.88616],[-46.31717,-22.88709],[-46.33004,-22.89378],[-46.33713,-22.89625],[-46.3404,-22.9002],[-46.34242,-22.90142],[-46.34419,-22.90416],[-46.34887,-22.89877],[-46.35282,-22.89919],[-46.35447,-22.90007],[-46.35634,-22.89951],[-46.35665,-22.89795],[-46.35839,-22.89682],[-46.35946,-22.89492],[-46.36345,-22.8935],[-46.36417,-22.88962],[-46.36677,-22.88702],[-46.3676,-22.88527],[-46.37188,-22.8829],[-46.37277,-22.88086],[-46.37178,-22.87981],[-46.37203,-22.87874],[-46.37291,-22.87802],[-46.37764,-22.87852],[-46.37791,-22.8779],[-46.37565,-22.87628],[-46.37666,-22.87247],[-46.37508,-22.87007],[-46.37802,-22.87014],[-46.37932,-22.87124],[-46.38394,-22.86957],[-46.38279,-22.86803],[-46.38304,-22.86716],[-46.38212,-22.86493],[-46.38027,-22.8633],[-46.3792,-22.86355],[-46.37828,-22.86283],[-46.37587,-22.86336],[-46.37236,-22.86092],[-46.37173,-22.8572],[-46.3723,-22.85536],[-46.37347,-22.85432],[-46.37423,-22.85099],[-46.37437,-22.84786],[-46.37349,-22.8469],[-46.37417,-22.84358],[-46.37033,-22.83752],[-46.37014,-22.83514],[-46.37072,-22.8339],[-46.37253,-22.83286],[-46.3729,-22.82974],[-46.37593,-22.82866],[-46.37655,-22.82709],[-46.37452,-22.82331],[-46.37378,-22.81772],[-46.37013,-22.81237],[-46.36886,-22.80678],[-46.36567,-22.79845],[-46.36162,-22.79251],[-46.3615,-22.78834],[-46.35824,-22.78732],[-46.35679,-22.78432],[-46.35381,-22.78537],[-46.35186,-22.78507],[-46.34991,-22.78272],[-46.34799,-22.77777],[-46.3465,-22.77737],[-46.34301,-22.77781],[-46.34014,-22.77308],[-46.34184,-22.76943],[-46.34144,-22.76888],[-46.33897,-22.76824],[-46.33491,-22.76828],[-46.33182,-22.76586],[-46.33187,-22.76508],[-46.33378,-22.76306],[-46.33353,-22.76071],[-46.33446,-22.7597],[-46.33791,-22.7603],[-46.34525,-22.76018],[-46.348,-22.75879],[-46.35045,-22.75883],[-46.35393,-22.75716],[-46.35774,-22.75942],[-46.35927,-22.76142],[-46.36122,-22.76011],[-46.36265,-22.75798],[-46.36307,-22.75494],[-46.36755,-22.75316],[-46.36727,-22.75111],[-46.36943,-22.75074],[-46.36931,-22.74945],[-46.37167,-22.74669],[-46.37465,-22.7454],[-46.3752,-22.74626],[-46.37937,-22.74538],[-46.38416,-22.74032],[-46.38603,-22.73944],[-46.38834,-22.74034],[-46.39127,-22.74295],[-46.39277,-22.74265],[-46.39347,-22.74365],[-46.39374,-22.74243],[-46.39479,-22.74195],[-46.39995,-22.74048],[-46.40018,-22.74085],[-46.4012,-22.73975],[-46.40282,-22.73974],[-46.40443,-22.73878],[-46.40606,-22.74048],[-46.408,-22.73987],[-46.40973,-22.73837],[-46.41217,-22.73823],[-46.41413,-22.73408],[-46.41831,-22.73386],[-46.41951,-22.73251],[-46.4219,-22.7327],[-46.42464,-22.73563],[-46.42654,-22.73525],[-46.42889,-22.73369],[-46.42999,-22.73415],[-46.43358,-22.73303],[-46.43682,-22.73108],[-46.43908,-22.72639],[-46.43994,-22.72714],[-46.44157,-22.72694],[-46.44251,-22.72789],[-46.44394,-22.72793],[-46.44439,-22.72593],[-46.4455,-22.72651],[-46.4475,-22.7258],[-46.44838,-22.72651],[-46.44964,-22.72649],[-46.4501,-22.72765],[-46.45199,-22.7274],[-46.45524,-22.7235],[-46.45551,-22.72167],[-46.45498,-22.72071],[-46.45555,-22.71945],[-46.45422,-22.719],[-46.45516,-22.7186],[-46.45463,-22.71786],[-46.45477,-22.7161],[-46.45622,-22.71467],[-46.45557,-22.71379],[-46.45579,-22.71278],[-46.45526,-22.71262],[-46.4558,-22.71233],[-46.45531,-22.71158],[-46.45631,-22.71084],[-46.45552,-22.70908],[-46.45658,-22.70691],[-46.46232,-22.70649],[-46.46236,-22.70474],[-46.46502,-22.70399],[-46.46755,-22.70086],[-46.46875,-22.70158],[-46.47118,-22.70561],[-46.47252,-22.70435],[-46.47331,-22.70462],[-46.47499,-22.70103],[-46.47853,-22.69856],[-46.47824,-22.69732],[-46.47373,-22.69667],[-46.46934,-22.69411],[-46.47024,-22.69248],[-46.47419,-22.68953],[-46.47745,-22.68608],[-46.4786,-22.68421],[-46.47861,-22.68136],[-46.4804,-22.67828],[-46.47989,-22.67716],[-46.47665,-22.67675],[-46.47272,-22.67409],[-46.46861,-22.67259],[-46.46493,-22.6742],[-46.46336,-22.67427],[-46.46267,-22.67552],[-46.46121,-22.67602],[-46.46034,-22.67548],[-46.45958,-22.67251],[-46.45856,-22.67125],[-46.45005,-22.66979],[-46.44726,-22.66774],[-46.44264,-22.6684],[-46.43919,-22.66763],[-46.43805,-22.66699],[-46.43589,-22.66398],[-46.42991,-22.66239],[-46.42656,-22.66075],[-46.425,-22.66126],[-46.42207,-22.66447],[-46.4178,-22.66482],[-46.41589,-22.66381],[-46.41291,-22.65904],[-46.41049,-22.6604],[-46.40911,-22.66205],[-46.40641,-22.66201],[-46.40499,-22.66273],[-46.40476,-22.66523],[-46.40808,-22.66898],[-46.40799,-22.67019],[-46.40635,-22.67209],[-46.40294,-22.67135],[-46.39765,-22.66577],[-46.39225,-22.66223],[-46.38961,-22.66121],[-46.38801,-22.66135],[-46.38736,-22.66302],[-46.38449,-22.66537],[-46.38194,-22.66684],[-46.38004,-22.66708],[-46.3777,-22.66598],[-46.37262,-22.66504],[-46.37044,-22.66323],[-46.36938,-22.66083],[-46.36892,-22.65536],[-46.36788,-22.65401],[-46.36306,-22.652],[-46.35872,-22.65167],[-46.35571,-22.6499],[-46.35438,-22.65016],[-46.35412,-22.65084],[-46.35449,-22.65508],[-46.35144,-22.65699],[-46.34983,-22.65889],[-46.35032,-22.66074],[-46.35221,-22.66329],[-46.35084,-22.66599],[-46.35103,-22.66921],[-46.34833,-22.67196],[-46.34537,-22.673],[-46.34153,-22.67891],[-46.3393,-22.67986],[-46.33613,-22.67951],[-46.33371,-22.68049],[-46.33174,-22.68054],[-46.33067,-22.68327],[-46.32621,-22.68417],[-46.3232,-22.68621],[-46.3207,-22.68638],[-46.31676,-22.68542],[-46.31199,-22.69215],[-46.30835,-22.69204],[-46.30548,-22.69111]]]}},{"type":"Feature","properties":{"nome_uc":"Gruta Rei do Mato","categoria":"MONA"},"geometry":{"type":"Polygon","coordinates":[[[-44.28133,-19.48555],[-44.28067,-19.49084],[-44.28166,-19.49292],[-44.28054,-19.49453],[-44.28059,-19.49863],[-44.28421,-19.50173],[-44.28534,-19.50215],[-44.28702,-19.50167],[-44.28855,-19.49925],[-44.28914,-19.49695],[-44.29072,-19.49519],[-44.28819,-19.49265],[-44.28621,-19.4887],[-44.28616,-19.48361],[-44.28425,-19.48207],[-44.28133,-19.48555]]]}},{"type":"Feature","properties":{"nome_uc":"Grão Mogol","categoria":"PAR"},"geometry":{"type":"Polygon","coordinates":[[[-42.87454,-16.2158],[-42.87337,-16.2154],[-42.87067,-16.21727],[-42.87205,-16.21893],[-42.87033,-16.22166],[-42.86868,-16.22619],[-42.86728,-16.22605],[-42.86667,-16.22707],[-42.86361,-16.23556],[-42.86238,-16.24303],[-42.86328,-16.24645],[-42.86335,-16.24976],[-42.86231,-16.25579],[-42.8628,-16.25779],[-42.86127,-16.26061],[-42.86283,-16.26675],[-42.86265,-16.27141],[-42.85984,-16.27365],[-42.85555,-16.27528],[-42.85455,-16.2792],[-42.8517,-16.28293],[-42.84995,-16.28374],[-42.84839,-16.28566],[-42.84221,-16.29646],[-42.84565,-16.29925],[-42.84781,-16.30923],[-42.8481,-16.31389],[-42.84656,-16.32105],[-42.84681,-16.32351],[-42.85144,-16.32686],[-42.84529,-16.32555],[-42.84332,-16.32694],[-42.84285,-16.32811],[-42.84309,-16.33413],[-42.84459,-16.3386],[-42.84431,-16.3404],[-42.8495,-16.34157],[-42.84616,-16.34428],[-42.8446,-16.34716],[-42.8467,-16.35217],[-42.84751,-16.35613],[-42.84609,-16.3576],[-42.84414,-16.35794],[-42.83986,-16.35691],[-42.83903,-16.35756],[-42.83678,-16.35734],[-42.83522,-16.35604],[-42.83297,-16.35684],[-42.83113,-16.35666],[-42.82937,-16.35529],[-42.82543,-16.3563],[-42.8248,-16.35765],[-42.8234,-16.35849],[-42.81928,-16.35752],[-42.81416,-16.35997],[-42.81393,-16.35908],[-42.81288,-16.359],[-42.81231,-16.35801],[-42.81002,-16.35818],[-42.8097,-16.36001],[-42.8064,-16.36205],[-42.80632,-16.3659],[-42.80567,-16.36612],[-42.80262,-16.36435],[-42.80122,-16.3671],[-42.79814,-16.37043],[-42.79685,-16.37054],[-42.79587,-16.36935],[-42.79188,-16.36855],[-42.78896,-16.36717],[-42.78705,-16.36725],[-42.78375,-16.36613],[-42.78317,-16.36632],[-42.78395,-16.37018],[-42.78316,-16.3705],[-42.78045,-16.3694],[-42.77835,-16.37303],[-42.78118,-16.37161],[-42.7811,-16.37477],[-42.78203,-16.37555],[-42.78157,-16.37594],[-42.78224,-16.37707],[-42.78462,-16.37829],[-42.78914,-16.38234],[-42.78998,-16.38843],[-42.79906,-16.39785],[-42.79722,-16.40639],[-42.7947,-16.4123],[-42.79236,-16.41405],[-42.79069,-16.42017],[-42.79272,-16.42524],[-42.80002,-16.43904],[-42.80166,-16.44368],[-42.80038,-16.44804],[-42.80006,-16.45461],[-42.79819,-16.45803],[-42.79763,-16.46172],[-42.79583,-16.46603],[-42.79422,-16.4669],[-42.79223,-16.47061],[-42.78672,-16.47141],[-42.78573,-16.47251],[-42.7863,-16.4741],[-42.78469,-16.4738],[-42.78432,-16.47429],[-42.78502,-16.47804],[-42.78579,-16.4781],[-42.7865,-16.47984],[-42.7886,-16.48167],[-42.78777,-16.48353],[-42.78801,-16.48609],[-42.78697,-16.48787],[-42.78706,-16.49114],[-42.7913,-16.48918],[-42.79426,-16.48964],[-42.79633,-16.491],[-42.79692,-16.49281],[-42.79945,-16.49441],[-42.80301,-16.49918],[-42.80624,-16.49697],[-42.80876,-16.49614],[-42.81001,-16.4989],[-42.8133,-16.49872],[-42.8146,-16.50025],[-42.817,-16.5013],[-42.82665,-16.49686],[-42.83151,-16.49554],[-42.83644,-16.50014],[-42.83854,-16.50102],[-42.84326,-16.50054],[-42.84749,-16.49662],[-42.85392,-16.49298],[-42.85667,-16.49301],[-42.85735,-16.49399],[-42.85666,-16.49514],[-42.85703,-16.49563],[-42.85912,-16.4945],[-42.86586,-16.49407],[-42.86925,-16.49085],[-42.86949,-16.48951],[-42.87111,-16.4887],[-42.87268,-16.48895],[-42.87469,-16.49234],[-42.87535,-16.49662],[-42.87442,-16.49789],[-42.87292,-16.50406],[-42.87331,-16.50646],[-42.871,-16.50872],[-42.86954,-16.51203],[-42.87172,-16.51346],[-42.87129,-16.51678],[-42.87282,-16.51651],[-42.87232,-16.52125],[-42.87608,-16.52035],[-42.87676,-16.52248],[-42.87656,-16.5282],[-42.87154,-16.53142],[-42.86694,-16.53836],[-42.86877,-16.54163],[-42.87309,-16.54141],[-42.88522,-16.54453],[-42.891,-16.54685],[-42.89404,-16.54924],[-42.90103,-16.55127],[-42.90091,-16.55204],[-42.90179,-16.55227],[-42.90372,-16.55229],[-42.90698,-16.55004],[-42.9105,-16.54864],[-42.91268,-16.54866],[-42.91205,-16.55043],[-42.9088,-16.55158],[-42.90589,-16.55374],[-42.90383,-16.55785],[-42.9051,-16.56175],[-42.90953,-16.56567],[-42.9131,-16.56731],[-42.91617,-16.56634],[-42.91475,-16.568],[-42.91273,-16.56866],[-42.91166,-16.57067],[-42.90981,-16.57158],[-42.90719,-16.57122],[-42.90475,-16.57001],[-42.90248,-16.57007],[-42.8991,-16.57434],[-42.89862,-16.57818],[-42.89967,-16.57844],[-42.90042,-16.58488],[-42.9017,-16.58504],[-42.90359,-16.5881],[-42.90524,-16.58938],[-42.90751,-16.5894],[-42.91111,-16.58868],[-42.91789,-16.58563],[-42.92147,-16.58617],[-42.92568,-16.58562],[-42.92696,-16.58244],[-42.92793,-16.5827],[-42.92852,-16.58481],[-42.9333,-16.58891],[-42.93005,-16.58981],[-42.93068,-16.59555],[-42.93209,-16.59689],[-42.93028,-16.59874],[-42.93096,-16.60004],[-42.94305,-16.61306],[-42.94618,-16.61504],[-42.94752,-16.61524],[-42.95104,-16.61272],[-42.95667,-16.60384],[-42.96142,-16.60185],[-42.96278,-16.59967],[-42.96297,-16.59539],[-42.96402,-16.59256],[-42.96062,-16.58989],[-42.95994,-16.58752],[-42.96039,-16.58422],[-42.95711,-16.58104],[-42.95381,-16.56852],[-42.95902,-16.56621],[-42.95712,-16.56318],[-42.95705,-16.56225],[-42.95855,-16.56108],[-42.95812,-16.5599],[-42.95401,-16.55944],[-42.95089,-16.55645],[-42.94592,-16.54679],[-42.94397,-16.54095],[-42.94283,-16.54085],[-42.94123,-16.54353],[-42.93903,-16.54127],[-42.93709,-16.54172],[-42.9357,-16.54451],[-42.93512,-16.54432],[-42.93448,-16.54104],[-42.93187,-16.54018],[-42.9311,-16.53933],[-42.92941,-16.53427],[-42.9222,-16.52859],[-42.91981,-16.52557],[-42.91949,-16.5194],[-42.91727,-16.51807],[-42.91671,-16.51676],[-42.91343,-16.51448],[-42.9121,-16.5126],[-42.91189,-16.51182],[-42.91322,-16.50957],[-42.91137,-16.5056],[-42.91139,-16.50373],[-42.91289,-16.50029],[-42.90982,-16.49662],[-42.90916,-16.48615],[-42.91056,-16.48205],[-42.91204,-16.48001],[-42.91129,-16.47584],[-42.91237,-16.47455],[-42.9122,-16.47249],[-42.91116,-16.47033],[-42.90952,-16.46947],[-42.90899,-16.46562],[-42.90793,-16.46486],[-42.90614,-16.46027],[-42.90318,-16.45613],[-42.90344,-16.45255],[-42.90283,-16.44839],[-42.90219,-16.44845],[-42.90135,-16.44545],[-42.90029,-16.44563],[-42.90059,-16.44451],[-42.89905,-16.44384],[-42.89763,-16.44018],[-42.899,-16.4387],[-42.8993,-16.43733],[-42.89896,-16.43399],[-42.89748,-16.43433],[-42.89497,-16.4329],[-42.89258,-16.43054],[-42.89308,-16.42896],[-42.8927,-16.42765],[-42.89379,-16.42551],[-42.89238,-16.42176],[-42.88969,-16.41921],[-42.88944,-16.41547],[-42.89006,-16.41193],[-42.8894,-16.4107],[-42.89018,-16.40996],[-42.8901,-16.40837],[-42.89149,-16.40577],[-42.88968,-16.40215],[-42.88859,-16.39523],[-42.88926,-16.38739],[-42.8887,-16.38514],[-42.88902,-16.38225],[-42.88846,-16.38102],[-42.88833,-16.3743],[-42.88671,-16.37105],[-42.88608,-16.36694],[-42.88679,-16.36405],[-42.88469,-16.36085],[-42.88462,-16.35898],[-42.88327,-16.35775],[-42.88105,-16.35736],[-42.88058,-16.35642],[-42.88214,-16.3555],[-42.88265,-16.35251],[-42.88267,-16.35102],[-42.88116,-16.34843],[-42.87536,-16.34461],[-42.87461,-16.34283],[-42.87287,-16.34253],[-42.87367,-16.33955],[-42.86979,-16.34063],[-42.86898,-16.33483],[-42.87065,-16.33233],[-42.87056,-16.33139],[-42.86882,-16.33137],[-42.86825,-16.33071],[-42.86856,-16.32922],[-42.86609,-16.32452],[-42.86778,-16.31996],[-42.8677,-16.31847],[-42.86868,-16.31764],[-42.87081,-16.31766],[-42.87481,-16.31452],[-42.876,-16.31266],[-42.87632,-16.30996],[-42.87499,-16.30695],[-42.87337,-16.30509],[-42.87187,-16.30115],[-42.87179,-16.29919],[-42.87289,-16.29593],[-42.87486,-16.29286],[-42.87386,-16.28678],[-42.87485,-16.28511],[-42.8743,-16.28174],[-42.8705,-16.27488],[-42.87055,-16.27406],[-42.87263,-16.27513],[-42.8735,-16.27457],[-42.87504,-16.27016],[-42.88191,-16.27049],[-42.88654,-16.26928],[-42.9003,-16.25607],[-42.90088,-16.25403],[-42.90346,-16.25197],[-42.90729,-16.25242],[-42.90964,-16.25406],[-42.91441,-16.23476],[-42.91717,-16.23153],[-42.91893,-16.22776],[-42.9215,-16.21914],[-42.91761,-16.21776],[-42.91532,-16.21539],[-42.91424,-16.21315],[-42.91205,-16.21273],[-42.90843,-16.21367],[-42.90857,-16.21597],[-42.90562,-16.21566],[-42.90002,-16.21373],[-42.89768,-16.21471],[-42.89386,-16.21929],[-42.88999,-16.22022],[-42.88126,-16.21991],[-42.87593,-16.22088],[-42.87538,-16.21724],[-42.87454,-16.2158]]]}},{"type":"Feature","properties":{"nome_uc":"Ibitipoca","categoria":"PAR"},"geometry":{"type":"Polygon","coordinates":[[[-43.90459,-21.70833],[-43.90152,-21.70583],[-43.90238,-21.70377],[-43.90199,-21.7016],[-43.90314,-21.70006],[-43.90404,-21.69984],[-43.90464,-21.69836],[-43.90305,-21.69784],[-43.90209,-21.69345],[-43.89678,-21.68679],[-43.89377,-21.68399],[-43.89192,-21.68126],[-43.88688,-21.6768],[-43.88376,-21.6755],[-43.88391,-21.67473],[-43.87934,-21.66848],[-43.87669,-21.66708],[-43.87623,-21.66597],[-43.87385,-21.666],[-43.87442,-21.66701],[-43.87379,-21.66744],[-43.87165,-21.66717],[-43.87022,-21.66819],[-43.86982,-21.66939],[-43.87114,-21.67138],[-43.87057,-21.6735],[-43.87094,-21.67776],[-43.87035,-21.67947],[-43.87104,-21.68489],[-43.86852,-21.68709],[-43.86761,-21.68962],[-43.87152,-21.69515],[-43.87125,-21.69675],[-43.87033,-21.6972],[-43.87079,-21.69841],[-43.86924,-21.70143],[-43.86964,-21.70548],[-43.87216,-21.70802],[-43.87259,-21.70923],[-43.87271,-21.71646],[-43.87162,-21.71912],[-43.87393,-21.71911],[-43.88057,-21.72409],[-43.88322,-21.72443],[-43.88497,-21.72345],[-43.88634,-21.72392],[-43.88731,-21.72331],[-43.88837,-21.72389],[-43.8888,-21.72295],[-43.8903,-21.72292],[-43.89283,-21.72492],[-43.89411,-21.72486],[-43.8934,-21.72219],[-43.8944,-21.72025],[-43.89751,-21.72269],[-43.89911,-21.72116],[-43.90372,-21.72062],[-43.90475,-21.71968],[-43.90495,-21.71693],[-43.90343,-21.71114],[-43.90459,-21.70833]]]}},{"type":"Feature","properties":{"nome_uc":"Itacolomi","categoria":"PAR"},"geometry":{"type":"Polygon","coordinates":[[[-43.47261,-20.40668],[-43.46891,-20.40844],[-43.46419,-20.41435],[-43.4608,-20.4159],[-43.45811,-20.41527],[-43.45207,-20.41576],[-43.44485,-20.41151],[-43.44412,-20.41282],[-43.44216,-20.41251],[-43.44126,-20.41342],[-43.43943,-20.41295],[-43.43992,-20.41387],[-43.43926,-20.41431],[-43.43799,-20.41429],[-43.43709,-20.41325],[-43.435,-20.41322],[-43.43236,-20.41488],[-43.43018,-20.41425],[-43.42832,-20.41522],[-43.42783,-20.4176],[-43.42702,-20.41773],[-43.42643,-20.41985],[-43.42701,-20.42015],[-43.4273,-20.41947],[-43.4285,-20.42054],[-43.42788,-20.42198],[-43.42883,-20.42254],[-43.42808,-20.4235],[-43.42799,-20.42269],[-43.42735,-20.42288],[-43.42649,-20.42419],[-43.42675,-20.426],[-43.42563,-20.42754],[-43.42511,-20.43273],[-43.42308,-20.43509],[-43.42348,-20.43551],[-43.42289,-20.43608],[-43.42281,-20.43798],[-43.42049,-20.44188],[-43.42135,-20.44368],[-43.42303,-20.44431],[-43.42379,-20.44391],[-43.42296,-20.44713],[-43.41981,-20.44813],[-43.4173,-20.44628],[-43.41648,-20.44723],[-43.41275,-20.44901],[-43.41161,-20.44878],[-43.41094,-20.44769],[-43.40908,-20.44852],[-43.40862,-20.44783],[-43.40438,-20.45072],[-43.40275,-20.45114],[-43.40189,-20.45013],[-43.40064,-20.45104],[-43.40209,-20.45607],[-43.40141,-20.45749],[-43.40292,-20.45872],[-43.40357,-20.4602],[-43.40315,-20.46285],[-43.40511,-20.46506],[-43.40669,-20.46573],[-43.40743,-20.4687],[-43.41084,-20.46716],[-43.41248,-20.46795],[-43.41441,-20.46729],[-43.4159,-20.46864],[-43.41528,-20.46944],[-43.4139,-20.4693],[-43.415,-20.47069],[-43.41695,-20.47093],[-43.41843,-20.47034],[-43.41955,-20.46893],[-43.42237,-20.46854],[-43.42285,-20.46883],[-43.42207,-20.47035],[-43.42359,-20.47044],[-43.42601,-20.46963],[-43.42692,-20.47],[-43.42828,-20.46874],[-43.42968,-20.46893],[-43.42992,-20.46824],[-43.42897,-20.4674],[-43.42937,-20.46656],[-43.43126,-20.4671],[-43.43705,-20.46645],[-43.43899,-20.46564],[-43.44316,-20.46871],[-43.44473,-20.46897],[-43.44503,-20.47103],[-43.44719,-20.47206],[-43.44757,-20.47367],[-43.4498,-20.47443],[-43.45251,-20.47375],[-43.4556,-20.47425],[-43.45914,-20.47341],[-43.46243,-20.47103],[-43.4645,-20.47141],[-43.46749,-20.47003],[-43.47035,-20.47014],[-43.4712,-20.46844],[-43.47044,-20.4677],[-43.47121,-20.46722],[-43.47285,-20.46735],[-43.47388,-20.46623],[-43.47637,-20.4667],[-43.47942,-20.46527],[-43.48015,-20.46548],[-43.48008,-20.46723],[-43.48103,-20.46795],[-43.47966,-20.46954],[-43.48045,-20.46956],[-43.48081,-20.47105],[-43.48243,-20.47153],[-43.4859,-20.4702],[-43.49219,-20.46958],[-43.49252,-20.46804],[-43.49075,-20.46561],[-43.48984,-20.46544],[-43.49049,-20.46357],[-43.49195,-20.46219],[-43.49314,-20.4638],[-43.49575,-20.46245],[-43.4969,-20.4592],[-43.49748,-20.45924],[-43.49844,-20.461],[-43.50218,-20.4596],[-43.50259,-20.46007],[-43.5045,-20.45903],[-43.50471,-20.45794],[-43.50541,-20.45895],[-43.508,-20.45748],[-43.5094,-20.45539],[-43.50898,-20.45438],[-43.51156,-20.45301],[-43.51231,-20.45171],[-43.51087,-20.45086],[-43.51232,-20.44975],[-43.51149,-20.44897],[-43.51169,-20.44802],[-43.51301,-20.44684],[-43.51287,-20.44547],[-43.51177,-20.44442],[-43.51176,-20.44222],[-43.51275,-20.43967],[-43.51232,-20.43821],[-43.5129,-20.43768],[-43.51313,-20.43419],[-43.51653,-20.42863],[-43.51693,-20.42337],[-43.51325,-20.42351],[-43.51186,-20.4228],[-43.50877,-20.42267],[-43.50855,-20.42028],[-43.50592,-20.41808],[-43.5061,-20.41634],[-43.50533,-20.41494],[-43.49955,-20.41117],[-43.49752,-20.41081],[-43.49502,-20.41355],[-43.49376,-20.41402],[-43.49137,-20.41263],[-43.4831,-20.41376],[-43.48241,-20.41243],[-43.47886,-20.41226],[-43.4749,-20.4108],[-43.47462,-20.40932],[-43.47261,-20.40668]]]}},{"type":"Feature","properties":{"nome_uc":"Itatiaia","categoria":"MONA"},"geometry":{"type":"Polygon","coordinates":[[[-43.60174,-20.44419],[-43.59733,-20.44244],[-43.59447,-20.44273],[-43.59255,-20.44477],[-43.5922,-20.44635],[-43.59006,-20.44686],[-43.58855,-20.44954],[-43.58404,-20.44953],[-43.582,-20.44835],[-43.58013,-20.44961],[-43.57785,-20.44957],[-43.57782,-20.4513],[-43.57674,-20.45142],[-43.57736,-20.45233],[-43.57612,-20.45275],[-43.57536,-20.45435],[-43.57549,-20.4557],[-43.57303,-20.46013],[-43.56963,-20.46118],[-43.56733,-20.46336],[-43.56649,-20.46309],[-43.56615,-20.46178],[-43.56539,-20.46141],[-43.56471,-20.4619],[-43.56379,-20.46153],[-43.56283,-20.46297],[-43.56221,-20.46461],[-43.56332,-20.46559],[-43.5645,-20.46876],[-43.56407,-20.47176],[-43.56457,-20.47364],[-43.56272,-20.47516],[-43.56108,-20.47542],[-43.55851,-20.47799],[-43.55818,-20.48087],[-43.55747,-20.48147],[-43.55685,-20.48405],[-43.55513,-20.48475],[-43.55436,-20.48601],[-43.55325,-20.4858],[-43.55087,-20.4885],[-43.54329,-20.48888],[-43.54239,-20.48977],[-43.54292,-20.4917],[-43.54672,-20.49211],[-43.54888,-20.49351],[-43.54962,-20.49552],[-43.55168,-20.49641],[-43.55918,-20.49735],[-43.55985,-20.49823],[-43.56256,-20.49928],[-43.56539,-20.50005],[-43.56639,-20.49968],[-43.56701,-20.50061],[-43.56818,-20.50063],[-43.56912,-20.49901],[-43.57559,-20.4974],[-43.57848,-20.49805],[-43.57982,-20.49773],[-43.58167,-20.49596],[-43.58214,-20.49642],[-43.58072,-20.49807],[-43.58234,-20.4985],[-43.58373,-20.49665],[-43.58498,-20.49628],[-43.58468,-20.494],[-43.58707,-20.49283],[-43.58932,-20.48741],[-43.5926,-20.48687],[-43.59477,-20.48284],[-43.59659,-20.48331],[-43.59974,-20.48598],[-43.60245,-20.4866],[-43.60371,-20.48955],[-43.6061,-20.48828],[-43.6072,-20.48659],[-43.60572,-20.48388],[-43.60998,-20.48366],[-43.61091,-20.48395],[-43.61083,-20.48531],[-43.61232,-20.48714],[-43.61474,-20.48608],[-43.61695,-20.48705],[-43.62025,-20.4861],[-43.62138,-20.48375],[-43.62462,-20.4811],[-43.62893,-20.48135],[-43.63091,-20.46995],[-43.62653,-20.46763],[-43.62586,-20.46559],[-43.62665,-20.46509],[-43.62656,-20.46435],[-43.624,-20.46312],[-43.62304,-20.46034],[-43.62132,-20.4596],[-43.62177,-20.45813],[-43.62041,-20.45741],[-43.62216,-20.45572],[-43.62185,-20.45282],[-43.62005,-20.45105],[-43.61977,-20.44946],[-43.61894,-20.44912],[-43.61916,-20.44755],[-43.61449,-20.44468],[-43.61115,-20.44409],[-43.6073,-20.44515],[-43.60174,-20.44419]]]}},{"type":"Feature","properties":{"nome_uc":"Jaíba","categoria":"REBIO"},"geometry":{"type":"Polygon","coordinates":[[[-43.79103,-15.02222],[-43.73063,-15.02234],[-43.73137,-15.11156],[-43.79061,-15.1117],[-43.79103,-15.02222]]]}},{"type":"Feature","properties":{"nome_uc":"Lagedão","categoria":"APA"},"geometry":{"type":"Polygon","coordinates":[[[-43.8894,-14.86898],[-43.87925,-14.84815],[-43.87077,-14.84366],[-43.85794,-14.82711],[-43.85707,-14.82476],[-43.85857,-14.79347],[-43.85614,-14.78938],[-43.78496,-14.80661],[-43.79772,-14.85485],[-43.73407,-14.8683],[-43.71084,-14.87596],[-43.70992,-14.91511],[-43.73331,-14.90641],[-43.74406,-14.90173],[-43.75254,-14.90063],[-43.77338,-14.8953],[-43.7892,-14.88894],[-43.8342,-14.89341],[-43.8894,-14.86898]]]}},{"type":"Feature","properties":{"nome_uc":"Lagoa do Cajueiro","categoria":"PAR"},"geometry":{"type":"Polygon","coordinates":[[[-44.00941,-15.05709],[-44.00856,-15.05009],[-44.01008,-15.04137],[-44.01883,-15.027],[-44.01848,-15.01905],[-44.01624,-15.01349],[-44.00776,-15.006],[-44.00492,-15.00879],[-44.00375,-15.01306],[-43.99911,-15.01206],[-43.99078,-15.01328],[-43.99047,-15.01201],[-43.96572,-15.02073],[-43.95623,-14.99906],[-43.94552,-14.97864],[-43.91023,-14.90434],[-43.909,-14.90168],[-43.90901,-14.90026],[-43.90794,-14.90013],[-43.89542,-14.90602],[-43.89575,-14.89046],[-43.89424,-14.88651],[-43.8923,-14.86782],[-43.84107,-14.89075],[-43.86548,-14.97947],[-43.86992,-14.99064],[-43.83713,-15.04801],[-43.89198,-15.04789],[-43.89775,-15.06273],[-43.99557,-15.06433],[-44.01023,-15.05855],[-44.00941,-15.05709]]]}},{"type":"Feature","properties":{"nome_uc":"Lapa Grande","categoria":"PAR"},"geometry":{"type":"Polygon","coordinates":[[[-43.95592,-16.6405],[-43.96166,-16.65071],[-43.95893,-16.65232],[-43.95711,-16.6547],[-43.95242,-16.65734],[-43.95045,-16.6564],[-43.94717,-16.65335],[-43.94492,-16.65879],[-43.94124,-16.65751],[-43.93802,-16.65188],[-43.93547,-16.65015],[-43.93334,-16.64678],[-43.93159,-16.64846],[-43.93173,-16.64912],[-43.92905,-16.64885],[-43.93245,-16.64447],[-43.93013,-16.64064],[-43.92992,-16.6391],[-43.92766,-16.63638],[-43.92782,-16.63292],[-43.92636,-16.6301],[-43.92461,-16.63044],[-43.92414,-16.63138],[-43.92296,-16.63053],[-43.91983,-16.63115],[-43.91834,-16.62812],[-43.91131,-16.63294],[-43.91579,-16.63499],[-43.91966,-16.63843],[-43.92313,-16.64714],[-43.92585,-16.65036],[-43.92462,-16.65297],[-43.92531,-16.65521],[-43.92453,-16.65639],[-43.9257,-16.65674],[-43.92579,-16.65977],[-43.92479,-16.65921],[-43.92402,-16.66097],[-43.92053,-16.66128],[-43.91532,-16.66418],[-43.91381,-16.66378],[-43.9135,-16.66461],[-43.91478,-16.66597],[-43.91397,-16.6686],[-43.9098,-16.67078],[-43.90606,-16.67176],[-43.91598,-16.68105],[-43.91026,-16.68421],[-43.90709,-16.68411],[-43.90578,-16.6892],[-43.90589,-16.69291],[-43.90503,-16.69776],[-43.9058,-16.6976],[-43.90626,-16.70074],[-43.91069,-16.70033],[-43.91119,-16.69905],[-43.91594,-16.70234],[-43.91574,-16.70327],[-43.91509,-16.70345],[-43.91572,-16.70395],[-43.91285,-16.70705],[-43.91331,-16.70932],[-43.9083,-16.7111],[-43.90933,-16.71631],[-43.90357,-16.71676],[-43.90343,-16.71754],[-43.90492,-16.72327],[-43.91024,-16.73288],[-43.9069,-16.74094],[-43.90644,-16.74422],[-43.91516,-16.75132],[-43.92936,-16.75766],[-43.95386,-16.79122],[-43.96382,-16.77261],[-43.9884,-16.76609],[-44.01926,-16.73304],[-44.00082,-16.72302],[-43.99953,-16.70877],[-44.01086,-16.71377],[-44.01309,-16.71368],[-44.01826,-16.71512],[-44.02009,-16.71469],[-44.02252,-16.71585],[-44.02472,-16.71261],[-44.01834,-16.68932],[-44.01969,-16.67892],[-44.00843,-16.67444],[-44.00613,-16.67554],[-44.00583,-16.67474],[-44.0037,-16.67438],[-44.0023,-16.67316],[-44.00353,-16.67244],[-44.00282,-16.67],[-44.00449,-16.66963],[-44.00505,-16.67076],[-44.00631,-16.66888],[-44.00545,-16.65913],[-44.00637,-16.65682],[-44.00769,-16.64851],[-44.00956,-16.64997],[-44.01235,-16.6422],[-44.01086,-16.63593],[-44.00986,-16.63507],[-44.00937,-16.63539],[-44.00825,-16.63336],[-44.00867,-16.63133],[-44.0114,-16.6284],[-44.00204,-16.62275],[-43.99978,-16.62664],[-43.99931,-16.62861],[-43.99679,-16.63163],[-43.99675,-16.63108],[-43.98977,-16.63452],[-43.98771,-16.63419],[-43.98675,-16.63342],[-43.98586,-16.63091],[-43.98498,-16.62596],[-43.99418,-16.6212],[-43.99141,-16.61984],[-43.98766,-16.61968],[-43.98454,-16.61876],[-43.98013,-16.615],[-43.97506,-16.61561],[-43.97369,-16.61911],[-43.97295,-16.61679],[-43.96979,-16.61351],[-43.96664,-16.61553],[-43.96631,-16.6165],[-43.9691,-16.62108],[-43.96983,-16.62399],[-43.96693,-16.62373],[-43.96528,-16.62518],[-43.96824,-16.63326],[-43.96544,-16.63442],[-43.96546,-16.63595],[-43.9645,-16.63594],[-43.96407,-16.64148],[-43.9594,-16.63987],[-43.95795,-16.63799],[-43.95592,-16.6405]]]}},{"type":"Feature","properties":{"nome_uc":"Lapa Nova de Vazante","categoria":"MONA"},"geometry":{"type":"Polygon","coordinates":[[[-46.8941,-17.97966],[-46.89033,-17.97743],[-46.88988,-17.97879],[-46.8884,-17.97823],[-46.88637,-17.98372],[-46.8922,-17.98704],[-46.89401,-17.9843],[-46.89453,-17.98744],[-46.89531,-17.98754],[-46.89567,-17.98529],[-46.89686,-17.98527],[-46.89708,-17.986],[-46.89865,-17.98509],[-46.89898,-17.984],[-46.8941,-17.97966]]]}},{"type":"Feature","properties":{"nome_uc":"Lapa Vermelha","categoria":"MONA"},"geometry":{"type":"Polygon","coordinates":[[[-43.99995,-19.61068],[-43.99663,-19.61129],[-43.99468,-19.61363],[-43.99095,-19.61536],[-43.98961,-19.6171],[-43.99336,-19.61717],[-43.99652,-19.61595],[-43.99955,-19.61286],[-43.99995,-19.61068]]]}},{"type":"Feature","properties":{"nome_uc":"Libélulas da Serra de São José","categoria":"RVS"},"geometry":{"type":"Polygon","coordinates":[[[-44.12492,-21.03799],[-44.11977,-21.0382],[-44.11683,-21.04143],[-44.1147,-21.04171],[-44.11625,-21.04618],[-44.11768,-21.04832],[-44.11791,-21.05149],[-44.11916,-21.05313],[-44.1145,-21.05348],[-44.10848,-21.05179],[-44.1088,-21.05336],[-44.10739,-21.05615],[-44.10388,-21.05943],[-44.10223,-21.06],[-44.10658,-21.06248],[-44.10732,-21.06337],[-44.10749,-21.06643],[-44.10926,-21.06714],[-44.10703,-21.0716],[-44.10707,-21.0739],[-44.1059,-21.07761],[-44.10469,-21.07904],[-44.10383,-21.08158],[-44.10159,-21.0833],[-44.1048,-21.08365],[-44.10959,-21.07972],[-44.1106,-21.07953],[-44.11236,-21.08094],[-44.11569,-21.08046],[-44.11771,-21.08392],[-44.11884,-21.08455],[-44.1213,-21.08454],[-44.12328,-21.08661],[-44.12472,-21.08989],[-44.12409,-21.09117],[-44.12947,-21.09151],[-44.13105,-21.09141],[-44.13865,-21.08725],[-44.14521,-21.08506],[-44.14653,-21.08535],[-44.14868,-21.08796],[-44.14883,-21.0905],[-44.15044,-21.0959],[-44.15307,-21.09616],[-44.15623,-21.09467],[-44.16319,-21.09584],[-44.16581,-21.10114],[-44.16681,-21.10142],[-44.17023,-21.10044],[-44.17171,-21.10349],[-44.17219,-21.10314],[-44.17439,-21.10486],[-44.17478,-21.10595],[-44.18246,-21.1096],[-44.18651,-21.11022],[-44.18899,-21.11261],[-44.18993,-21.11257],[-44.19074,-21.11394],[-44.1897,-21.11683],[-44.19012,-21.12084],[-44.19868,-21.11915],[-44.21152,-21.12296],[-44.2113,-21.11805],[-44.21079,-21.11717],[-44.2039,-21.11711],[-44.20397,-21.11385],[-44.20928,-21.11358],[-44.21097,-21.11515],[-44.21235,-21.11543],[-44.21618,-21.11238],[-44.21704,-21.10841],[-44.20913,-21.10365],[-44.20182,-21.09845],[-44.19881,-21.09553],[-44.19463,-21.09331],[-44.18932,-21.08937],[-44.18645,-21.08826],[-44.18114,-21.08387],[-44.17989,-21.08369],[-44.1766,-21.08072],[-44.17517,-21.07808],[-44.16988,-21.07614],[-44.16714,-21.07273],[-44.16289,-21.07109],[-44.163,-21.0696],[-44.16159,-21.06869],[-44.16123,-21.06755],[-44.16014,-21.0678],[-44.15913,-21.06709],[-44.15996,-21.06444],[-44.15947,-21.06091],[-44.16013,-21.05784],[-44.15909,-21.05722],[-44.15322,-21.05728],[-44.15228,-21.05817],[-44.15079,-21.05844],[-44.14672,-21.05619],[-44.14156,-21.0545],[-44.14106,-21.0535],[-44.13888,-21.05346],[-44.13781,-21.05456],[-44.13468,-21.05334],[-44.13143,-21.05304],[-44.12756,-21.04977],[-44.12566,-21.04625],[-44.12627,-21.04424],[-44.12568,-21.03912],[-44.12492,-21.03799]]]}},{"type":"Feature","properties":{"nome_uc":"Macaúbas","categoria":"RVS"},"geometry":{"type":"Polygon","coordinates":[[[-43.82795,-19.61075],[-43.82301,-19.6132],[-43.82073,-19.61345],[-43.819,-19.61537],[-43.81732,-19.61608],[-43.81388,-19.61611],[-43.80858,-19.61863],[-43.80475,-19.62384],[-43.80347,-19.62183],[-43.80465,-19.62061],[-43.80435,-19.61738],[-43.80543,-19.6159],[-43.80564,-19.61435],[-43.80652,-19.61371],[-43.80373,-19.61216],[-43.80122,-19.61312],[-43.79592,-19.61201],[-43.79595,-19.61373],[-43.79859,-19.61877],[-43.79851,-19.62104],[-43.80023,-19.62338],[-43.804,-19.62621],[-43.80598,-19.62667],[-43.80788,-19.62597],[-43.80796,-19.62284],[-43.81043,-19.62159],[-43.81084,-19.62351],[-43.81565,-19.62511],[-43.8151,-19.62644],[-43.81249,-19.62451],[-43.81117,-19.62783],[-43.80998,-19.62902],[-43.80446,-19.62989],[-43.80466,-19.63052],[-43.80099,-19.62961],[-43.8041,-19.62725],[-43.80078,-19.62533],[-43.7982,-19.62839],[-43.79721,-19.62865],[-43.79302,-19.62754],[-43.79058,-19.62838],[-43.78999,-19.62687],[-43.78864,-19.62581],[-43.78714,-19.62981],[-43.78749,-19.63087],[-43.78863,-19.63196],[-43.79626,-19.63511],[-43.79905,-19.63722],[-43.8008,-19.64098],[-43.79432,-19.64689],[-43.79254,-19.64653],[-43.79143,-19.64708],[-43.79153,-19.6479],[-43.78701,-19.64735],[-43.78564,-19.65002],[-43.78666,-19.65066],[-43.78937,-19.64951],[-43.79241,-19.65058],[-43.79129,-19.65185],[-43.78908,-19.6515],[-43.78458,-19.65307],[-43.78442,-19.6536],[-43.78604,-19.6557],[-43.79214,-19.65687],[-43.79504,-19.65567],[-43.79586,-19.65692],[-43.79695,-19.65672],[-43.79786,-19.65363],[-43.79934,-19.65239],[-43.80199,-19.65388],[-43.79953,-19.65641],[-43.79565,-19.65774],[-43.79461,-19.6588],[-43.7888,-19.65853],[-43.78855,-19.66023],[-43.78606,-19.66151],[-43.78314,-19.66537],[-43.78067,-19.66607],[-43.78388,-19.67041],[-43.78721,-19.67089],[-43.78842,-19.66829],[-43.79074,-19.66591],[-43.79065,-19.66503],[-43.79489,-19.66932],[-43.79922,-19.67013],[-43.8019,-19.66887],[-43.80234,-19.66962],[-43.80071,-19.6706],[-43.79973,-19.67241],[-43.79739,-19.67117],[-43.79527,-19.67158],[-43.79339,-19.67118],[-43.79163,-19.67187],[-43.7893,-19.6711],[-43.78847,-19.67236],[-43.78593,-19.67392],[-43.78459,-19.67268],[-43.78381,-19.67332],[-43.78245,-19.67271],[-43.78199,-19.67387],[-43.78019,-19.67405],[-43.77929,-19.676],[-43.77648,-19.67538],[-43.77414,-19.67758],[-43.77535,-19.67856],[-43.77526,-19.67913],[-43.77289,-19.67924],[-43.77589,-19.68166],[-43.78014,-19.68341],[-43.78003,-19.68421],[-43.77882,-19.68415],[-43.77877,-19.68519],[-43.78205,-19.68747],[-43.78329,-19.68677],[-43.78323,-19.68727],[-43.78469,-19.68736],[-43.78558,-19.68468],[-43.78762,-19.6836],[-43.78729,-19.68487],[-43.79007,-19.68389],[-43.79086,-19.68504],[-43.79151,-19.68456],[-43.79514,-19.68534],[-43.79668,-19.68969],[-43.79741,-19.68934],[-43.79839,-19.69036],[-43.80307,-19.70068],[-43.80137,-19.70264],[-43.80184,-19.70423],[-43.80636,-19.70622],[-43.80671,-19.70525],[-43.80792,-19.70501],[-43.81003,-19.70047],[-43.80285,-19.69015],[-43.80597,-19.68854],[-43.80677,-19.68652],[-43.80777,-19.6861],[-43.80984,-19.68903],[-43.81058,-19.68858],[-43.81197,-19.69116],[-43.81333,-19.69146],[-43.81453,-19.69022],[-43.81323,-19.68943],[-43.81211,-19.68564],[-43.80902,-19.68392],[-43.80687,-19.68126],[-43.80268,-19.67887],[-43.80119,-19.67884],[-43.79976,-19.67642],[-43.80262,-19.6742],[-43.80486,-19.6733],[-43.8111,-19.68287],[-43.81661,-19.68564],[-43.81852,-19.68538],[-43.81661,-19.68437],[-43.81812,-19.68163],[-43.81561,-19.68287],[-43.81475,-19.68244],[-43.81452,-19.68093],[-43.8119,-19.68031],[-43.81163,-19.6794],[-43.81479,-19.67874],[-43.81571,-19.67818],[-43.81519,-19.67716],[-43.81827,-19.67544],[-43.81434,-19.67429],[-43.81386,-19.67483],[-43.81133,-19.67462],[-43.80788,-19.67575],[-43.8076,-19.67437],[-43.8086,-19.67381],[-43.81289,-19.67315],[-43.81372,-19.67131],[-43.81094,-19.67109],[-43.81157,-19.6704],[-43.81477,-19.67022],[-43.81217,-19.66922],[-43.81125,-19.67003],[-43.80765,-19.66972],[-43.80792,-19.66831],[-43.81036,-19.66888],[-43.8117,-19.66768],[-43.81062,-19.6674],[-43.80458,-19.65978],[-43.80802,-19.65913],[-43.81062,-19.66431],[-43.81195,-19.66529],[-43.81272,-19.66761],[-43.81342,-19.66614],[-43.81462,-19.6668],[-43.81368,-19.66368],[-43.81483,-19.66103],[-43.81467,-19.65969],[-43.81223,-19.65976],[-43.81105,-19.65876],[-43.81247,-19.65709],[-43.8172,-19.65922],[-43.81844,-19.65825],[-43.81637,-19.6564],[-43.81442,-19.65633],[-43.81485,-19.65511],[-43.81743,-19.65588],[-43.82022,-19.65471],[-43.8188,-19.65632],[-43.82085,-19.65687],[-43.82237,-19.65585],[-43.82256,-19.65487],[-43.82088,-19.65016],[-43.81674,-19.65056],[-43.81475,-19.64691],[-43.81481,-19.64388],[-43.81657,-19.64305],[-43.81711,-19.64403],[-43.8179,-19.64409],[-43.82137,-19.64148],[-43.82306,-19.64153],[-43.82336,-19.6426],[-43.82709,-19.64255],[-43.82532,-19.63946],[-43.82896,-19.64059],[-43.8298,-19.64216],[-43.8331,-19.64159],[-43.83367,-19.63812],[-43.83313,-19.63746],[-43.82978,-19.63725],[-43.82938,-19.63641],[-43.82799,-19.63663],[-43.82783,-19.63577],[-43.82503,-19.63581],[-43.82406,-19.6333],[-43.82334,-19.63295],[-43.82074,-19.63396],[-43.82075,-19.63542],[-43.81901,-19.6372],[-43.81718,-19.63597],[-43.81576,-19.63385],[-43.8159,-19.63111],[-43.81759,-19.62646],[-43.82016,-19.62494],[-43.8189,-19.62453],[-43.81836,-19.62354],[-43.81763,-19.61869],[-43.82154,-19.61891],[-43.82516,-19.6175],[-43.82795,-19.61075]]]}},{"type":"Feature","properties":{"nome_uc":"Mar de Espanha","categoria":"ESEC"},"geometry":{"type":"Polygon","coordinates":[[[-42.99797,-21.85386],[-42.99736,-21.85606],[-42.99806,-21.86308],[-42.99908,-21.86287],[-43.00218,-21.86008],[-43.0042,-21.86031],[-43.00557,-21.85977],[-43.0066,-21.85793],[-43.00733,-21.85834],[-43.00605,-21.85748],[-43.00646,-21.85694],[-43.00749,-21.85755],[-43.00881,-21.85483],[-43.00854,-21.85254],[-43.00666,-21.85084],[-43.00745,-21.84963],[-43.00684,-21.84286],[-43.00341,-21.84256],[-43.00079,-21.84394],[-42.99686,-21.85102],[-42.99797,-21.85386]]]}},{"type":"Feature","properties":{"nome_uc":"Mata Seca","categoria":"PAR"},"geometry":{"type":"Polygon","coordinates":[[[-44.08776,-14.8032],[-44.09484,-14.79552],[-44.09483,-14.79452],[-43.92999,-14.80006],[-43.92818,-14.80685],[-43.92827,-14.81474],[-43.9248,-14.82665],[-43.92354,-14.83337],[-43.92342,-14.83805],[-43.92456,-14.84387],[-43.92723,-14.84869],[-43.93158,-14.85286],[-43.94049,-14.86977],[-43.94401,-14.8823],[-43.9452,-14.88884],[-43.95388,-14.91298],[-43.95891,-14.91918],[-43.96495,-14.9238],[-43.97044,-14.92984],[-43.97216,-14.93264],[-43.98191,-14.9322],[-43.98416,-14.93728],[-43.98585,-14.94412],[-43.99454,-14.93789],[-43.99372,-14.93678],[-44.00356,-14.93145],[-43.99597,-14.90146],[-43.99623,-14.89622],[-44.02685,-14.89588],[-44.02839,-14.90068],[-44.06183,-14.85798],[-44.01793,-14.86766],[-44.01085,-14.84538],[-44.06498,-14.82317],[-44.08776,-14.8032]]]}},{"type":"Feature","properties":{"nome_uc":"Mata de Krambeck","categoria":"PAR"},"geometry":{"type":"Polygon","coordinates":[[[-43.38748,-21.72193],[-43.38054,-21.71684],[-43.38015,-21.71723],[-43.37926,-21.71654],[-43.37702,-21.72448],[-43.37511,-21.72721],[-43.37559,-21.73022],[-43.37097,-21.73606],[-43.3704,-21.7375],[-43.37094,-21.73873],[-43.3745,-21.73723],[-43.38044,-21.73617],[-43.3862,-21.7368],[-43.38895,-21.73227],[-43.39109,-21.73116],[-43.39229,-21.72956],[-43.39185,-21.72598],[-43.39056,-21.72343],[-43.38748,-21.72193]]]}},{"type":"Feature","properties":{"nome_uc":"Mata do Cedro","categoria":"ESEC"},"geometry":{"type":"Polygon","coordinates":[[[-44.62595,-20.4354],[-44.63037,-20.43428],[-44.63059,-20.43567],[-44.63115,-20.43502],[-44.63442,-20.43568],[-44.63898,-20.43312],[-44.64128,-20.43339],[-44.64276,-20.43261],[-44.63876,-20.4293],[-44.63817,-20.42761],[-44.64061,-20.42666],[-44.64032,-20.42471],[-44.63495,-20.4197],[-44.63639,-20.41913],[-44.63509,-20.41754],[-44.63768,-20.41398],[-44.63658,-20.41337],[-44.6356,-20.41424],[-44.63314,-20.41416],[-44.63415,-20.41223],[-44.63027,-20.41125],[-44.63341,-20.40758],[-44.63281,-20.40699],[-44.63299,-20.40568],[-44.63046,-20.40733],[-44.62718,-20.40799],[-44.62578,-20.40959],[-44.62286,-20.4088],[-44.62302,-20.41089],[-44.62121,-20.41357],[-44.61688,-20.4139],[-44.61722,-20.41559],[-44.61559,-20.41744],[-44.6161,-20.41872],[-44.61354,-20.42001],[-44.61319,-20.42101],[-44.61514,-20.42645],[-44.61728,-20.42779],[-44.61166,-20.43142],[-44.61013,-20.43133],[-44.61082,-20.4335],[-44.60955,-20.43328],[-44.60883,-20.43475],[-44.6066,-20.4349],[-44.60705,-20.43642],[-44.60459,-20.4366],[-44.60285,-20.43853],[-44.60122,-20.44374],[-44.59881,-20.44379],[-44.59937,-20.44418],[-44.59991,-20.44801],[-44.59723,-20.44975],[-44.59665,-20.44901],[-44.59522,-20.44963],[-44.59461,-20.45195],[-44.59331,-20.45247],[-44.59436,-20.4536],[-44.59517,-20.45645],[-44.59472,-20.45909],[-44.59514,-20.45978],[-44.59529,-20.45882],[-44.59623,-20.45937],[-44.5973,-20.45873],[-44.59987,-20.46084],[-44.59959,-20.46233],[-44.60151,-20.46219],[-44.60127,-20.46261],[-44.60254,-20.46318],[-44.60351,-20.46251],[-44.60471,-20.46362],[-44.60596,-20.46287],[-44.60766,-20.46452],[-44.60743,-20.46523],[-44.61114,-20.46645],[-44.6112,-20.46742],[-44.61145,-20.46675],[-44.61275,-20.4664],[-44.61998,-20.46749],[-44.62093,-20.46363],[-44.62365,-20.46023],[-44.62137,-20.45836],[-44.6213,-20.45745],[-44.6218,-20.4575],[-44.62093,-20.45588],[-44.62147,-20.45508],[-44.62421,-20.45488],[-44.62398,-20.45423],[-44.62486,-20.45368],[-44.62555,-20.45074],[-44.62692,-20.45078],[-44.62657,-20.4494],[-44.62905,-20.44109],[-44.62483,-20.43926],[-44.6258,-20.43787],[-44.62595,-20.4354]]]}},{"type":"Feature","properties":{"nome_uc":"Mata do Limoeiro","categoria":"PAR"},"geometry":{"type":"Polygon","coordinates":[[[-43.474,-19.55822],[-43.46619,-19.56265],[-43.46397,-19.56588],[-43.46092,-19.56626],[-43.46039,-19.56727],[-43.45669,-19.56811],[-43.45396,-19.5674],[-43.45508,-19.56666],[-43.45603,-19.56179],[-43.45168,-19.56116],[-43.44957,-19.56167],[-43.44807,-19.5633],[-43.44558,-19.56301],[-43.44577,-19.56453],[-43.44338,-19.5664],[-43.44259,-19.56929],[-43.4415,-19.57065],[-43.44204,-19.57188],[-43.43833,-19.57188],[-43.43853,-19.5711],[-43.43581,-19.57225],[-43.43269,-19.57122],[-43.43136,-19.5719],[-43.42961,-19.57162],[-43.42742,-19.58143],[-43.42885,-19.58624],[-43.42672,-19.58889],[-43.42594,-19.59048],[-43.42646,-19.5909],[-43.42567,-19.59155],[-43.42648,-19.59164],[-43.42723,-19.5943],[-43.42615,-19.59828],[-43.4267,-19.60115],[-43.42784,-19.60138],[-43.42997,-19.60007],[-43.43316,-19.60042],[-43.43655,-19.60351],[-43.44091,-19.60614],[-43.44358,-19.60579],[-43.44475,-19.60401],[-43.44688,-19.60518],[-43.44815,-19.60734],[-43.45029,-19.60738],[-43.45139,-19.60874],[-43.45233,-19.6082],[-43.45677,-19.60896],[-43.45614,-19.60792],[-43.4569,-19.60738],[-43.46015,-19.60706],[-43.46201,-19.60603],[-43.46326,-19.60284],[-43.46388,-19.60397],[-43.46659,-19.60371],[-43.46686,-19.60496],[-43.46838,-19.60652],[-43.47074,-19.60449],[-43.47174,-19.60484],[-43.47356,-19.6071],[-43.4788,-19.60928],[-43.48039,-19.60621],[-43.47922,-19.60303],[-43.47676,-19.60203],[-43.47293,-19.59704],[-43.47221,-19.59187],[-43.46996,-19.58672],[-43.47158,-19.58684],[-43.47255,-19.58623],[-43.47279,-19.58459],[-43.47439,-19.58188],[-43.47476,-19.58098],[-43.47374,-19.57759],[-43.4715,-19.57724],[-43.47026,-19.58063],[-43.46817,-19.58115],[-43.46307,-19.58007],[-43.46305,-19.58266],[-43.46142,-19.58397],[-43.46051,-19.58381],[-43.4588,-19.58563],[-43.45832,-19.58495],[-43.45909,-19.58406],[-43.45766,-19.58295],[-43.46058,-19.57904],[-43.46001,-19.57888],[-43.46041,-19.57766],[-43.46333,-19.57862],[-43.46462,-19.57774],[-43.46628,-19.5783],[-43.46521,-19.57873],[-43.46604,-19.58002],[-43.46638,-19.57832],[-43.46875,-19.57973],[-43.46952,-19.57944],[-43.47047,-19.56765],[-43.47225,-19.56361],[-43.47425,-19.56158],[-43.474,-19.55822]]]}},{"type":"Feature","properties":{"nome_uc":"Mata dos Ausentes","categoria":"ESEC"},"geometry":{"type":"Polygon","coordinates":[[[-43.15583,-17.96429],[-43.15108,-17.96221],[-43.15037,-17.95867],[-43.14848,-17.96238],[-43.14628,-17.96169],[-43.14391,-17.95987],[-43.1437,-17.95875],[-43.14167,-17.95775],[-43.14111,-17.96054],[-43.13902,-17.96099],[-43.13839,-17.96256],[-43.13842,-17.96488],[-43.1399,-17.96585],[-43.13923,-17.96662],[-43.14115,-17.97067],[-43.14115,-17.9731],[-43.13841,-17.97463],[-43.13439,-17.98],[-43.1437,-17.98372],[-43.14432,-17.98449],[-43.15043,-17.98205],[-43.15454,-17.97806],[-43.15805,-17.97774],[-43.16335,-17.97419],[-43.16051,-17.97214],[-43.15416,-17.96939],[-43.15364,-17.96693],[-43.15513,-17.9662],[-43.15583,-17.96429]]]}},{"type":"Feature","properties":{"nome_uc":"Mata dos Muriquis","categoria":"RVS"},"geometry":{"type":"Polygon","coordinates":[[[-40.0458,-16.39074],[-40.04208,-16.40154],[-40.03981,-16.40335],[-40.04187,-16.40569],[-40.04102,-16.41182],[-40.0446,-16.41808],[-40.04556,-16.42203],[-40.04917,-16.42447],[-40.05202,-16.43166],[-40.05472,-16.43321],[-40.06186,-16.43135],[-40.06271,-16.43199],[-40.06345,-16.43416],[-40.06322,-16.43663],[-40.06151,-16.44004],[-40.0645,-16.44404],[-40.06582,-16.45757],[-40.06921,-16.46075],[-40.07769,-16.46435],[-40.07605,-16.46189],[-40.067,-16.45568],[-40.07813,-16.44565],[-40.08301,-16.44719],[-40.08411,-16.44611],[-40.08451,-16.44463],[-40.08134,-16.44089],[-40.08183,-16.43664],[-40.08408,-16.43604],[-40.07803,-16.43347],[-40.07832,-16.43136],[-40.08244,-16.43106],[-40.08426,-16.43425],[-40.0879,-16.43471],[-40.08914,-16.43554],[-40.091,-16.43257],[-40.08492,-16.42688],[-40.08428,-16.42453],[-40.08821,-16.41556],[-40.08019,-16.41292],[-40.08006,-16.41135],[-40.08296,-16.40113],[-40.08306,-16.39701],[-40.07649,-16.39101],[-40.07528,-16.38825],[-40.07672,-16.38684],[-40.08013,-16.38593],[-40.0801,-16.38472],[-40.07505,-16.38325],[-40.06822,-16.36972],[-40.06826,-16.37072],[-40.06455,-16.37359],[-40.05712,-16.386],[-40.05267,-16.38649],[-40.04736,-16.38859],[-40.04767,-16.38887],[-40.0458,-16.39074]]]}},{"type":"Feature","properties":{"nome_uc":"Montezuma","categoria":"PAR"},"geometry":{"type":"Polygon","coordinates":[[[-42.49291,-15.14996],[-42.48291,-15.14387],[-42.48074,-15.1472],[-42.47794,-15.14672],[-42.47602,-15.1476],[-42.47068,-15.14794],[-42.47134,-15.15121],[-42.47589,-15.15345],[-42.47692,-15.15658],[-42.47661,-15.15797],[-42.47509,-15.15886],[-42.47238,-15.15904],[-42.46892,-15.16263],[-42.46699,-15.16612],[-42.46562,-15.17017],[-42.47171,-15.17153],[-42.46951,-15.17421],[-42.4704,-15.17514],[-42.46718,-15.17849],[-42.4613,-15.17398],[-42.45905,-15.17295],[-42.4482,-15.17137],[-42.44479,-15.17252],[-42.44388,-15.1754],[-42.44202,-15.17507],[-42.44113,-15.17586],[-42.44173,-15.17971],[-42.46372,-15.1845],[-42.47045,-15.18726],[-42.47123,-15.19741],[-42.47857,-15.20454],[-42.48,-15.20532],[-42.49008,-15.2058],[-42.49265,-15.1995],[-42.49135,-15.18872],[-42.49212,-15.18593],[-42.49637,-15.18255],[-42.49495,-15.17128],[-42.49533,-15.16917],[-42.49735,-15.16877],[-42.49918,-15.16693],[-42.49829,-15.16309],[-42.48471,-15.15735],[-42.48183,-15.15551],[-42.47631,-15.15001],[-42.49291,-15.14996]]]}},{"type":"Feature","properties":{"nome_uc":"Nova Baden","categoria":"PAR"},"geometry":{"type":"Polygon","coordinates":[[[-45.30754,-21.94018],[-45.31057,-21.93956],[-45.31228,-21.93984],[-45.31584,-21.94185],[-45.32096,-21.94593],[-45.32272,-21.94421],[-45.32536,-21.94354],[-45.32758,-21.94028],[-45.33098,-21.93695],[-45.32915,-21.93405],[-45.32643,-21.93262],[-45.32308,-21.93142],[-45.32054,-21.93158],[-45.31727,-21.93078],[-45.31327,-21.93586],[-45.30947,-21.93681],[-45.30754,-21.94018]]]}},{"type":"Feature","properties":{"nome_uc":"Pandeiros","categoria":"APA"},"geometry":{"type":"Polygon","coordinates":[[[-44.62404,-15.07583],[-44.61742,-15.07165],[-44.61248,-15.07091],[-44.60866,-15.07278],[-44.60314,-15.07307],[-44.60207,-15.0752],[-44.60027,-15.07573],[-44.59984,-15.07733],[-44.59705,-15.07888],[-44.59549,-15.07847],[-44.59516,-15.07779],[-44.59316,-15.07864],[-44.59382,-15.08045],[-44.59308,-15.0836],[-44.59398,-15.08892],[-44.59582,-15.08962],[-44.59732,-15.09142],[-44.59599,-15.09465],[-44.59724,-15.09526],[-44.59839,-15.09839],[-44.59994,-15.09884],[-44.60096,-15.10198],[-44.60004,-15.10338],[-44.59746,-15.10381],[-44.59497,-15.10607],[-44.59309,-15.10619],[-44.58959,-15.1079],[-44.59068,-15.11004],[-44.59071,-15.11258],[-44.5915,-15.11365],[-44.59053,-15.11589],[-44.59077,-15.11855],[-44.59201,-15.12017],[-44.59248,-15.12319],[-44.59369,-15.12411],[-44.59402,-15.12695],[-44.59635,-15.13136],[-44.59896,-15.13174],[-44.6018,-15.13539],[-44.60113,-15.14133],[-44.59996,-15.14286],[-44.599,-15.14666],[-44.59868,-15.14885],[-44.59943,-15.15011],[-44.59921,-15.15161],[-44.59709,-15.15153],[-44.59685,-15.15246],[-44.5909,-15.15836],[-44.58847,-15.15897],[-44.58802,-15.16382],[-44.58852,-15.16583],[-44.5863,-15.16851],[-44.58578,-15.17289],[-44.58316,-15.17523],[-44.57943,-15.18141],[-44.5758,-15.1793],[-44.57202,-15.17823],[-44.57244,-15.1794],[-44.57196,-15.18508],[-44.56964,-15.18891],[-44.57055,-15.1907],[-44.57232,-15.19164],[-44.57263,-15.19313],[-44.56965,-15.19356],[-44.56467,-15.19601],[-44.56309,-15.19776],[-44.56101,-15.20231],[-44.56188,-15.20568],[-44.56358,-15.2069],[-44.56194,-15.20841],[-44.56053,-15.21374],[-44.56274,-15.21843],[-44.56231,-15.22072],[-44.55959,-15.22404],[-44.56025,-15.22828],[-44.55964,-15.22989],[-44.55823,-15.23079],[-44.55795,-15.23302],[-44.55478,-15.23512],[-44.55186,-15.23554],[-44.55029,-15.23888],[-44.5478,-15.24124],[-44.54373,-15.23856],[-44.54179,-15.23841],[-44.54028,-15.23967],[-44.53986,-15.24264],[-44.53634,-15.24498],[-44.53484,-15.24672],[-44.53053,-15.2489],[-44.52486,-15.25417],[-44.52319,-15.258],[-44.52609,-15.26284],[-44.52724,-15.26886],[-44.52315,-15.27119],[-44.52283,-15.27455],[-44.52042,-15.28005],[-44.52027,-15.28184],[-44.52025,-15.28503],[-44.52246,-15.28731],[-44.53034,-15.28757],[-44.53126,-15.28956],[-44.53285,-15.2909],[-44.53348,-15.29663],[-44.53469,-15.30045],[-44.53413,-15.30329],[-44.53486,-15.30744],[-44.53732,-15.30995],[-44.53813,-15.31261],[-44.53974,-15.31374],[-44.54358,-15.31925],[-44.54565,-15.32086],[-44.54634,-15.32324],[-44.54953,-15.32529],[-44.54827,-15.3296],[-44.5489,-15.33255],[-44.54834,-15.33397],[-44.5475,-15.33432],[-44.5489,-15.33609],[-44.54912,-15.33936],[-44.55032,-15.33982],[-44.5539,-15.33943],[-44.55624,-15.33789],[-44.55718,-15.33569],[-44.56215,-15.33292],[-44.56351,-15.33265],[-44.56587,-15.33342],[-44.56948,-15.33625],[-44.57167,-15.34068],[-44.56966,-15.34188],[-44.56551,-15.34644],[-44.56792,-15.34681],[-44.56958,-15.34821],[-44.57061,-15.34772],[-44.57653,-15.34834],[-44.57745,-15.34951],[-44.57885,-15.35379],[-44.57754,-15.35743],[-44.57707,-15.36203],[-44.57424,-15.36424],[-44.5741,-15.36771],[-44.57479,-15.36909],[-44.57882,-15.37173],[-44.58132,-15.37615],[-44.58073,-15.37725],[-44.58464,-15.38003],[-44.58495,-15.38264],[-44.58434,-15.38501],[-44.58253,-15.38598],[-44.58054,-15.38944],[-44.5803,-15.39273],[-44.58262,-15.40011],[-44.58162,-15.4006],[-44.58053,-15.40314],[-44.57881,-15.40434],[-44.57956,-15.40729],[-44.57888,-15.41248],[-44.58359,-15.41702],[-44.58438,-15.42313],[-44.58529,-15.42402],[-44.5891,-15.42502],[-44.59221,-15.42721],[-44.5925,-15.42889],[-44.59535,-15.43154],[-44.59615,-15.43487],[-44.59535,-15.43623],[-44.5953,-15.4424],[-44.59387,-15.44223],[-44.59187,-15.44319],[-44.58997,-15.44514],[-44.58962,-15.44704],[-44.59236,-15.44957],[-44.59404,-15.45364],[-44.59751,-15.45645],[-44.59767,-15.45843],[-44.60095,-15.46052],[-44.60611,-15.46136],[-44.60609,-15.46226],[-44.60702,-15.46273],[-44.60733,-15.46576],[-44.60842,-15.46606],[-44.60726,-15.47404],[-44.60814,-15.47436],[-44.60911,-15.47346],[-44.61027,-15.47355],[-44.61425,-15.47683],[-44.62441,-15.47842],[-44.62546,-15.48203],[-44.62776,-15.48343],[-44.62904,-15.48544],[-44.62899,-15.48806],[-44.63007,-15.49058],[-44.63474,-15.49387],[-44.63676,-15.49659],[-44.63808,-15.50049],[-44.64002,-15.50351],[-44.64193,-15.50516],[-44.643,-15.50904],[-44.64312,-15.51108],[-44.64065,-15.51302],[-44.64154,-15.51379],[-44.64203,-15.51809],[-44.64165,-15.52044],[-44.64258,-15.52159],[-44.64207,-15.52407],[-44.64049,-15.52557],[-44.64359,-15.52781],[-44.64368,-15.53076],[-44.64238,-15.53476],[-44.64234,-15.53694],[-44.64022,-15.5382],[-44.64079,-15.54108],[-44.63976,-15.54296],[-44.64155,-15.54542],[-44.64097,-15.54591],[-44.641,-15.54902],[-44.64041,-15.54993],[-44.64165,-15.55115],[-44.6403,-15.55455],[-44.64031,-15.55721],[-44.63853,-15.55895],[-44.63414,-15.56029],[-44.63502,-15.56304],[-44.63793,-15.56596],[-44.63629,-15.56962],[-44.6381,-15.57211],[-44.63853,-15.57436],[-44.6373,-15.57732],[-44.63799,-15.57766],[-44.63799,-15.5791],[-44.63581,-15.58249],[-44.63455,-15.5879],[-44.63149,-15.59116],[-44.63097,-15.5921],[-44.63141,-15.5935],[-44.62861,-15.59675],[-44.62644,-15.60165],[-44.6286,-15.60632],[-44.62713,-15.60946],[-44.62967,-15.61048],[-44.62968,-15.61151],[-44.62832,-15.6136],[-44.62634,-15.61419],[-44.62564,-15.61552],[-44.62398,-15.61655],[-44.62394,-15.61821],[-44.62299,-15.61908],[-44.6232,-15.62024],[-44.62131,-15.62157],[-44.61875,-15.62151],[-44.6182,-15.62317],[-44.6165,-15.6223],[-44.61274,-15.6256],[-44.61375,-15.6266],[-44.61453,-15.63336],[-44.61087,-15.63434],[-44.61004,-15.63822],[-44.612,-15.63927],[-44.6139,-15.64624],[-44.60755,-15.64874],[-44.60629,-15.64626],[-44.60451,-15.64576],[-44.60281,-15.64738],[-44.60387,-15.65134],[-44.6033,-15.65196],[-44.59824,-15.65197],[-44.59736,-15.65106],[-44.59512,-15.65084],[-44.59291,-15.65261],[-44.58969,-15.65305],[-44.58888,-15.65498],[-44.58479,-15.65399],[-44.58536,-15.65572],[-44.5846,-15.65746],[-44.58032,-15.65872],[-44.57925,-15.65544],[-44.57707,-15.65465],[-44.57415,-15.65494],[-44.57398,-15.65708],[-44.56756,-15.65648],[-44.56655,-15.65694],[-44.56572,-15.65849],[-44.56428,-15.6588],[-44.56299,-15.66005],[-44.56159,-15.65976],[-44.56309,-15.6542],[-44.56267,-15.65283],[-44.56054,-15.65163],[-44.55933,-15.65004],[-44.55639,-15.65111],[-44.55496,-15.65334],[-44.55311,-15.65251],[-44.55075,-15.65327],[-44.54929,-15.65686],[-44.54452,-15.65598],[-44.54376,-15.6587],[-44.54092,-15.65923],[-44.54096,-15.66098],[-44.53993,-15.66123],[-44.53886,-15.66255],[-44.53944,-15.66625],[-44.53645,-15.66886],[-44.53475,-15.67139],[-44.53171,-15.67265],[-44.531,-15.67686],[-44.52814,-15.68097],[-44.53674,-15.69023],[-44.5415,-15.69374],[-44.54586,-15.69615],[-44.55051,-15.69699],[-44.55745,-15.7003],[-44.56089,-15.70143],[-44.56871,-15.70212],[-44.57244,-15.69922],[-44.57551,-15.69818],[-44.5816,-15.69959],[-44.58459,-15.70157],[-44.58509,-15.70281],[-44.59276,-15.70797],[-44.6041,-15.71811],[-44.60582,-15.71773],[-44.61035,-15.71439],[-44.61204,-15.71438],[-44.61267,-15.71535],[-44.61679,-15.71497],[-44.61995,-15.71276],[-44.62293,-15.70738],[-44.6291,-15.70176],[-44.63426,-15.69846],[-44.63801,-15.69472],[-44.64645,-15.69434],[-44.65019,-15.69555],[-44.65452,-15.69582],[-44.65713,-15.69483],[-44.66029,-15.68527],[-44.66435,-15.68222],[-44.67002,-15.67464],[-44.67566,-15.67145],[-44.68078,-15.66978],[-44.68627,-15.66894],[-44.68937,-15.66597],[-44.69675,-15.66161],[-44.70825,-15.66135],[-44.71119,-15.66014],[-44.71442,-15.65184],[-44.7167,-15.64958],[-44.71908,-15.64362],[-44.72573,-15.63735],[-44.72658,-15.63557],[-44.73157,-15.63219],[-44.74103,-15.63021],[-44.74445,-15.62863],[-44.74614,-15.62645],[-44.74587,-15.62087],[-44.74434,-15.61488],[-44.73897,-15.60866],[-44.73868,-15.60404],[-44.73931,-15.60229],[-44.74502,-15.59454],[-44.7486,-15.58356],[-44.75771,-15.56909],[-44.76011,-15.56691],[-44.76611,-15.56433],[-44.77619,-15.5571],[-44.77958,-15.55581],[-44.78709,-15.5543],[-44.79342,-15.55427],[-44.79903,-15.55291],[-44.80981,-15.55386],[-44.81215,-15.55283],[-44.82437,-15.5399],[-44.82846,-15.529],[-44.83742,-15.51886],[-44.83908,-15.51587],[-44.84151,-15.5074],[-44.84241,-15.50659],[-44.8446,-15.50616],[-44.85196,-15.50854],[-44.85708,-15.51436],[-44.85822,-15.5148],[-44.8713,-15.51701],[-44.87446,-15.51843],[-44.88056,-15.52519],[-44.88406,-15.52788],[-44.88648,-15.52872],[-44.8905,-15.52486],[-44.89167,-15.52098],[-44.89167,-15.51838],[-44.89408,-15.51512],[-44.89678,-15.51281],[-44.90436,-15.51011],[-44.91291,-15.5015],[-44.91724,-15.50108],[-44.92459,-15.49911],[-44.92529,-15.49839],[-44.93095,-15.49789],[-44.93484,-15.50047],[-44.93662,-15.50371],[-44.94223,-15.50741],[-44.94731,-15.50796],[-44.95175,-15.50946],[-44.9555,-15.50682],[-44.95672,-15.50476],[-44.9563,-15.50095],[-44.95689,-15.49692],[-44.95399,-15.49156],[-44.96158,-15.48964],[-44.96209,-15.48659],[-44.96401,-15.48324],[-44.96777,-15.48311],[-44.96982,-15.48493],[-44.97575,-15.48446],[-44.97749,-15.48574],[-44.97936,-15.48598],[-44.98042,-15.48834],[-44.98129,-15.48884],[-44.98383,-15.48782],[-44.98548,-15.4882],[-44.98668,-15.48758],[-44.99118,-15.48751],[-44.99396,-15.485],[-44.99904,-15.48629],[-45.00042,-15.48583],[-45.00247,-15.48635],[-45.00363,-15.48427],[-45.00856,-15.47927],[-45.00889,-15.47468],[-45.01074,-15.47206],[-45.01605,-15.47073],[-45.01716,-15.46961],[-45.01866,-15.46353],[-45.02297,-15.4607],[-45.02648,-15.46109],[-45.02732,-15.4601],[-45.02792,-15.45684],[-45.03013,-15.45517],[-45.03057,-15.45378],[-45.03195,-15.45274],[-45.03637,-15.45143],[-45.03761,-15.45019],[-45.04035,-15.45069],[-45.04129,-15.45007],[-45.04759,-15.45047],[-45.04855,-15.45181],[-45.04981,-15.45121],[-45.05515,-15.45261],[-45.05664,-15.45365],[-45.05876,-15.4536],[-45.05909,-15.45289],[-45.06481,-15.45279],[-45.0694,-15.45376],[-45.07128,-15.45311],[-45.07504,-15.45394],[-45.07813,-15.45615],[-45.07999,-15.45644],[-45.08147,-15.45537],[-45.08285,-15.45555],[-45.08395,-15.45693],[-45.08414,-15.45918],[-45.08612,-15.45943],[-45.08667,-15.46081],[-45.08919,-15.46297],[-45.09154,-15.46199],[-45.09962,-15.46078],[-45.10204,-15.46269],[-45.10658,-15.46167],[-45.10412,-15.45899],[-45.10322,-15.453],[-45.10086,-15.45041],[-45.10134,-15.44814],[-45.09906,-15.44263],[-45.09985,-15.43897],[-45.09917,-15.43771],[-45.09922,-15.4354],[-45.10079,-15.43254],[-45.10398,-15.43123],[-45.10551,-15.43192],[-45.10776,-15.43028],[-45.11088,-15.43044],[-45.11143,-15.4316],[-45.11419,-15.4307],[-45.11965,-15.43158],[-45.11985,-15.42862],[-45.11969,-15.42625],[-45.11547,-15.42132],[-45.11408,-15.41698],[-45.11389,-15.41046],[-45.11445,-15.40776],[-45.11161,-15.40602],[-45.10939,-15.40573],[-45.10714,-15.4042],[-45.10577,-15.40221],[-45.10575,-15.39881],[-45.10628,-15.39837],[-45.10495,-15.3971],[-45.10579,-15.39266],[-45.10724,-15.39144],[-45.10955,-15.39148],[-45.11704,-15.38595],[-45.12091,-15.38596],[-45.12271,-15.38687],[-45.12454,-15.38542],[-45.12613,-15.38524],[-45.12694,-15.38422],[-45.12664,-15.38218],[-45.12766,-15.37948],[-45.1304,-15.37809],[-45.13331,-15.37785],[-45.13717,-15.37618],[-45.13761,-15.37363],[-45.14533,-15.36981],[-45.14913,-15.37101],[-45.15109,-15.37101],[-45.1538,-15.37297],[-45.15621,-15.37641],[-45.15927,-15.37625],[-45.16252,-15.37516],[-45.16583,-15.37584],[-45.16673,-15.37816],[-45.16771,-15.37874],[-45.17765,-15.37967],[-45.17928,-15.38127],[-45.18118,-15.38154],[-45.18514,-15.38373],[-45.18871,-15.38408],[-45.19313,-15.38626],[-45.1956,-15.38527],[-45.19455,-15.38397],[-45.19532,-15.38153],[-45.19445,-15.378],[-45.19696,-15.37262],[-45.19592,-15.37183],[-45.19495,-15.36911],[-45.19365,-15.36854],[-45.19163,-15.36451],[-45.18868,-15.36226],[-45.18845,-15.35994],[-45.18747,-15.35938],[-45.1871,-15.35742],[-45.18418,-15.35683],[-45.1887,-15.35073],[-45.1931,-15.34801],[-45.19498,-15.34814],[-45.19752,-15.35013],[-45.19838,-15.34901],[-45.20143,-15.34796],[-45.20402,-15.34548],[-45.20579,-15.34504],[-45.20926,-15.34545],[-45.20966,-15.34053],[-45.20922,-15.33897],[-45.20604,-15.33924],[-45.20428,-15.33727],[-45.19658,-15.33642],[-45.19143,-15.33347],[-45.19132,-15.33275],[-45.18916,-15.332],[-45.18758,-15.3328],[-45.18413,-15.33155],[-45.18242,-15.33248],[-45.17835,-15.33265],[-45.17591,-15.32966],[-45.17616,-15.32788],[-45.17482,-15.32021],[-45.17746,-15.31703],[-45.18079,-15.31485],[-45.1815,-15.31294],[-45.18489,-15.31117],[-45.18542,-15.30847],[-45.18487,-15.30541],[-45.18811,-15.29804],[-45.19553,-15.29493],[-45.19608,-15.29496],[-45.19643,-15.29609],[-45.19848,-15.29634],[-45.2021,-15.2956],[-45.20577,-15.2999],[-45.20783,-15.29943],[-45.20915,-15.30103],[-45.21302,-15.30093],[-45.21374,-15.29895],[-45.21339,-15.29792],[-45.2145,-15.29768],[-45.21529,-15.29569],[-45.2201,-15.29347],[-45.22346,-15.29445],[-45.22702,-15.29711],[-45.22875,-15.29658],[-45.23109,-15.29727],[-45.23285,-15.29681],[-45.23319,-15.29572],[-45.2352,-15.29503],[-45.23477,-15.29248],[-45.23175,-15.28997],[-45.23244,-15.28537],[-45.23348,-15.28341],[-45.23754,-15.28141],[-45.23878,-15.27909],[-45.24139,-15.27753],[-45.24318,-15.27813],[-45.24414,-15.28008],[-45.24706,-15.28242],[-45.25007,-15.28117],[-45.25331,-15.28213],[-45.26031,-15.28125],[-45.26233,-15.28154],[-45.26422,-15.28264],[-45.26514,-15.28456],[-45.27058,-15.28368],[-45.27226,-15.28231],[-45.27428,-15.28211],[-45.27632,-15.28337],[-45.27723,-15.28279],[-45.27876,-15.28331],[-45.27908,-15.28195],[-45.28153,-15.28223],[-45.28298,-15.28616],[-45.285,-15.28594],[-45.28532,-15.28833],[-45.28708,-15.2884],[-45.28821,-15.28761],[-45.28899,-15.28946],[-45.29433,-15.292],[-45.29551,-15.29465],[-45.29576,-15.29716],[-45.29926,-15.29737],[-45.30058,-15.29906],[-45.30057,-15.30171],[-45.3043,-15.30468],[-45.30725,-15.30527],[-45.30974,-15.30345],[-45.31209,-15.30372],[-45.31398,-15.30482],[-45.31579,-15.30384],[-45.31599,-15.3061],[-45.31813,-15.30565],[-45.32098,-15.3072],[-45.32237,-15.30598],[-45.32305,-15.30236],[-45.32459,-15.30204],[-45.33253,-15.2965],[-45.33463,-15.2958],[-45.33411,-15.29535],[-45.33462,-15.29405],[-45.33643,-15.29368],[-45.33678,-15.29226],[-45.33837,-15.29205],[-45.339,-15.28895],[-45.33779,-15.28709],[-45.33756,-15.28372],[-45.3388,-15.28131],[-45.33785,-15.27908],[-45.33682,-15.27865],[-45.33519,-15.27597],[-45.33643,-15.2733],[-45.33538,-15.27021],[-45.33607,-15.26741],[-45.33747,-15.26884],[-45.33972,-15.26766],[-45.34112,-15.26973],[-45.34482,-15.2691],[-45.34942,-15.2668],[-45.3498,-15.26536],[-45.35439,-15.26406],[-45.35556,-15.26255],[-45.35934,-15.26189],[-45.3599,-15.26061],[-45.35943,-15.25972],[-45.36309,-15.25758],[-45.36482,-15.25766],[-45.36691,-15.26112],[-45.36871,-15.26014],[-45.36934,-15.25889],[-45.36806,-15.2554],[-45.36621,-15.25503],[-45.36575,-15.25355],[-45.36482,-15.25311],[-45.3646,-15.25021],[-45.36313,-15.24974],[-45.36424,-15.24895],[-45.3642,-15.24743],[-45.36516,-15.24632],[-45.36915,-15.24501],[-45.37337,-15.24689],[-45.37522,-15.24602],[-45.37637,-15.24663],[-45.37896,-15.24535],[-45.38115,-15.24546],[-45.38264,-15.24477],[-45.38245,-15.24223],[-45.38371,-15.24135],[-45.38781,-15.24156],[-45.38909,-15.24022],[-45.39082,-15.24052],[-45.3916,-15.2421],[-45.39344,-15.24298],[-45.3933,-15.24536],[-45.39452,-15.24605],[-45.39599,-15.2447],[-45.39838,-15.24444],[-45.39844,-15.24826],[-45.39962,-15.24861],[-45.40192,-15.24749],[-45.40567,-15.2469],[-45.40676,-15.2484],[-45.40606,-15.2487],[-45.40507,-15.25209],[-45.4055,-15.25481],[-45.40622,-15.25574],[-45.40969,-15.2553],[-45.41088,-15.2563],[-45.41097,-15.25893],[-45.41263,-15.26056],[-45.41441,-15.26099],[-45.4156,-15.25947],[-45.41663,-15.26019],[-45.41633,-15.26199],[-45.41823,-15.2647],[-45.41905,-15.26383],[-45.4216,-15.26439],[-45.424,-15.26659],[-45.42357,-15.26873],[-45.42765,-15.26933],[-45.42873,-15.27003],[-45.43009,-15.26792],[-45.42946,-15.26747],[-45.43031,-15.26506],[-45.42985,-15.26296],[-45.4326,-15.25926],[-45.43512,-15.25827],[-45.43552,-15.25744],[-45.43433,-15.2564],[-45.43322,-15.2538],[-45.43344,-15.25114],[-45.43466,-15.24922],[-45.43505,-15.24571],[-45.43708,-15.24313],[-45.43733,-15.24164],[-45.43923,-15.24233],[-45.44119,-15.24456],[-45.44636,-15.2443],[-45.44918,-15.24703],[-45.44961,-15.24432],[-45.45198,-15.24325],[-45.45481,-15.2391],[-45.45425,-15.23813],[-45.45238,-15.23713],[-45.45302,-15.23607],[-45.45273,-15.23366],[-45.45329,-15.23103],[-45.45583,-15.22631],[-45.45778,-15.22656],[-45.4614,-15.22355],[-45.45613,-15.21951],[-45.45325,-15.21858],[-45.45284,-15.21947],[-45.45152,-15.21993],[-45.44616,-15.21797],[-45.4447,-15.21809],[-45.44234,-15.21666],[-45.44133,-15.21494],[-45.44003,-15.2161],[-45.43855,-15.21515],[-45.43704,-15.21532],[-45.4367,-15.21448],[-45.43456,-15.2146],[-45.43245,-15.21355],[-45.43053,-15.21109],[-45.42788,-15.20999],[-45.42609,-15.20536],[-45.42352,-15.20442],[-45.42207,-15.20494],[-45.4189,-15.20424],[-45.4191,-15.20202],[-45.41679,-15.19965],[-45.41457,-15.19385],[-45.41454,-15.19017],[-45.41535,-15.18912],[-45.41485,-15.18755],[-45.41548,-15.18564],[-45.4153,-15.183],[-45.41215,-15.1801],[-45.41154,-15.17822],[-45.40765,-15.17545],[-45.40521,-15.17427],[-45.40194,-15.17382],[-45.39979,-15.17433],[-45.3952,-15.1716],[-45.39332,-15.16697],[-45.39341,-15.16386],[-45.39048,-15.16033],[-45.38847,-15.15912],[-45.38749,-15.15251],[-45.38821,-15.1498],[-45.38666,-15.14596],[-45.38715,-15.14415],[-45.38903,-15.14205],[-45.38929,-15.14038],[-45.39084,-15.13849],[-45.39124,-15.13676],[-45.38966,-15.13598],[-45.39032,-15.13548],[-45.39022,-15.13461],[-45.38756,-15.13088],[-45.38739,-15.129],[-45.38889,-15.12851],[-45.38807,-15.1284],[-45.38716,-15.12702],[-45.38791,-15.12521],[-45.38628,-15.12451],[-45.37965,-15.12472],[-45.37793,-15.12539],[-45.3764,-15.12453],[-45.37188,-15.1246],[-45.37015,-15.12001],[-45.36698,-15.11863],[-45.36505,-15.11494],[-45.362,-15.11349],[-45.36077,-15.11357],[-45.36044,-15.11171],[-45.35775,-15.11119],[-45.35608,-15.11176],[-45.35275,-15.11152],[-45.35069,-15.11023],[-45.34921,-15.10723],[-45.34941,-15.10523],[-45.3471,-15.10422],[-45.34686,-15.10315],[-45.34205,-15.09856],[-45.33888,-15.09767],[-45.33587,-15.09577],[-45.33064,-15.09831],[-45.33035,-15.09602],[-45.33116,-15.09497],[-45.33018,-15.09177],[-45.32707,-15.08931],[-45.32637,-15.0884],[-45.32686,-15.0876],[-45.32548,-15.0868],[-45.32483,-15.08519],[-45.32191,-15.08371],[-45.32119,-15.08136],[-45.32008,-15.08017],[-45.3173,-15.07894],[-45.31516,-15.07971],[-45.31445,-15.0785],[-45.31455,-15.07687],[-45.31316,-15.07699],[-45.31265,-15.07608],[-45.31385,-15.07374],[-45.31277,-15.07102],[-45.31173,-15.0709],[-45.30915,-15.0736],[-45.30651,-15.07381],[-45.3045,-15.07517],[-45.30219,-15.07403],[-45.30152,-15.0747],[-45.29947,-15.07492],[-45.29886,-15.07645],[-45.29717,-15.0758],[-45.29273,-15.07617],[-45.28931,-15.07407],[-45.28849,-15.07541],[-45.28611,-15.07694],[-45.28428,-15.07664],[-45.28236,-15.07468],[-45.28163,-15.0755],[-45.28032,-15.07562],[-45.27809,-15.07387],[-45.27722,-15.07417],[-45.27477,-15.07131],[-45.27267,-15.07173],[-45.27145,-15.0698],[-45.26844,-15.06827],[-45.26683,-15.06644],[-45.26684,-15.06527],[-45.26472,-15.06397],[-45.26547,-15.0608],[-45.26481,-15.06016],[-45.26264,-15.06098],[-45.26086,-15.05919],[-45.25988,-15.05529],[-45.25837,-15.0553],[-45.25723,-15.05346],[-45.25549,-15.05251],[-45.25303,-15.05317],[-45.25238,-15.05146],[-45.25378,-15.05115],[-45.25496,-15.04957],[-45.25311,-15.04865],[-45.2532,-15.04713],[-45.25201,-15.04566],[-45.25237,-15.04423],[-45.25059,-15.04319],[-45.24911,-15.04042],[-45.24781,-15.04076],[-45.24559,-15.03992],[-45.24425,-15.04052],[-45.24361,-15.04176],[-45.24287,-15.04166],[-45.24167,-15.043],[-45.24162,-15.04449],[-45.2405,-15.04541],[-45.2377,-15.0443],[-45.23767,-15.0428],[-45.23555,-15.04109],[-45.23391,-15.04114],[-45.23143,-15.03937],[-45.22955,-15.03949],[-45.22927,-15.03885],[-45.2276,-15.03927],[-45.22568,-15.03849],[-45.22355,-15.04008],[-45.22242,-15.03998],[-45.22109,-15.04308],[-45.22006,-15.04363],[-45.2178,-15.04248],[-45.2141,-15.04576],[-45.21415,-15.04648],[-45.21192,-15.04631],[-45.21209,-15.04891],[-45.20962,-15.04759],[-45.20735,-15.04796],[-45.20526,-15.0496],[-45.2064,-15.05335],[-45.20514,-15.05501],[-45.20401,-15.0549],[-45.20247,-15.05592],[-45.20001,-15.05359],[-45.19889,-15.05441],[-45.19693,-15.05358],[-45.19787,-15.05216],[-45.19755,-15.05067],[-45.1961,-15.04919],[-45.19527,-15.04912],[-45.19503,-15.05184],[-45.1925,-15.05174],[-45.19246,-15.05354],[-45.19181,-15.05425],[-45.19052,-15.05244],[-45.18856,-15.05256],[-45.18852,-15.05067],[-45.18563,-15.04843],[-45.18538,-15.0501],[-45.18384,-15.05208],[-45.18512,-15.05497],[-45.18518,-15.05731],[-45.18416,-15.058],[-45.18125,-15.05805],[-45.17963,-15.05671],[-45.17655,-15.05838],[-45.17496,-15.05766],[-45.17419,-15.05809],[-45.1737,-15.06215],[-45.17235,-15.06505],[-45.17005,-15.06373],[-45.1697,-15.06499],[-45.16709,-15.06657],[-45.16642,-15.06802],[-45.16644,-15.07107],[-45.16835,-15.07213],[-45.16845,-15.0737],[-45.16684,-15.07355],[-45.16468,-15.07514],[-45.16029,-15.07644],[-45.15912,-15.07878],[-45.15642,-15.07659],[-45.15735,-15.07626],[-45.15703,-15.07486],[-45.15577,-15.07404],[-45.15324,-15.07499],[-45.15117,-15.07337],[-45.15,-15.0714],[-45.14854,-15.07161],[-45.14813,-15.07045],[-45.14625,-15.06967],[-45.14581,-15.06818],[-45.1464,-15.06701],[-45.14543,-15.06455],[-45.14601,-15.06354],[-45.14556,-15.06172],[-45.14651,-15.06027],[-45.14603,-15.05804],[-45.14434,-15.05685],[-45.14379,-15.05743],[-45.14264,-15.05581],[-45.14212,-15.05478],[-45.14247,-15.05417],[-45.14128,-15.0533],[-45.13935,-15.04941],[-45.13876,-15.0465],[-45.13499,-15.04694],[-45.13361,-15.04525],[-45.1317,-15.04525],[-45.13098,-15.0438],[-45.12669,-15.04109],[-45.12568,-15.04176],[-45.12209,-15.04113],[-45.12165,-15.0418],[-45.12196,-15.04387],[-45.11947,-15.04983],[-45.11852,-15.05403],[-45.11846,-15.05772],[-45.1176,-15.05927],[-45.11302,-15.06213],[-45.11103,-15.06469],[-45.10995,-15.06768],[-45.11051,-15.06914],[-45.1096,-15.07131],[-45.10608,-15.07534],[-45.10495,-15.0757],[-45.10433,-15.07752],[-45.10343,-15.07796],[-45.10233,-15.07711],[-45.10096,-15.0786],[-45.10057,-15.08201],[-45.09782,-15.08269],[-45.09441,-15.08502],[-45.09198,-15.08398],[-45.08994,-15.08211],[-45.08682,-15.08128],[-45.08577,-15.083],[-45.08388,-15.08395],[-45.07736,-15.08307],[-45.07427,-15.08121],[-45.07192,-15.08218],[-45.07184,-15.08059],[-45.0691,-15.07874],[-45.06635,-15.07397],[-45.06145,-15.06912],[-45.05845,-15.07056],[-45.05409,-15.07447],[-45.04631,-15.07092],[-45.04357,-15.0715],[-45.04142,-15.07313],[-45.04015,-15.07326],[-45.03655,-15.07102],[-45.03422,-15.0707],[-45.03267,-15.07125],[-45.03027,-15.06974],[-45.02975,-15.07035],[-45.02831,-15.07008],[-45.02636,-15.06902],[-45.0231,-15.07063],[-45.02033,-15.0709],[-45.01899,-15.07264],[-45.0177,-15.07287],[-45.01675,-15.07384],[-45.0126,-15.07219],[-45.00949,-15.06925],[-45.00891,-15.06995],[-45.00671,-15.06993],[-45.00466,-15.0708],[-45.00346,-15.06939],[-44.99878,-15.0665],[-44.99574,-15.06626],[-44.99243,-15.06289],[-44.99022,-15.06265],[-44.98955,-15.06155],[-44.98803,-15.06129],[-44.98603,-15.0599],[-44.98465,-15.06121],[-44.98181,-15.05958],[-44.97902,-15.05885],[-44.97809,-15.05948],[-44.97613,-15.05826],[-44.9747,-15.05945],[-44.97326,-15.05931],[-44.97096,-15.06111],[-44.96874,-15.0612],[-44.96843,-15.06244],[-44.96638,-15.06455],[-44.96464,-15.06474],[-44.95923,-15.06198],[-44.95605,-15.05917],[-44.95056,-15.05748],[-44.94166,-15.04932],[-44.93687,-15.04816],[-44.9336,-15.04593],[-44.9314,-15.04611],[-44.93005,-15.04713],[-44.92969,-15.04895],[-44.92853,-15.05005],[-44.92956,-15.05186],[-44.93365,-15.05516],[-44.93223,-15.05593],[-44.93094,-15.05877],[-44.92796,-15.06278],[-44.92772,-15.06448],[-44.92921,-15.06762],[-44.92904,-15.06975],[-44.93103,-15.07192],[-44.93235,-15.07543],[-44.93439,-15.07829],[-44.93695,-15.08],[-44.93673,-15.08144],[-44.93404,-15.08096],[-44.93096,-15.07824],[-44.92894,-15.07796],[-44.92643,-15.07995],[-44.92367,-15.08044],[-44.92025,-15.07932],[-44.91882,-15.08016],[-44.91579,-15.07706],[-44.90996,-15.07739],[-44.90685,-15.07961],[-44.90636,-15.08079],[-44.90523,-15.0807],[-44.90332,-15.08175],[-44.89509,-15.07856],[-44.8924,-15.07536],[-44.88858,-15.07289],[-44.88753,-15.07141],[-44.88345,-15.06984],[-44.88403,-15.06859],[-44.88608,-15.06712],[-44.886,-15.06479],[-44.88532,-15.06341],[-44.8833,-15.06236],[-44.88167,-15.06235],[-44.88119,-15.06014],[-44.88038,-15.05939],[-44.88239,-15.05618],[-44.88176,-15.05521],[-44.88298,-15.05321],[-44.88228,-15.0515],[-44.8875,-15.04493],[-44.8878,-15.04342],[-44.89012,-15.0402],[-44.89201,-15.03996],[-44.89484,-15.03792],[-44.89965,-15.03605],[-44.9006,-15.03498],[-44.8993,-15.03081],[-44.89921,-15.02414],[-44.89763,-15.02119],[-44.89824,-15.01766],[-44.8976,-15.01619],[-44.89803,-15.01524],[-44.89708,-15.01319],[-44.89733,-15.01182],[-44.89927,-15.01011],[-44.89948,-15.0089],[-44.89832,-15.00755],[-44.89956,-15.00693],[-44.89922,-15.0052],[-44.89639,-15.00459],[-44.89397,-15.00502],[-44.89337,-15.00432],[-44.89115,-15.00476],[-44.88927,-15.00369],[-44.88556,-15.00489],[-44.88355,-15.00405],[-44.88285,-15.00235],[-44.87801,-15.00118],[-44.8694,-15.00344],[-44.8672,-15.00578],[-44.86537,-15.00673],[-44.86261,-15.00651],[-44.86022,-15.00531],[-44.85894,-15.00351],[-44.85734,-15.00377],[-44.85684,-15.00528],[-44.85554,-15.00627],[-44.85386,-15.00547],[-44.85119,-15.00637],[-44.85127,-15.00693],[-44.84922,-15.00798],[-44.84708,-15.01156],[-44.84471,-15.01257],[-44.842,-15.00972],[-44.84098,-15.00667],[-44.83919,-15.00664],[-44.8385,-15.00469],[-44.8396,-15.00215],[-44.83916,-15.00114],[-44.83061,-15.00347],[-44.8299,-15.00483],[-44.82769,-15.00507],[-44.82604,-15.00609],[-44.82025,-15.007],[-44.81773,-15.00402],[-44.81451,-15.00292],[-44.81192,-15.0],[-44.80874,-15.00219],[-44.80582,-15.00078],[-44.80211,-15.00171],[-44.80111,-15.00406],[-44.80166,-15.00538],[-44.80042,-15.00713],[-44.80093,-15.01209],[-44.80036,-15.01306],[-44.80267,-15.01384],[-44.80357,-15.01637],[-44.80236,-15.01837],[-44.80082,-15.01862],[-44.79977,-15.02045],[-44.80008,-15.02136],[-44.80151,-15.02203],[-44.79694,-15.02328],[-44.78422,-15.0237],[-44.77397,-15.02328],[-44.77314,-15.02169],[-44.76811,-15.02354],[-44.7666,-15.02297],[-44.76583,-15.02147],[-44.76163,-15.02345],[-44.7612,-15.02486],[-44.75831,-15.02641],[-44.74849,-15.03017],[-44.74746,-15.02962],[-44.74537,-15.03017],[-44.74348,-15.02979],[-44.74307,-15.0282],[-44.74226,-15.02792],[-44.7391,-15.02836],[-44.73598,-15.02694],[-44.73428,-15.0272],[-44.73382,-15.02917],[-44.73623,-15.02992],[-44.73654,-15.03096],[-44.73788,-15.03149],[-44.73856,-15.03376],[-44.73713,-15.03419],[-44.73628,-15.0359],[-44.73586,-15.0345],[-44.7346,-15.03352],[-44.73083,-15.03402],[-44.73027,-15.03603],[-44.72602,-15.03898],[-44.72493,-15.0409],[-44.7275,-15.04419],[-44.72604,-15.04461],[-44.72133,-15.04828],[-44.72174,-15.05156],[-44.71903,-15.05317],[-44.71836,-15.05517],[-44.71353,-15.05592],[-44.71277,-15.0573],[-44.71091,-15.05839],[-44.70852,-15.05813],[-44.70788,-15.05743],[-44.7042,-15.05905],[-44.69322,-15.06792],[-44.68815,-15.07128],[-44.6831,-15.07865],[-44.68156,-15.08242],[-44.68007,-15.09036],[-44.67554,-15.0919],[-44.66021,-15.09173],[-44.65136,-15.0883],[-44.65001,-15.08468],[-44.6482,-15.08474],[-44.64769,-15.08382],[-44.64848,-15.08165],[-44.64819,-15.08097],[-44.64591,-15.07915],[-44.64382,-15.07962],[-44.64232,-15.07897],[-44.63902,-15.08073],[-44.63629,-15.07908],[-44.63006,-15.07856],[-44.62838,-15.07685],[-44.62404,-15.07583]]]}},{"type":"Feature","properties":{"nome_uc":"Paracatu","categoria":"PAR"},"geometry":{"type":"Polygon","coordinates":[[[-47.07282,-17.09184],[-47.07852,-17.08703],[-47.07725,-17.08463],[-47.07588,-17.07796],[-47.07597,-17.07546],[-47.08628,-17.076],[-47.08676,-17.07854],[-47.0885,-17.0794],[-47.08935,-17.07909],[-47.10117,-17.0825],[-47.10574,-17.08243],[-47.1095,-17.08428],[-47.10919,-17.07894],[-47.10979,-17.07507],[-47.10906,-17.07216],[-47.10733,-17.07011],[-47.10146,-17.07065],[-47.10163,-17.06408],[-47.1027,-17.06041],[-47.10219,-17.0575],[-47.10294,-17.05248],[-47.10362,-17.05134],[-47.10154,-17.05158],[-47.10015,-17.05104],[-47.09778,-17.04897],[-47.09655,-17.04901],[-47.09532,-17.04808],[-47.08892,-17.04791],[-47.0878,-17.04712],[-47.08531,-17.0481],[-47.0836,-17.0466],[-47.07943,-17.04676],[-47.0768,-17.05218],[-47.07539,-17.05926],[-47.07225,-17.06389],[-47.07216,-17.06517],[-47.06471,-17.06372],[-47.04041,-17.0486],[-47.03395,-17.04174],[-47.02601,-17.04925],[-47.02988,-17.05325],[-47.0338,-17.06062],[-47.03383,-17.06668],[-47.03213,-17.06923],[-47.03239,-17.07162],[-47.03621,-17.07257],[-47.03762,-17.07453],[-47.04183,-17.07101],[-47.04135,-17.0694],[-47.04416,-17.06997],[-47.03807,-17.07499],[-47.03374,-17.08342],[-47.03473,-17.08477],[-47.03364,-17.08704],[-47.03395,-17.08953],[-47.03342,-17.09244],[-47.0301,-17.09906],[-47.02452,-17.10409],[-47.01911,-17.1079],[-47.01041,-17.11711],[-47.00682,-17.11913],[-47.00688,-17.12237],[-47.00936,-17.12554],[-47.01019,-17.12532],[-47.00987,-17.12642],[-47.0115,-17.13122],[-47.01234,-17.13107],[-47.01249,-17.13282],[-47.01324,-17.13249],[-47.01397,-17.1335],[-47.01328,-17.13415],[-47.01433,-17.13437],[-47.01585,-17.13695],[-47.01966,-17.13888],[-47.01978,-17.13979],[-47.01812,-17.14236],[-47.01169,-17.14773],[-47.01184,-17.14819],[-47.01321,-17.14877],[-47.01438,-17.1479],[-47.01977,-17.14881],[-47.02272,-17.15214],[-47.02868,-17.15306],[-47.02859,-17.15164],[-47.03138,-17.14507],[-47.0336,-17.14436],[-47.03612,-17.14608],[-47.03624,-17.1469],[-47.03763,-17.14691],[-47.03886,-17.14982],[-47.04048,-17.15067],[-47.04119,-17.15032],[-47.04207,-17.15164],[-47.0426,-17.15129],[-47.0439,-17.15297],[-47.04337,-17.15414],[-47.04496,-17.15481],[-47.04886,-17.14992],[-47.05104,-17.14609],[-47.0534,-17.14549],[-47.05378,-17.14385],[-47.05728,-17.14019],[-47.05924,-17.13931],[-47.062,-17.13676],[-47.0654,-17.13676],[-47.06627,-17.13624],[-47.06575,-17.13575],[-47.06723,-17.13537],[-47.06685,-17.13381],[-47.06599,-17.13324],[-47.06808,-17.13262],[-47.06843,-17.13078],[-47.06978,-17.12979],[-47.0698,-17.12908],[-47.07057,-17.12919],[-47.07128,-17.12732],[-47.07236,-17.12741],[-47.07215,-17.12654],[-47.07373,-17.12754],[-47.07544,-17.12514],[-47.07636,-17.12452],[-47.07647,-17.12556],[-47.07755,-17.12478],[-47.07698,-17.12383],[-47.07866,-17.12244],[-47.07811,-17.12118],[-47.07971,-17.12119],[-47.07991,-17.12069],[-47.07911,-17.12001],[-47.07933,-17.11599],[-47.07796,-17.11519],[-47.07843,-17.11379],[-47.07742,-17.11166],[-47.07485,-17.10982],[-47.07469,-17.10858],[-47.07319,-17.10769],[-47.07332,-17.1068],[-47.07148,-17.10472],[-47.06934,-17.10447],[-47.06966,-17.10409],[-47.06911,-17.10374],[-47.07319,-17.09635],[-47.07282,-17.09184]]]}},{"type":"Feature","properties":{"nome_uc":"Parque Cataguás","categoria":"APA"},"geometry":{"type":"Polygon","coordinates":[[[-44.09057,-19.94041],[-44.08838,-19.93978],[-44.08809,-19.9363],[-44.08561,-19.93528],[-44.07825,-19.93749],[-44.07647,-19.94181],[-44.07693,-19.94339],[-44.08039,-19.94305],[-44.08255,-19.94376],[-44.08417,-19.94602],[-44.08566,-19.94211],[-44.08947,-19.94336],[-44.09057,-19.94041]]]}},{"type":"Feature","properties":{"nome_uc":"Pau Furado","categoria":"PAR"},"geometry":{"type":"MultiPolygon","coordinates":[[[[-48.18098,-18.78735],[-48.17775,-18.78261],[-48.178,-18.77798],[-48.17364,-18.77912],[-48.172,-18.77857],[-48.17072,-18.77726],[-48.1661,-18.77886],[-48.16627,-18.77993],[-48.1689,-18.78211],[-48.16849,-18.78343],[-48.1712,-18.78528],[-48.17199,-18.78713],[-48.17106,-18.79041],[-48.17011,-18.79146],[-48.17005,-18.79405],[-48.16857,-18.79709],[-48.16878,-18.7988],[-48.1675,-18.8003],[-48.16749,-18.80306],[-48.16433,-18.80813],[-48.16051,-18.81033],[-48.1601,-18.81155],[-48.15701,-18.81456],[-48.15498,-18.81531],[-48.14989,-18.81561],[-48.14782,-18.815],[-48.14386,-18.81168],[-48.14377,-18.81085],[-48.14066,-18.8072],[-48.14031,-18.80598],[-48.14149,-18.80301],[-48.146,-18.79647],[-48.14704,-18.79624],[-48.14783,-18.79817],[-48.14912,-18.79863],[-48.14898,-18.79435],[-48.14973,-18.7926],[-48.14852,-18.79171],[-48.14307,-18.79553],[-48.14366,-18.79573],[-48.13989,-18.80066],[-48.13912,-18.80371],[-48.13966,-18.80422],[-48.13912,-18.8044],[-48.13892,-18.80718],[-48.1408,-18.81346],[-48.14121,-18.81837],[-48.14046,-18.82455],[-48.15,-18.825],[-48.15085,-18.81978],[-48.15813,-18.82055],[-48.15806,-18.83108],[-48.1558,-18.83114],[-48.15588,-18.83334],[-48.15906,-18.8316],[-48.16005,-18.83178],[-48.16239,-18.83035],[-48.16374,-18.83025],[-48.16451,-18.83042],[-48.16856,-18.83479],[-48.17022,-18.8348],[-48.17284,-18.83668],[-48.17515,-18.83465],[-48.17135,-18.82383],[-48.17938,-18.8224],[-48.17319,-18.81365],[-48.18291,-18.80711],[-48.17511,-18.80091],[-48.17902,-18.7978],[-48.17577,-18.79089],[-48.18098,-18.78735]]],[[[-48.17093,-18.77417],[-48.17262,-18.7778],[-48.17464,-18.77681],[-48.17894,-18.7776],[-48.17836,-18.78175],[-48.17974,-18.78293],[-48.18002,-18.7848],[-48.18473,-18.78899],[-48.18713,-18.78912],[-48.18972,-18.78819],[-48.192,-18.78919],[-48.193,-18.79061],[-48.19808,-18.78955],[-48.20008,-18.78717],[-48.19979,-18.78607],[-48.19645,-18.78367],[-48.19468,-18.78708],[-48.18849,-18.78512],[-48.17984,-18.77402],[-48.17665,-18.77309],[-48.17416,-18.76811],[-48.16458,-18.75605],[-48.16733,-18.75245],[-48.16592,-18.74846],[-48.16425,-18.74606],[-48.15685,-18.74356],[-48.1544,-18.74441],[-48.15382,-18.74329],[-48.1519,-18.74198],[-48.15619,-18.73705],[-48.15545,-18.73657],[-48.15614,-18.73398],[-48.15415,-18.73504],[-48.15162,-18.73489],[-48.14956,-18.73239],[-48.14593,-18.73151],[-48.14447,-18.73543],[-48.14639,-18.7361],[-48.14588,-18.73745],[-48.14645,-18.73998],[-48.14742,-18.74087],[-48.14704,-18.74186],[-48.14499,-18.74404],[-48.14142,-18.74578],[-48.14115,-18.74675],[-48.14039,-18.74668],[-48.13945,-18.7486],[-48.13353,-18.75041],[-48.13512,-18.75389],[-48.13887,-18.75422],[-48.13916,-18.75191],[-48.14284,-18.75241],[-48.14264,-18.75667],[-48.1475,-18.76175],[-48.14713,-18.76204],[-48.14961,-18.76377],[-48.14911,-18.76512],[-48.15072,-18.76529],[-48.15143,-18.76912],[-48.15478,-18.77131],[-48.15693,-18.77489],[-48.15978,-18.77609],[-48.16282,-18.77578],[-48.1625,-18.7748],[-48.16309,-18.77422],[-48.16586,-18.77572],[-48.16731,-18.77583],[-48.16788,-18.77548],[-48.16759,-18.77348],[-48.16914,-18.77333],[-48.17093,-18.77417]]]]}},{"type":"Feature","properties":{"nome_uc":"Peter Lund","categoria":"MONA"},"geometry":{"type":"Polygon","coordinates":[[[-44.35386,-19.12361],[-44.3534,-19.12091],[-44.35262,-19.1199],[-44.35128,-19.11463],[-44.35024,-19.11573],[-44.35106,-19.11883],[-44.34835,-19.12271],[-44.34862,-19.12439],[-44.3481,-19.12579],[-44.3487,-19.12776],[-44.35173,-19.12898],[-44.35281,-19.13015],[-44.35654,-19.13041],[-44.35543,-19.12579],[-44.35397,-19.12339],[-44.35405,-19.12464],[-44.35381,-19.1256],[-44.35351,-19.1259],[-44.35312,-19.12564],[-44.35275,-19.12487],[-44.35095,-19.12556],[-44.35103,-19.1249],[-44.35276,-19.12414],[-44.35367,-19.12465],[-44.35299,-19.12538],[-44.35349,-19.12581],[-44.35386,-19.12361]],[[-44.34901,-19.12527],[-44.34902,-19.12522],[-44.34951,-19.12531],[-44.34901,-19.12527]],[[-44.34995,-19.12539],[-44.34996,-19.12539],[-44.34997,-19.1254],[-44.34995,-19.12539]],[[-44.35028,-19.12563],[-44.35095,-19.12571],[-44.35108,-19.126],[-44.35059,-19.12602],[-44.35028,-19.12563]]]}},{"type":"Feature","properties":{"nome_uc":"Pico da Ibituruna","categoria":"MONA"},"geometry":{"type":"Polygon","coordinates":[[[-41.88645,-18.86856],[-41.88498,-18.86904],[-41.88274,-18.87253],[-41.88637,-18.87741],[-41.88143,-18.87881],[-41.88038,-18.87965],[-41.88028,-18.8813],[-41.88202,-18.88286],[-41.88538,-18.88106],[-41.88797,-18.88107],[-41.88889,-18.88162],[-41.88874,-18.88343],[-41.88981,-18.8841],[-41.89227,-18.88358],[-41.89348,-18.88417],[-41.89009,-18.88602],[-41.88892,-18.88846],[-41.88896,-18.89078],[-41.89008,-18.8921],[-41.88973,-18.89323],[-41.89051,-18.89473],[-41.89117,-18.90152],[-41.89433,-18.90438],[-41.89612,-18.90341],[-41.90372,-18.90274],[-41.90562,-18.90364],[-41.90592,-18.90615],[-41.90745,-18.90683],[-41.90857,-18.90651],[-41.91138,-18.90369],[-41.91136,-18.90229],[-41.91532,-18.89805],[-41.92008,-18.8986],[-41.92141,-18.8981],[-41.92464,-18.89446],[-41.92569,-18.89222],[-41.92535,-18.89091],[-41.92618,-18.88693],[-41.92229,-18.88008],[-41.91993,-18.8813],[-41.9168,-18.8807],[-41.91656,-18.87994],[-41.91515,-18.88039],[-41.91527,-18.87991],[-41.9144,-18.87974],[-41.91081,-18.88167],[-41.9091,-18.88005],[-41.90994,-18.87889],[-41.90923,-18.8748],[-41.90823,-18.87518],[-41.90547,-18.87875],[-41.9012,-18.87946],[-41.90029,-18.8776],[-41.89772,-18.87625],[-41.89622,-18.8728],[-41.89509,-18.87166],[-41.88979,-18.86992],[-41.88858,-18.86886],[-41.88645,-18.86856]]]}},{"type":"Feature","properties":{"nome_uc":"Pico do Itabirito","categoria":"MONA"},"geometry":{"type":"Polygon","coordinates":[[[-43.86921,-20.24283],[-43.86989,-20.24243],[-43.86891,-20.24132],[-43.86944,-20.24083],[-43.86894,-20.24015],[-43.86652,-20.23981],[-43.86645,-20.24127],[-43.86726,-20.24189],[-43.86827,-20.2415],[-43.86921,-20.24283]]]}},{"type":"Feature","properties":{"nome_uc":"Pico do Itambé","categoria":"PAR"},"geometry":{"type":"Polygon","coordinates":[[[-43.3198,-18.36775],[-43.31568,-18.36867],[-43.31088,-18.37586],[-43.30896,-18.38109],[-43.30452,-18.38491],[-43.30084,-18.3894],[-43.30152,-18.39266],[-43.30117,-18.4032],[-43.30206,-18.40792],[-43.30354,-18.40983],[-43.30209,-18.41862],[-43.30268,-18.42029],[-43.30163,-18.42247],[-43.30166,-18.42615],[-43.29856,-18.43013],[-43.30013,-18.43818],[-43.2995,-18.44053],[-43.301,-18.4433],[-43.30257,-18.44376],[-43.30454,-18.44648],[-43.31889,-18.43926],[-43.3216,-18.44076],[-43.32298,-18.44039],[-43.33413,-18.44185],[-43.33785,-18.44106],[-43.34172,-18.44362],[-43.33798,-18.4476],[-43.33647,-18.45009],[-43.33697,-18.45141],[-43.33469,-18.4537],[-43.33655,-18.46466],[-43.34196,-18.46945],[-43.34475,-18.46973],[-43.35677,-18.47645],[-43.35915,-18.48327],[-43.35798,-18.49278],[-43.35854,-18.49482],[-43.36113,-18.49702],[-43.36725,-18.49493],[-43.36863,-18.4904],[-43.36871,-18.48442],[-43.36756,-18.47752],[-43.37008,-18.47306],[-43.37107,-18.46933],[-43.37704,-18.46616],[-43.38306,-18.46112],[-43.38466,-18.45553],[-43.3736,-18.43354],[-43.3682,-18.42135],[-43.36621,-18.41791],[-43.36354,-18.41587],[-43.36196,-18.4128],[-43.36328,-18.40371],[-43.3602,-18.39629],[-43.35997,-18.391],[-43.35844,-18.39021],[-43.35789,-18.38698],[-43.35603,-18.38573],[-43.34356,-18.3826],[-43.3351,-18.3813],[-43.33066,-18.37413],[-43.32878,-18.36984],[-43.32481,-18.36975],[-43.3198,-18.36775]]]}},{"type":"Feature","properties":{"nome_uc":"Rio Corrente","categoria":"PAR"},"geometry":{"type":"Polygon","coordinates":[[[-42.38563,-18.96507],[-42.38591,-18.95385],[-42.38113,-18.9453],[-42.37927,-18.94356],[-42.38034,-18.93845],[-42.3793,-18.93802],[-42.37567,-18.94064],[-42.37391,-18.94082],[-42.36796,-18.93938],[-42.36689,-18.93829],[-42.36364,-18.93773],[-42.36456,-18.93933],[-42.36295,-18.94444],[-42.35805,-18.95291],[-42.35732,-18.95586],[-42.35764,-18.9579],[-42.35532,-18.96149],[-42.35432,-18.96216],[-42.34512,-18.96305],[-42.34464,-18.96384],[-42.34493,-18.96559],[-42.34392,-18.96687],[-42.34077,-18.96619],[-42.32979,-18.9666],[-42.32841,-18.9678],[-42.32754,-18.97114],[-42.3226,-18.97511],[-42.32135,-18.98057],[-42.32141,-18.98292],[-42.31963,-18.98486],[-42.27854,-18.99882],[-42.27545,-19.00356],[-42.27388,-19.00293],[-42.27264,-19.00399],[-42.27067,-19.00391],[-42.26114,-19.01056],[-42.25941,-19.01054],[-42.25185,-19.00476],[-42.24814,-19.00554],[-42.2442,-19.00755],[-42.23927,-19.0067],[-42.23855,-19.00779],[-42.26779,-19.04263],[-42.26992,-19.04404],[-42.27325,-19.05209],[-42.27672,-19.05393],[-42.28012,-19.05337],[-42.28532,-19.04626],[-42.28543,-19.04194],[-42.28947,-19.03789],[-42.29057,-19.02975],[-42.29344,-19.02637],[-42.2961,-19.02576],[-42.29851,-19.02685],[-42.30032,-19.02918],[-42.30707,-19.0343],[-42.31326,-19.03637],[-42.31456,-19.03483],[-42.3161,-19.03271],[-42.31698,-19.02989],[-42.31613,-19.02377],[-42.31327,-19.02046],[-42.31818,-19.01778],[-42.32051,-19.01487],[-42.32143,-19.00317],[-42.32382,-18.99802],[-42.32563,-18.99613],[-42.32717,-18.99504],[-42.33832,-18.99421],[-42.3453,-18.97918],[-42.36268,-18.98054],[-42.37669,-18.97797],[-42.37626,-18.97512],[-42.37371,-18.9705],[-42.37154,-18.96937],[-42.36737,-18.96941],[-42.36623,-18.96742],[-42.36962,-18.96496],[-42.36959,-18.96277],[-42.3718,-18.96009],[-42.37267,-18.95767],[-42.37401,-18.96016],[-42.37835,-18.96448],[-42.38195,-18.96602],[-42.38444,-18.9662],[-42.38563,-18.96507]]]}},{"type":"Feature","properties":{"nome_uc":"Rio Doce","categoria":"PAR"},"geometry":{"type":"Polygon","coordinates":[[[-42.64295,-19.7875],[-42.64394,-19.78436],[-42.64078,-19.78014],[-42.64138,-19.77827],[-42.64135,-19.77361],[-42.63678,-19.768],[-42.6378,-19.76457],[-42.63516,-19.76322],[-42.63623,-19.76154],[-42.63559,-19.75632],[-42.63981,-19.75484],[-42.63556,-19.75612],[-42.63472,-19.75139],[-42.63804,-19.75032],[-42.63863,-19.74692],[-42.64098,-19.7446],[-42.64117,-19.74285],[-42.64216,-19.74158],[-42.64035,-19.74009],[-42.64113,-19.73622],[-42.64297,-19.73234],[-42.63948,-19.73165],[-42.63759,-19.72717],[-42.63501,-19.72647],[-42.6341,-19.72296],[-42.63252,-19.72134],[-42.63065,-19.72163],[-42.6296,-19.7186],[-42.62828,-19.71712],[-42.62733,-19.71713],[-42.6267,-19.71834],[-42.62552,-19.71878],[-42.62338,-19.71761],[-42.62082,-19.71719],[-42.62353,-19.71227],[-42.62246,-19.71073],[-42.6228,-19.70767],[-42.62199,-19.70707],[-42.62101,-19.70271],[-42.62273,-19.69903],[-42.62551,-19.6952],[-42.62544,-19.69455],[-42.62278,-19.69411],[-42.6247,-19.67908],[-42.62339,-19.67842],[-42.61955,-19.67817],[-42.61832,-19.67676],[-42.61562,-19.67917],[-42.60222,-19.68213],[-42.59997,-19.67924],[-42.59986,-19.67648],[-42.60082,-19.67452],[-42.60007,-19.67433],[-42.59995,-19.67356],[-42.60185,-19.67345],[-42.60078,-19.67154],[-42.60199,-19.67122],[-42.60079,-19.66906],[-42.60002,-19.66935],[-42.59953,-19.66665],[-42.60019,-19.66591],[-42.59982,-19.66262],[-42.59742,-19.66168],[-42.5946,-19.66249],[-42.59213,-19.66109],[-42.58986,-19.65651],[-42.58758,-19.65488],[-42.58522,-19.65006],[-42.58172,-19.64784],[-42.58148,-19.64664],[-42.57995,-19.64718],[-42.57823,-19.64561],[-42.57468,-19.6355],[-42.57434,-19.63272],[-42.57662,-19.63087],[-42.57957,-19.63056],[-42.58067,-19.62845],[-42.58036,-19.62485],[-42.58191,-19.62429],[-42.58097,-19.62337],[-42.58259,-19.62073],[-42.58155,-19.61933],[-42.5821,-19.61801],[-42.58141,-19.6175],[-42.58175,-19.61674],[-42.58113,-19.61658],[-42.58141,-19.60875],[-42.57905,-19.60504],[-42.57968,-19.60426],[-42.57882,-19.60428],[-42.57976,-19.60392],[-42.5812,-19.5953],[-42.5771,-19.5857],[-42.57744,-19.58526],[-42.57599,-19.58159],[-42.57805,-19.57671],[-42.57887,-19.5767],[-42.57846,-19.57603],[-42.57909,-19.57426],[-42.58076,-19.57174],[-42.58142,-19.57172],[-42.58116,-19.56915],[-42.57955,-19.56733],[-42.5791,-19.56504],[-42.57642,-19.56273],[-42.5771,-19.55838],[-42.57517,-19.5551],[-42.57555,-19.55277],[-42.57845,-19.55078],[-42.57891,-19.54851],[-42.58089,-19.54686],[-42.58237,-19.54438],[-42.58548,-19.54176],[-42.58588,-19.5402],[-42.58388,-19.53923],[-42.58462,-19.5389],[-42.58378,-19.53853],[-42.58196,-19.53477],[-42.57741,-19.5372],[-42.57509,-19.53606],[-42.57371,-19.53172],[-42.57085,-19.53553],[-42.56992,-19.53519],[-42.56793,-19.53236],[-42.56817,-19.52987],[-42.57255,-19.52685],[-42.57462,-19.52612],[-42.57505,-19.52499],[-42.57292,-19.51933],[-42.57334,-19.51603],[-42.57097,-19.51057],[-42.57014,-19.51057],[-42.56945,-19.51575],[-42.56794,-19.51846],[-42.56827,-19.51931],[-42.57034,-19.52048],[-42.57045,-19.52234],[-42.5683,-19.52178],[-42.56707,-19.52061],[-42.55862,-19.51813],[-42.55588,-19.51498],[-42.55495,-19.5107],[-42.55425,-19.51005],[-42.55319,-19.51014],[-42.54914,-19.51309],[-42.545,-19.51276],[-42.54114,-19.51378],[-42.53977,-19.51354],[-42.5374,-19.51129],[-42.53999,-19.50754],[-42.54031,-19.5058],[-42.54042,-19.5023],[-42.53863,-19.50004],[-42.53625,-19.49951],[-42.53413,-19.5004],[-42.52444,-19.49372],[-42.51692,-19.49231],[-42.51539,-19.49251],[-42.51925,-19.49559],[-42.52136,-19.49973],[-42.52305,-19.49965],[-42.52363,-19.50161],[-42.52304,-19.50393],[-42.51999,-19.50703],[-42.50362,-19.51585],[-42.50073,-19.52209],[-42.50296,-19.52981],[-42.50807,-19.53722],[-42.51052,-19.54727],[-42.51051,-19.5507],[-42.51307,-19.55137],[-42.52193,-19.55042],[-42.52263,-19.55138],[-42.52202,-19.55293],[-42.52237,-19.55505],[-42.52397,-19.55516],[-42.5255,-19.5567],[-42.52588,-19.5603],[-42.52446,-19.56524],[-42.52304,-19.57523],[-42.52369,-19.57663],[-42.52193,-19.57748],[-42.52004,-19.57744],[-42.51876,-19.57678],[-42.51614,-19.57358],[-42.51282,-19.57237],[-42.49768,-19.57439],[-42.49429,-19.57717],[-42.49099,-19.58274],[-42.49006,-19.58723],[-42.49033,-19.58927],[-42.49351,-19.59442],[-42.49562,-19.59622],[-42.49626,-19.59806],[-42.49432,-19.60372],[-42.49529,-19.60866],[-42.49488,-19.61154],[-42.49342,-19.61384],[-42.4934,-19.61564],[-42.49135,-19.61677],[-42.4911,-19.61797],[-42.49456,-19.6229],[-42.49604,-19.62659],[-42.49627,-19.63034],[-42.49906,-19.63236],[-42.49978,-19.63505],[-42.49802,-19.64068],[-42.49373,-19.6433],[-42.48841,-19.64338],[-42.48447,-19.64143],[-42.48314,-19.64239],[-42.48288,-19.64387],[-42.48636,-19.65306],[-42.48891,-19.65614],[-42.49466,-19.66035],[-42.49619,-19.66276],[-42.49965,-19.67405],[-42.50284,-19.68173],[-42.50275,-19.68786],[-42.50347,-19.69098],[-42.50276,-19.69372],[-42.50022,-19.69712],[-42.50145,-19.70752],[-42.49752,-19.72255],[-42.496,-19.72482],[-42.49369,-19.72606],[-42.48756,-19.72575],[-42.48463,-19.72736],[-42.48361,-19.73411],[-42.48019,-19.73939],[-42.47983,-19.74286],[-42.47772,-19.74821],[-42.47979,-19.75011],[-42.47918,-19.75461],[-42.47979,-19.75679],[-42.48251,-19.75909],[-42.48321,-19.76078],[-42.48,-19.76439],[-42.48,-19.76559],[-42.48098,-19.76714],[-42.48035,-19.76892],[-42.47865,-19.77131],[-42.47668,-19.7719],[-42.47679,-19.77308],[-42.47826,-19.7731],[-42.47963,-19.77227],[-42.47995,-19.77391],[-42.48235,-19.77766],[-42.48222,-19.77987],[-42.48405,-19.78102],[-42.4855,-19.78387],[-42.49193,-19.78539],[-42.49442,-19.78757],[-42.49871,-19.78789],[-42.49929,-19.79013],[-42.50311,-19.78873],[-42.50438,-19.78974],[-42.50349,-19.79337],[-42.50417,-19.79384],[-42.51048,-19.79159],[-42.51196,-19.79209],[-42.51105,-19.79608],[-42.51196,-19.79692],[-42.51842,-19.79934],[-42.52432,-19.8044],[-42.52667,-19.80832],[-42.52824,-19.80965],[-42.52998,-19.81381],[-42.53197,-19.81355],[-42.53509,-19.81058],[-42.53716,-19.81221],[-42.53888,-19.81209],[-42.54005,-19.80807],[-42.54225,-19.80635],[-42.54483,-19.80537],[-42.54799,-19.80634],[-42.55783,-19.81192],[-42.56039,-19.8118],[-42.56334,-19.81714],[-42.565,-19.81765],[-42.56931,-19.8148],[-42.5729,-19.81528],[-42.57792,-19.8134],[-42.5797,-19.81191],[-42.58102,-19.80927],[-42.58267,-19.80943],[-42.58346,-19.8076],[-42.58623,-19.80822],[-42.58599,-19.80625],[-42.58723,-19.80533],[-42.58915,-19.80544],[-42.59157,-19.8004],[-42.59566,-19.79548],[-42.60407,-19.79815],[-42.60799,-19.79676],[-42.61094,-19.79345],[-42.612,-19.79114],[-42.61539,-19.78784],[-42.61734,-19.7875],[-42.62073,-19.78829],[-42.62396,-19.78759],[-42.62918,-19.78835],[-42.63624,-19.7874],[-42.64295,-19.7875]]]}},{"type":"Feature","properties":{"nome_uc":"Rio Pandeiros","categoria":"RVS"},"geometry":{"type":"Polygon","coordinates":[[[-44.75931,-15.50404],[-44.75879,-15.49857],[-44.75439,-15.49577],[-44.75047,-15.50038],[-44.7574,-15.50446],[-44.75724,-15.50509],[-44.74772,-15.50412],[-44.72432,-15.50588],[-44.71532,-15.51867],[-44.72992,-15.52283],[-44.73609,-15.52306],[-44.73613,-15.52361],[-44.73345,-15.52352],[-44.73152,-15.52416],[-44.7324,-15.52709],[-44.72976,-15.53221],[-44.72681,-15.53471],[-44.72605,-15.54105],[-44.72299,-15.54625],[-44.7229,-15.55013],[-44.71381,-15.55802],[-44.71145,-15.55877],[-44.70805,-15.56398],[-44.70716,-15.5665],[-44.7113,-15.57333],[-44.71147,-15.57949],[-44.7096,-15.58429],[-44.70909,-15.58795],[-44.71023,-15.59214],[-44.70919,-15.59581],[-44.70596,-15.59872],[-44.70702,-15.60431],[-44.70564,-15.6087],[-44.69483,-15.61681],[-44.68617,-15.62551],[-44.68371,-15.62366],[-44.68006,-15.63098],[-44.67615,-15.6326],[-44.67266,-15.63125],[-44.67198,-15.63183],[-44.67173,-15.63121],[-44.66719,-15.6314],[-44.66088,-15.6368],[-44.65906,-15.64103],[-44.65971,-15.64559],[-44.65819,-15.64808],[-44.65308,-15.65021],[-44.65136,-15.65173],[-44.60284,-15.6726],[-44.59072,-15.68532],[-44.58466,-15.6905],[-44.57536,-15.69621],[-44.58292,-15.69872],[-44.58765,-15.7051],[-44.59653,-15.69534],[-44.59849,-15.69721],[-44.60927,-15.69763],[-44.60999,-15.69862],[-44.61243,-15.6988],[-44.6176,-15.69851],[-44.61876,-15.69563],[-44.61968,-15.69501],[-44.62646,-15.69303],[-44.62845,-15.68732],[-44.63049,-15.68593],[-44.63281,-15.68473],[-44.64423,-15.68409],[-44.65472,-15.67695],[-44.65971,-15.67008],[-44.66955,-15.66819],[-44.67474,-15.66521],[-44.67624,-15.66304],[-44.67755,-15.65713],[-44.6795,-15.65398],[-44.67872,-15.65144],[-44.68214,-15.64789],[-44.68771,-15.64281],[-44.69036,-15.64355],[-44.69313,-15.64038],[-44.69552,-15.63884],[-44.70123,-15.63886],[-44.70338,-15.63689],[-44.70674,-15.63547],[-44.71014,-15.63045],[-44.71122,-15.62661],[-44.7224,-15.61739],[-44.72412,-15.61326],[-44.72369,-15.60192],[-44.71877,-15.59966],[-44.72024,-15.59486],[-44.71846,-15.58764],[-44.72124,-15.57313],[-44.719,-15.57177],[-44.71742,-15.57183],[-44.71326,-15.56905],[-44.71307,-15.56604],[-44.71518,-15.56376],[-44.7195,-15.56821],[-44.72388,-15.56633],[-44.7273,-15.56271],[-44.72747,-15.55995],[-44.72963,-15.55583],[-44.7313,-15.54754],[-44.73371,-15.54196],[-44.72953,-15.54078],[-44.72912,-15.53834],[-44.72973,-15.53825],[-44.72921,-15.53706],[-44.72972,-15.53654],[-44.73003,-15.53685],[-44.73392,-15.53463],[-44.7388,-15.52987],[-44.74029,-15.52978],[-44.74747,-15.52565],[-44.75321,-15.52557],[-44.75853,-15.52287],[-44.75834,-15.51838],[-44.75672,-15.51158],[-44.75757,-15.50729],[-44.75931,-15.50404]]]}},{"type":"Feature","properties":{"nome_uc":"Rio Preto","categoria":"PAR"},"geometry":{"type":"Polygon","coordinates":[[[-43.34302,-18.07093],[-43.33915,-18.0687],[-43.33997,-18.0693],[-43.33934,-18.0704],[-43.3361,-18.07233],[-43.33639,-18.07432],[-43.33471,-18.07569],[-43.33527,-18.0793],[-43.33196,-18.08102],[-43.32995,-18.08539],[-43.32872,-18.09144],[-43.3267,-18.09464],[-43.32663,-18.09689],[-43.32885,-18.09682],[-43.33003,-18.09906],[-43.32876,-18.10044],[-43.3285,-18.10245],[-43.32292,-18.10428],[-43.3213,-18.10381],[-43.32007,-18.10461],[-43.3203,-18.1062],[-43.31897,-18.1119],[-43.3193,-18.11417],[-43.3175,-18.1154],[-43.31719,-18.11644],[-43.31226,-18.11951],[-43.31384,-18.1226],[-43.31358,-18.12375],[-43.31046,-18.12792],[-43.30987,-18.13301],[-43.31122,-18.13587],[-43.31658,-18.14245],[-43.31805,-18.14267],[-43.3197,-18.14438],[-43.32199,-18.14841],[-43.31958,-18.15061],[-43.31499,-18.15308],[-43.30904,-18.15838],[-43.30978,-18.17756],[-43.30307,-18.18867],[-43.30622,-18.20323],[-43.30768,-18.20754],[-43.31014,-18.21137],[-43.31073,-18.21381],[-43.31052,-18.2166],[-43.31368,-18.21857],[-43.31589,-18.2186],[-43.31669,-18.21932],[-43.31657,-18.22197],[-43.31366,-18.22601],[-43.31327,-18.22755],[-43.31424,-18.2277],[-43.31511,-18.22951],[-43.31531,-18.23277],[-43.31726,-18.23884],[-43.32343,-18.23803],[-43.32814,-18.23908],[-43.33058,-18.23842],[-43.33264,-18.23956],[-43.33607,-18.23972],[-43.34017,-18.23728],[-43.34386,-18.23772],[-43.34788,-18.23987],[-43.35176,-18.23921],[-43.35767,-18.23935],[-43.35992,-18.23879],[-43.36373,-18.23571],[-43.36764,-18.23487],[-43.36961,-18.23335],[-43.3732,-18.23279],[-43.37881,-18.22969],[-43.38178,-18.22417],[-43.3832,-18.2205],[-43.38431,-18.21508],[-43.38386,-18.21518],[-43.38566,-18.20851],[-43.38381,-18.20249],[-43.38545,-18.19777],[-43.38521,-18.18443],[-43.38878,-18.17983],[-43.38834,-18.17118],[-43.39147,-18.15917],[-43.39209,-18.15933],[-43.39245,-18.1587],[-43.39331,-18.1552],[-43.39312,-18.15011],[-43.3892,-18.13943],[-43.38506,-18.13269],[-43.38347,-18.12415],[-43.37814,-18.1214],[-43.37527,-18.11632],[-43.36739,-18.1114],[-43.36558,-18.10548],[-43.36071,-18.10085],[-43.36151,-18.09954],[-43.36106,-18.09608],[-43.36226,-18.09503],[-43.36295,-18.09225],[-43.36242,-18.08992],[-43.36104,-18.08937],[-43.35784,-18.08435],[-43.35235,-18.08112],[-43.34934,-18.07729],[-43.35009,-18.0735],[-43.34302,-18.07093]]]}},{"type":"Feature","properties":{"nome_uc":"Rios Tijuco e da Prata","categoria":"RVS"},"geometry":{"type":"Polygon","coordinates":[[[-49.84351,-18.84911],[-49.84203,-18.85376],[-49.83876,-18.85281],[-49.83882,-18.85225],[-49.83519,-18.85212],[-49.83403,-18.862],[-49.83558,-18.86251],[-49.83738,-18.86014],[-49.84222,-18.86205],[-49.84214,-18.86391],[-49.84038,-18.86336],[-49.83782,-18.86463],[-49.83577,-18.8664],[-49.83564,-18.86724],[-49.83727,-18.86806],[-49.83713,-18.86901],[-49.83601,-18.86977],[-49.83671,-18.87086],[-49.83784,-18.8716],[-49.8402,-18.87149],[-49.84058,-18.87632],[-49.83463,-18.87408],[-49.83055,-18.87399],[-49.82927,-18.87506],[-49.8294,-18.87668],[-49.83144,-18.87981],[-49.83271,-18.88325],[-49.83191,-18.88788],[-49.83058,-18.89045],[-49.82759,-18.89223],[-49.82997,-18.89286],[-49.83093,-18.8956],[-49.83067,-18.89679],[-49.82959,-18.89713],[-49.82782,-18.89605],[-49.82619,-18.89626],[-49.8233,-18.8946],[-49.82246,-18.89216],[-49.81937,-18.89046],[-49.81867,-18.89184],[-49.81924,-18.89263],[-49.82097,-18.89278],[-49.82098,-18.89576],[-49.8198,-18.89621],[-49.81963,-18.89454],[-49.81665,-18.89395],[-49.81048,-18.89395],[-49.80816,-18.90094],[-49.81454,-18.90478],[-49.81773,-18.90425],[-49.81873,-18.9074],[-49.81294,-18.9076],[-49.81057,-18.90671],[-49.80743,-18.90399],[-49.80643,-18.90395],[-49.80573,-18.90497],[-49.80675,-18.90551],[-49.80655,-18.90707],[-49.80551,-18.90717],[-49.80236,-18.91292],[-49.80133,-18.91265],[-49.79989,-18.91347],[-49.80199,-18.915],[-49.80407,-18.91344],[-49.80586,-18.91319],[-49.80521,-18.91591],[-49.80169,-18.91903],[-49.80158,-18.92257],[-49.8024,-18.9241],[-49.79935,-18.92682],[-49.7992,-18.92871],[-49.80096,-18.93241],[-49.7917,-18.93702],[-49.78841,-18.94103],[-49.78334,-18.94188],[-49.77995,-18.9445],[-49.77792,-18.94092],[-49.77246,-18.94437],[-49.77717,-18.94662],[-49.77586,-18.94872],[-49.77602,-18.95143],[-49.77482,-18.95432],[-49.77246,-18.95677],[-49.76655,-18.96003],[-49.75791,-18.96994],[-49.75045,-18.9719],[-49.74056,-18.98629],[-49.73462,-18.9873],[-49.73213,-18.98879],[-49.72929,-18.99264],[-49.72846,-18.99572],[-49.72352,-19.00004],[-49.71921,-19.00695],[-49.71507,-19.00849],[-49.71034,-19.01205],[-49.70808,-19.01132],[-49.7051,-19.01307],[-49.70815,-19.01474],[-49.7088,-19.01751],[-49.70657,-19.01754],[-49.70749,-19.02014],[-49.70944,-19.02027],[-49.70535,-19.02321],[-49.70032,-19.03075],[-49.69641,-19.03522],[-49.69342,-19.03038],[-49.68928,-19.03172],[-49.68803,-19.03083],[-49.68577,-19.03098],[-49.68542,-19.03253],[-49.68856,-19.03442],[-49.68987,-19.03629],[-49.69021,-19.03747],[-49.68933,-19.03888],[-49.68993,-19.0392],[-49.68583,-19.04131],[-49.68552,-19.04006],[-49.68294,-19.03935],[-49.68258,-19.0406],[-49.68019,-19.04124],[-49.68084,-19.04383],[-49.68172,-19.04401],[-49.6804,-19.04775],[-49.68052,-19.05062],[-49.67883,-19.05232],[-49.67571,-19.05239],[-49.66697,-19.05434],[-49.66412,-19.05865],[-49.65977,-19.06015],[-49.65885,-19.06102],[-49.65635,-19.06669],[-49.65175,-19.07121],[-49.64973,-19.07437],[-49.64734,-19.07567],[-49.6439,-19.07314],[-49.64333,-19.07451],[-49.64395,-19.07592],[-49.64326,-19.07705],[-49.6435,-19.07855],[-49.64178,-19.07834],[-49.64169,-19.08011],[-49.64062,-19.08055],[-49.63968,-19.07949],[-49.63746,-19.08211],[-49.6388,-19.08296],[-49.64101,-19.08733],[-49.63685,-19.09556],[-49.63669,-19.09764],[-49.63186,-19.10163],[-49.63124,-19.10256],[-49.63113,-19.10507],[-49.63032,-19.106],[-49.62794,-19.10764],[-49.62234,-19.1068],[-49.61839,-19.10782],[-49.61383,-19.1066],[-49.61159,-19.10677],[-49.60674,-19.11156],[-49.59721,-19.11657],[-49.59508,-19.12082],[-49.59033,-19.12188],[-49.5873,-19.12401],[-49.58641,-19.12405],[-49.58673,-19.1208],[-49.58618,-19.12023],[-49.58056,-19.11812],[-49.5789,-19.11649],[-49.57813,-19.11314],[-49.57372,-19.1106],[-49.57239,-19.11183],[-49.5734,-19.11325],[-49.56893,-19.11831],[-49.5668,-19.11829],[-49.56402,-19.12137],[-49.55951,-19.11808],[-49.55741,-19.11987],[-49.55623,-19.12283],[-49.55971,-19.12483],[-49.55652,-19.1296],[-49.55682,-19.13128],[-49.55261,-19.1344],[-49.55346,-19.13533],[-49.55452,-19.13536],[-49.55596,-19.13394],[-49.55783,-19.13414],[-49.5619,-19.13082],[-49.56336,-19.1323],[-49.56191,-19.13312],[-49.56122,-19.13505],[-49.56223,-19.13706],[-49.56505,-19.13863],[-49.56488,-19.13938],[-49.56322,-19.14185],[-49.56208,-19.14124],[-49.56305,-19.14054],[-49.56271,-19.13963],[-49.55946,-19.13901],[-49.55951,-19.14167],[-49.56116,-19.14444],[-49.55936,-19.14646],[-49.56114,-19.14697],[-49.56126,-19.15021],[-49.56048,-19.15347],[-49.56214,-19.15566],[-49.56224,-19.15675],[-49.55943,-19.15685],[-49.55658,-19.1582],[-49.55086,-19.16415],[-49.54953,-19.16316],[-49.5467,-19.16359],[-49.54483,-19.15792],[-49.53923,-19.15751],[-49.53532,-19.15242],[-49.53497,-19.15375],[-49.53699,-19.1569],[-49.53658,-19.158],[-49.53903,-19.16059],[-49.53575,-19.16193],[-49.53635,-19.16387],[-49.53796,-19.16544],[-49.53935,-19.16564],[-49.53917,-19.16622],[-49.54053,-19.16578],[-49.54105,-19.16669],[-49.54245,-19.16619],[-49.54258,-19.16759],[-49.54404,-19.16699],[-49.54456,-19.16592],[-49.54628,-19.16604],[-49.54738,-19.16686],[-49.54527,-19.1689],[-49.54496,-19.17142],[-49.54292,-19.17202],[-49.54208,-19.17352],[-49.54079,-19.1725],[-49.53894,-19.17265],[-49.53879,-19.17358],[-49.5402,-19.1743],[-49.53459,-19.17536],[-49.53174,-19.17654],[-49.52935,-19.17873],[-49.52778,-19.17894],[-49.53153,-19.18382],[-49.53137,-19.18638],[-49.52744,-19.187],[-49.51988,-19.18625],[-49.52182,-19.18736],[-49.52033,-19.18793],[-49.52014,-19.18949],[-49.51855,-19.19113],[-49.51862,-19.19168],[-49.51941,-19.19158],[-49.51905,-19.19717],[-49.51716,-19.1984],[-49.51506,-19.19827],[-49.51291,-19.19726],[-49.51108,-19.19907],[-49.51397,-19.20283],[-49.51659,-19.20418],[-49.51661,-19.2053],[-49.51015,-19.20354],[-49.50997,-19.20219],[-49.50813,-19.20091],[-49.50726,-19.20208],[-49.50612,-19.20147],[-49.50458,-19.20351],[-49.504,-19.20664],[-49.50295,-19.20682],[-49.50113,-19.20599],[-49.5005,-19.20477],[-49.499,-19.20693],[-49.49981,-19.20803],[-49.49741,-19.21164],[-49.49319,-19.21199],[-49.49099,-19.21614],[-49.49089,-19.21691],[-49.49307,-19.2193],[-49.49466,-19.21972],[-49.49703,-19.21904],[-49.49776,-19.2204],[-49.49427,-19.22215],[-49.48657,-19.22386],[-49.47991,-19.22886],[-49.47817,-19.23301],[-49.47989,-19.23813],[-49.47839,-19.24108],[-49.47645,-19.23912],[-49.47496,-19.23903],[-49.46998,-19.24258],[-49.46589,-19.24261],[-49.46001,-19.24574],[-49.45733,-19.24386],[-49.45434,-19.24367],[-49.45316,-19.24444],[-49.45205,-19.24659],[-49.45319,-19.24941],[-49.45294,-19.25023],[-49.44879,-19.2571],[-49.44824,-19.25737],[-49.44664,-19.25573],[-49.44352,-19.25871],[-49.44181,-19.25862],[-49.4414,-19.25803],[-49.44007,-19.25835],[-49.43823,-19.25743],[-49.43012,-19.25907],[-49.4306,-19.26174],[-49.4258,-19.26487],[-49.42507,-19.26255],[-49.42401,-19.26138],[-49.42064,-19.2616],[-49.41999,-19.26086],[-49.41909,-19.26092],[-49.41629,-19.26179],[-49.41514,-19.26338],[-49.41229,-19.26339],[-49.41166,-19.26458],[-49.41328,-19.26711],[-49.41535,-19.26674],[-49.41547,-19.26837],[-49.41775,-19.26798],[-49.41781,-19.2655],[-49.41951,-19.2641],[-49.42248,-19.26342],[-49.42438,-19.26674],[-49.42426,-19.26797],[-49.42514,-19.26963],[-49.42701,-19.26906],[-49.42784,-19.26645],[-49.43155,-19.26589],[-49.43278,-19.26505],[-49.43174,-19.26362],[-49.43232,-19.26319],[-49.43514,-19.26209],[-49.43867,-19.26176],[-49.44594,-19.26277],[-49.44492,-19.26326],[-49.44484,-19.26406],[-49.44624,-19.26585],[-49.44992,-19.2634],[-49.45229,-19.26477],[-49.45382,-19.26491],[-49.45415,-19.26034],[-49.45139,-19.25846],[-49.44912,-19.26026],[-49.45172,-19.25739],[-49.45509,-19.25121],[-49.45553,-19.24915],[-49.45464,-19.24642],[-49.45608,-19.24582],[-49.45945,-19.2481],[-49.46046,-19.24806],[-49.46621,-19.24489],[-49.47111,-19.24449],[-49.47541,-19.24124],[-49.47753,-19.24335],[-49.48009,-19.24321],[-49.48216,-19.23849],[-49.48336,-19.23767],[-49.48198,-19.23685],[-49.4806,-19.23406],[-49.4806,-19.23242],[-49.48195,-19.23001],[-49.48715,-19.22611],[-49.49619,-19.2238],[-49.49901,-19.22237],[-49.5,-19.22116],[-49.50023,-19.21983],[-49.49882,-19.21736],[-49.49406,-19.21672],[-49.49449,-19.21437],[-49.49585,-19.21485],[-49.49873,-19.21384],[-49.5016,-19.2095],[-49.50508,-19.20874],[-49.50616,-19.20776],[-49.5066,-19.20479],[-49.50851,-19.20607],[-49.51629,-19.20776],[-49.51806,-19.20731],[-49.51919,-19.20625],[-49.5194,-19.20433],[-49.51864,-19.20267],[-49.51596,-19.20045],[-49.51897,-19.20021],[-49.52216,-19.1969],[-49.52149,-19.19378],[-49.52194,-19.19124],[-49.52425,-19.19031],[-49.52531,-19.19242],[-49.53079,-19.19088],[-49.53195,-19.19111],[-49.53226,-19.19002],[-49.53372,-19.18952],[-49.53494,-19.18818],[-49.53638,-19.18547],[-49.53619,-19.18398],[-49.53421,-19.18166],[-49.53593,-19.17855],[-49.54222,-19.17852],[-49.54457,-19.17643],[-49.54786,-19.17471],[-49.54905,-19.17351],[-49.54996,-19.17015],[-49.5519,-19.16699],[-49.55384,-19.16483],[-49.55465,-19.16517],[-49.55683,-19.16327],[-49.55794,-19.16042],[-49.55987,-19.16205],[-49.56102,-19.16101],[-49.56114,-19.15942],[-49.56519,-19.15788],[-49.56469,-19.15509],[-49.56311,-19.15215],[-49.56382,-19.15154],[-49.56592,-19.15138],[-49.56812,-19.14928],[-49.56728,-19.14738],[-49.56633,-19.14793],[-49.56583,-19.14934],[-49.56413,-19.14881],[-49.56387,-19.14794],[-49.56482,-19.14794],[-49.56361,-19.14703],[-49.56567,-19.1452],[-49.5669,-19.14502],[-49.56586,-19.14436],[-49.5652,-19.14517],[-49.56437,-19.14509],[-49.56633,-19.14189],[-49.56802,-19.14406],[-49.56934,-19.14344],[-49.5701,-19.14151],[-49.56851,-19.14091],[-49.5685,-19.13965],[-49.56749,-19.13913],[-49.56981,-19.13692],[-49.57024,-19.1351],[-49.57646,-19.13067],[-49.57878,-19.13017],[-49.58137,-19.12861],[-49.58595,-19.12759],[-49.5921,-19.12417],[-49.59714,-19.12222],[-49.59866,-19.11821],[-49.6005,-19.11885],[-49.60273,-19.11824],[-49.60128,-19.11692],[-49.60795,-19.11352],[-49.61038,-19.11108],[-49.61169,-19.11092],[-49.61217,-19.10928],[-49.61361,-19.10924],[-49.61353,-19.11042],[-49.61468,-19.11072],[-49.61415,-19.11131],[-49.61796,-19.11292],[-49.62022,-19.11106],[-49.61997,-19.10984],[-49.62362,-19.109],[-49.62848,-19.1098],[-49.63045,-19.10922],[-49.63387,-19.10676],[-49.63489,-19.10366],[-49.64026,-19.09933],[-49.64021,-19.09806],[-49.63933,-19.09773],[-49.64336,-19.08763],[-49.6435,-19.08357],[-49.64606,-19.08332],[-49.64657,-19.08069],[-49.64965,-19.0778],[-49.65176,-19.07906],[-49.65307,-19.07662],[-49.65438,-19.07652],[-49.65428,-19.07482],[-49.65581,-19.07287],[-49.65649,-19.07327],[-49.657,-19.07276],[-49.65772,-19.06977],[-49.65881,-19.07033],[-49.66072,-19.06804],[-49.6617,-19.06831],[-49.66157,-19.06666],[-49.66285,-19.06504],[-49.66129,-19.06292],[-49.66545,-19.0605],[-49.6698,-19.05623],[-49.67664,-19.0546],[-49.68091,-19.05454],[-49.68247,-19.05538],[-49.68492,-19.05083],[-49.68873,-19.04733],[-49.68753,-19.04519],[-49.68557,-19.04629],[-49.68413,-19.04458],[-49.68979,-19.04178],[-49.69309,-19.04087],[-49.69748,-19.03822],[-49.70382,-19.02998],[-49.70462,-19.03108],[-49.70604,-19.03123],[-49.70527,-19.03213],[-49.70374,-19.03246],[-49.70432,-19.03506],[-49.70389,-19.03574],[-49.70461,-19.03647],[-49.70836,-19.03937],[-49.71296,-19.04153],[-49.71576,-19.03949],[-49.71484,-19.03546],[-49.71266,-19.03386],[-49.7102,-19.03374],[-49.71007,-19.03125],[-49.70903,-19.02885],[-49.70642,-19.02626],[-49.70728,-19.0247],[-49.70972,-19.02321],[-49.71116,-19.02548],[-49.71025,-19.02618],[-49.71166,-19.02876],[-49.71279,-19.02903],[-49.71409,-19.02592],[-49.71701,-19.02561],[-49.71894,-19.02779],[-49.72062,-19.02623],[-49.71819,-19.02371],[-49.71778,-19.02477],[-49.71322,-19.02312],[-49.71051,-19.01467],[-49.71597,-19.01067],[-49.72147,-19.00833],[-49.72572,-19.00125],[-49.7304,-18.9971],[-49.73432,-18.9901],[-49.74214,-18.98824],[-49.74603,-18.98282],[-49.748,-18.98388],[-49.74952,-18.97931],[-49.74941,-18.97749],[-49.75113,-18.97562],[-49.75222,-18.97694],[-49.75418,-18.97528],[-49.75892,-18.97314],[-49.75985,-18.97345],[-49.76005,-18.97482],[-49.76281,-18.97528],[-49.76327,-18.97472],[-49.76028,-18.97167],[-49.76033,-18.97098],[-49.7626,-18.96747],[-49.76797,-18.96202],[-49.77064,-18.96061],[-49.77153,-18.96255],[-49.77314,-18.96131],[-49.77456,-18.96182],[-49.77424,-18.96047],[-49.77647,-18.95792],[-49.77553,-18.95695],[-49.77707,-18.95539],[-49.7809,-18.9559],[-49.78172,-18.95697],[-49.78286,-18.95691],[-49.77954,-18.95333],[-49.77978,-18.95442],[-49.77907,-18.95447],[-49.77883,-18.95269],[-49.7782,-18.95235],[-49.77882,-18.94822],[-49.78487,-18.94406],[-49.78719,-18.94399],[-49.78835,-18.9468],[-49.79033,-18.94599],[-49.78918,-18.9448],[-49.78925,-18.94348],[-49.79224,-18.94061],[-49.79326,-18.94171],[-49.79299,-18.94009],[-49.79531,-18.93823],[-49.7979,-18.93774],[-49.79851,-18.93871],[-49.80249,-18.93899],[-49.80253,-18.93705],[-49.80005,-18.93612],[-49.80274,-18.93462],[-49.80359,-18.93349],[-49.80367,-18.93147],[-49.80213,-18.92884],[-49.8021,-18.92763],[-49.80392,-18.92649],[-49.80488,-18.92403],[-49.80711,-18.92659],[-49.80953,-18.9244],[-49.80989,-18.91988],[-49.8112,-18.91792],[-49.80983,-18.91538],[-49.80805,-18.91449],[-49.80893,-18.91133],[-49.80967,-18.91105],[-49.81047,-18.91166],[-49.81128,-18.91099],[-49.81034,-18.90961],[-49.81679,-18.91036],[-49.81698,-18.91455],[-49.82046,-18.91325],[-49.82122,-18.9101],[-49.82455,-18.90931],[-49.83448,-18.90465],[-49.83394,-18.90319],[-49.83454,-18.9019],[-49.83593,-18.90174],[-49.83624,-18.90102],[-49.83531,-18.90062],[-49.83519,-18.89926],[-49.83625,-18.90046],[-49.83716,-18.8996],[-49.83661,-18.89831],[-49.83762,-18.89757],[-49.83887,-18.89734],[-49.84058,-18.89967],[-49.84241,-18.90025],[-49.84455,-18.8986],[-49.84816,-18.89933],[-49.84781,-18.89778],[-49.84317,-18.89521],[-49.84333,-18.8907],[-49.84262,-18.89004],[-49.83879,-18.88837],[-49.83761,-18.88857],[-49.83774,-18.88996],[-49.83721,-18.89025],[-49.83619,-18.88913],[-49.83405,-18.88968],[-49.8353,-18.88301],[-49.83202,-18.87641],[-49.83505,-18.87655],[-49.83763,-18.87813],[-49.84078,-18.87867],[-49.84009,-18.88024],[-49.83704,-18.87902],[-49.83578,-18.88006],[-49.83599,-18.88211],[-49.83513,-18.88255],[-49.83574,-18.8836],[-49.83523,-18.88547],[-49.83558,-18.88792],[-49.83682,-18.88817],[-49.83715,-18.88741],[-49.83816,-18.88746],[-49.83824,-18.88642],[-49.83672,-18.88525],[-49.83697,-18.88453],[-49.83794,-18.88469],[-49.83833,-18.8832],[-49.84074,-18.88359],[-49.84123,-18.88508],[-49.84371,-18.88596],[-49.84427,-18.88485],[-49.84903,-18.88915],[-49.85112,-18.88614],[-49.8498,-18.88407],[-49.85066,-18.88245],[-49.84938,-18.88189],[-49.8472,-18.88582],[-49.84179,-18.87837],[-49.84298,-18.87673],[-49.84973,-18.88121],[-49.85074,-18.87907],[-49.85202,-18.879],[-49.85251,-18.87833],[-49.8516,-18.87733],[-49.85052,-18.87743],[-49.84979,-18.87631],[-49.84884,-18.87611],[-49.8487,-18.87746],[-49.84783,-18.87689],[-49.84838,-18.87424],[-49.84787,-18.87332],[-49.84602,-18.87333],[-49.84423,-18.87237],[-49.84273,-18.87298],[-49.84289,-18.8699],[-49.84793,-18.86899],[-49.85091,-18.86772],[-49.85238,-18.86626],[-49.85502,-18.86106],[-49.8572,-18.86365],[-49.85724,-18.86484],[-49.856,-18.86666],[-49.85719,-18.8669],[-49.85923,-18.86893],[-49.86009,-18.87096],[-49.85972,-18.87148],[-49.86259,-18.87102],[-49.86548,-18.86753],[-49.86265,-18.86557],[-49.86386,-18.86481],[-49.86526,-18.86565],[-49.86583,-18.86426],[-49.86322,-18.86234],[-49.86214,-18.86243],[-49.86192,-18.85818],[-49.86113,-18.85656],[-49.85926,-18.85513],[-49.85381,-18.85418],[-49.85273,-18.85335],[-49.85164,-18.85106],[-49.85187,-18.85015],[-49.85796,-18.85138],[-49.86222,-18.84947],[-49.86349,-18.84785],[-49.86203,-18.84249],[-49.86169,-18.83864],[-49.8585,-18.83361],[-49.85736,-18.83028],[-49.85833,-18.82675],[-49.85963,-18.82611],[-49.86284,-18.82071],[-49.86315,-18.81904],[-49.86154,-18.81579],[-49.86389,-18.81566],[-49.8649,-18.81484],[-49.86363,-18.81075],[-49.86694,-18.8094],[-49.86448,-18.80629],[-49.86375,-18.80663],[-49.86303,-18.80607],[-49.86051,-18.80116],[-49.85986,-18.80221],[-49.858,-18.80136],[-49.85516,-18.80144],[-49.85288,-18.80201],[-49.85157,-18.80317],[-49.84924,-18.80245],[-49.84995,-18.80448],[-49.8487,-18.8088],[-49.84524,-18.80748],[-49.84438,-18.80963],[-49.84905,-18.81078],[-49.85026,-18.81449],[-49.84847,-18.81695],[-49.84664,-18.81825],[-49.84167,-18.81989],[-49.8279,-18.82099],[-49.82401,-18.81895],[-49.82081,-18.81564],[-49.81524,-18.81301],[-49.80433,-18.81583],[-49.80276,-18.82014],[-49.80152,-18.8211],[-49.79776,-18.81925],[-49.79777,-18.81828],[-49.79571,-18.81671],[-49.79477,-18.81642],[-49.79442,-18.81752],[-49.7931,-18.81682],[-49.79343,-18.81592],[-49.79288,-18.81588],[-49.78987,-18.81838],[-49.78859,-18.81872],[-49.78949,-18.82181],[-49.78862,-18.82268],[-49.78739,-18.82221],[-49.78635,-18.8235],[-49.78244,-18.82486],[-49.77802,-18.83067],[-49.77977,-18.83501],[-49.77463,-18.8358],[-49.77347,-18.83732],[-49.76953,-18.83873],[-49.76812,-18.84203],[-49.76953,-18.84241],[-49.76888,-18.84624],[-49.76688,-18.8456],[-49.76794,-18.84696],[-49.76719,-18.84799],[-49.76691,-18.85109],[-49.76468,-18.85071],[-49.76385,-18.84933],[-49.76382,-18.84771],[-49.76257,-18.84755],[-49.76255,-18.84663],[-49.76046,-18.84642],[-49.75997,-18.84774],[-49.75679,-18.84648],[-49.75493,-18.84656],[-49.75435,-18.84584],[-49.75365,-18.84717],[-49.75165,-18.84845],[-49.74429,-18.85018],[-49.74429,-18.85185],[-49.74316,-18.85071],[-49.74223,-18.85102],[-49.74194,-18.85207],[-49.73872,-18.85381],[-49.7395,-18.85494],[-49.73875,-18.85693],[-49.73602,-18.85614],[-49.73535,-18.85534],[-49.73533,-18.85398],[-49.73308,-18.85393],[-49.73351,-18.85563],[-49.73426,-18.85549],[-49.73515,-18.8572],[-49.73586,-18.85674],[-49.73663,-18.85744],[-49.73916,-18.85782],[-49.73978,-18.85876],[-49.73966,-18.86044],[-49.73712,-18.85979],[-49.73477,-18.85816],[-49.73369,-18.85823],[-49.73282,-18.85694],[-49.73083,-18.85618],[-49.73029,-18.85649],[-49.73045,-18.85743],[-49.7291,-18.85784],[-49.72846,-18.85646],[-49.72606,-18.85759],[-49.72565,-18.85555],[-49.72379,-18.85643],[-49.72341,-18.85574],[-49.72166,-18.85604],[-49.72058,-18.85182],[-49.71941,-18.85272],[-49.71985,-18.85511],[-49.71878,-18.85577],[-49.71961,-18.8573],[-49.71877,-18.8586],[-49.72024,-18.85944],[-49.7199,-18.86145],[-49.72038,-18.8623],[-49.71516,-18.86509],[-49.7117,-18.85997],[-49.71166,-18.85843],[-49.7107,-18.8577],[-49.71196,-18.85415],[-49.70885,-18.85203],[-49.70758,-18.85205],[-49.7091,-18.85402],[-49.70925,-18.85527],[-49.70894,-18.85622],[-49.70761,-18.85643],[-49.70797,-18.85696],[-49.70583,-18.85909],[-49.70713,-18.86039],[-49.70684,-18.86156],[-49.70851,-18.86387],[-49.70667,-18.86514],[-49.70466,-18.86241],[-49.70397,-18.86257],[-49.7015,-18.86052],[-49.70035,-18.85906],[-49.70025,-18.85737],[-49.69759,-18.85833],[-49.69818,-18.86064],[-49.69937,-18.85982],[-49.69936,-18.86228],[-49.7011,-18.86212],[-49.69983,-18.86446],[-49.70282,-18.86823],[-49.69987,-18.87205],[-49.69629,-18.87432],[-49.69502,-18.87339],[-49.69685,-18.87166],[-49.6974,-18.8701],[-49.69674,-18.86882],[-49.69745,-18.86823],[-49.69736,-18.86695],[-49.69249,-18.86824],[-49.69194,-18.87018],[-49.68904,-18.87003],[-49.69108,-18.87421],[-49.69055,-18.87581],[-49.68731,-18.87433],[-49.68771,-18.87322],[-49.68538,-18.87178],[-49.68615,-18.8735],[-49.68602,-18.87611],[-49.68497,-18.87671],[-49.68611,-18.87834],[-49.68482,-18.88158],[-49.68109,-18.88444],[-49.67639,-18.88538],[-49.67191,-18.88186],[-49.67018,-18.88153],[-49.66864,-18.88375],[-49.6668,-18.88293],[-49.66718,-18.88472],[-49.66921,-18.88486],[-49.67141,-18.88647],[-49.66967,-18.88895],[-49.66666,-18.88615],[-49.66711,-18.88505],[-49.66612,-18.88473],[-49.6661,-18.88396],[-49.66242,-18.88395],[-49.661,-18.88313],[-49.66082,-18.88477],[-49.66236,-18.88543],[-49.66291,-18.88691],[-49.66213,-18.88811],[-49.66418,-18.88853],[-49.66435,-18.88802],[-49.66512,-18.88813],[-49.66502,-18.89228],[-49.66897,-18.89644],[-49.66752,-18.89812],[-49.66622,-18.89659],[-49.66561,-18.898],[-49.66066,-18.89957],[-49.65854,-18.89907],[-49.6574,-18.89789],[-49.6576,-18.90002],[-49.65487,-18.90321],[-49.65338,-18.90004],[-49.65245,-18.90011],[-49.65267,-18.90091],[-49.65177,-18.90237],[-49.64985,-18.9015],[-49.64678,-18.90163],[-49.64625,-18.9022],[-49.64652,-18.90377],[-49.64683,-18.90413],[-49.64742,-18.9035],[-49.64867,-18.9052],[-49.64644,-18.90761],[-49.64094,-18.90636],[-49.64081,-18.9055],[-49.63905,-18.90393],[-49.63791,-18.90449],[-49.63826,-18.90563],[-49.63673,-18.90749],[-49.63596,-18.90589],[-49.63484,-18.9063],[-49.63403,-18.90479],[-49.63224,-18.9046],[-49.6311,-18.90853],[-49.62996,-18.90922],[-49.62598,-18.9044],[-49.62661,-18.90881],[-49.62369,-18.90548],[-49.62375,-18.904],[-49.6229,-18.9054],[-49.62198,-18.90557],[-49.62206,-18.90462],[-49.6216,-18.90459],[-49.62097,-18.90569],[-49.61708,-18.90567],[-49.61626,-18.90811],[-49.61513,-18.90888],[-49.60634,-18.90692],[-49.60416,-18.90758],[-49.60185,-18.90689],[-49.59887,-18.90818],[-49.5968,-18.90606],[-49.59527,-18.90615],[-49.59459,-18.90686],[-49.59275,-18.90614],[-49.59249,-18.90546],[-49.59101,-18.90575],[-49.59041,-18.90705],[-49.58892,-18.90813],[-49.5882,-18.91105],[-49.58738,-18.91162],[-49.58599,-18.90936],[-49.58001,-18.90958],[-49.57836,-18.90687],[-49.57783,-18.908],[-49.57547,-18.9081],[-49.57421,-18.90923],[-49.57045,-18.90956],[-49.57088,-18.91211],[-49.56956,-18.91332],[-49.56768,-18.91231],[-49.56573,-18.91293],[-49.56461,-18.91415],[-49.56168,-18.91423],[-49.56166,-18.91581],[-49.55917,-18.91728],[-49.55954,-18.91633],[-49.55701,-18.91493],[-49.55774,-18.91458],[-49.55725,-18.91315],[-49.55251,-18.91596],[-49.55162,-18.91621],[-49.54964,-18.9148],[-49.54651,-18.91697],[-49.54543,-18.91622],[-49.54631,-18.91344],[-49.54735,-18.91356],[-49.54771,-18.91223],[-49.54718,-18.91123],[-49.54613,-18.91161],[-49.54552,-18.90617],[-49.54422,-18.90481],[-49.5444,-18.90328],[-49.54631,-18.90166],[-49.54494,-18.90106],[-49.54457,-18.89918],[-49.54399,-18.89886],[-49.54278,-18.89945],[-49.54145,-18.90132],[-49.54025,-18.90557],[-49.53762,-18.90703],[-49.53834,-18.90968],[-49.53786,-18.91004],[-49.53666,-18.90901],[-49.53648,-18.90985],[-49.53842,-18.9114],[-49.5389,-18.91315],[-49.5405,-18.91515],[-49.54219,-18.91521],[-49.54307,-18.9161],[-49.54355,-18.91878],[-49.54457,-18.92042],[-49.54481,-18.92208],[-49.54429,-18.92265],[-49.54497,-18.92443],[-49.54417,-18.92522],[-49.54325,-18.9249],[-49.54088,-18.92281],[-49.53926,-18.92288],[-49.53688,-18.92044],[-49.53527,-18.92179],[-49.5334,-18.91932],[-49.5314,-18.9216],[-49.53033,-18.92196],[-49.52904,-18.92428],[-49.52784,-18.92404],[-49.52662,-18.9253],[-49.52678,-18.92589],[-49.52847,-18.92633],[-49.52898,-18.92703],[-49.52789,-18.92777],[-49.53088,-18.92961],[-49.53075,-18.92668],[-49.53849,-18.92814],[-49.53999,-18.92924],[-49.53531,-18.93356],[-49.53159,-18.93511],[-49.5293,-18.93862],[-49.52551,-18.93743],[-49.52354,-18.93465],[-49.52343,-18.93361],[-49.52074,-18.93317],[-49.52127,-18.93616],[-49.52264,-18.93749],[-49.51956,-18.93891],[-49.51773,-18.94072],[-49.51556,-18.94134],[-49.51477,-18.94038],[-49.51598,-18.9403],[-49.5157,-18.93939],[-49.51438,-18.93791],[-49.51612,-18.93625],[-49.51302,-18.93373],[-49.51368,-18.93309],[-49.51328,-18.93208],[-49.51068,-18.93229],[-49.50903,-18.93105],[-49.5093,-18.93423],[-49.5084,-18.93619],[-49.50863,-18.9373],[-49.50678,-18.93577],[-49.50566,-18.93559],[-49.50477,-18.93584],[-49.50468,-18.93648],[-49.50255,-18.93592],[-49.49722,-18.93774],[-49.4958,-18.93723],[-49.49465,-18.93891],[-49.49731,-18.9423],[-49.50002,-18.94336],[-49.49697,-18.9452],[-49.49522,-18.94855],[-49.49575,-18.94889],[-49.49832,-18.94674],[-49.49998,-18.94742],[-49.50076,-18.94963],[-49.50259,-18.94961],[-49.50454,-18.94752],[-49.50438,-18.9448],[-49.5059,-18.94472],[-49.50896,-18.94626],[-49.51273,-18.94657],[-49.51366,-18.94878],[-49.51594,-18.94855],[-49.51889,-18.9462],[-49.52434,-18.94529],[-49.52621,-18.94603],[-49.52936,-18.9414],[-49.53026,-18.9411],[-49.53068,-18.94147],[-49.52909,-18.94444],[-49.52939,-18.94722],[-49.5295,-18.94777],[-49.53151,-18.94772],[-49.53249,-18.9463],[-49.53159,-18.9454],[-49.53422,-18.94273],[-49.53423,-18.94119],[-49.53236,-18.94028],[-49.53384,-18.93736],[-49.53472,-18.93643],[-49.53696,-18.93578],[-49.54068,-18.932],[-49.54315,-18.93106],[-49.54518,-18.92869],[-49.54665,-18.93163],[-49.54554,-18.93194],[-49.54428,-18.93107],[-49.5427,-18.93157],[-49.54292,-18.93307],[-49.54229,-18.93418],[-49.5427,-18.93507],[-49.54455,-18.93404],[-49.54678,-18.93552],[-49.54879,-18.93593],[-49.54985,-18.9347],[-49.54988,-18.93138],[-49.551,-18.93095],[-49.55074,-18.92917],[-49.55149,-18.92904],[-49.55223,-18.92966],[-49.55239,-18.93486],[-49.55355,-18.9352],[-49.55472,-18.93472],[-49.55393,-18.92355],[-49.56229,-18.9255],[-49.56559,-18.92328],[-49.56782,-18.92035],[-49.57006,-18.9239],[-49.57428,-18.92541],[-49.57589,-18.92102],[-49.58244,-18.91867],[-49.58251,-18.91783],[-49.58366,-18.91681],[-49.58492,-18.91758],[-49.58364,-18.91977],[-49.58385,-18.92065],[-49.58493,-18.92338],[-49.58635,-18.92452],[-49.58866,-18.9229],[-49.58886,-18.92188],[-49.58767,-18.92067],[-49.58604,-18.91598],[-49.59158,-18.91638],[-49.59296,-18.91574],[-49.59452,-18.91649],[-49.59787,-18.91606],[-49.59913,-18.91213],[-49.59768,-18.91182],[-49.59702,-18.91359],[-49.59652,-18.91313],[-49.59693,-18.91175],[-49.59552,-18.91163],[-49.59503,-18.91114],[-49.59553,-18.91088],[-49.59897,-18.91112],[-49.60646,-18.90987],[-49.60903,-18.91058],[-49.61031,-18.91214],[-49.61255,-18.91271],[-49.61284,-18.91478],[-49.61359,-18.91563],[-49.61235,-18.91677],[-49.6128,-18.91792],[-49.61186,-18.92005],[-49.61619,-18.92106],[-49.61525,-18.92042],[-49.61707,-18.91806],[-49.61683,-18.91394],[-49.61941,-18.91485],[-49.61878,-18.91682],[-49.61941,-18.9191],[-49.62095,-18.91832],[-49.62074,-18.91753],[-49.6218,-18.91633],[-49.62321,-18.91711],[-49.62308,-18.91841],[-49.62128,-18.92073],[-49.62165,-18.9217],[-49.62084,-18.92245],[-49.62205,-18.92289],[-49.62087,-18.92414],[-49.62319,-18.92519],[-49.62577,-18.91987],[-49.62789,-18.92186],[-49.62895,-18.9206],[-49.6292,-18.91867],[-49.63481,-18.91621],[-49.63515,-18.91865],[-49.63384,-18.92106],[-49.63529,-18.92198],[-49.63722,-18.92254],[-49.63698,-18.91984],[-49.63745,-18.91882],[-49.63941,-18.92023],[-49.64178,-18.91984],[-49.64168,-18.9191],[-49.64014,-18.91813],[-49.64165,-18.91375],[-49.64427,-18.91383],[-49.64455,-18.91529],[-49.64387,-18.91712],[-49.64838,-18.91952],[-49.64805,-18.91761],[-49.64977,-18.91737],[-49.65041,-18.91613],[-49.65025,-18.91573],[-49.64853,-18.91647],[-49.64777,-18.91543],[-49.64824,-18.91471],[-49.64964,-18.91498],[-49.65071,-18.91325],[-49.65297,-18.91276],[-49.65404,-18.91515],[-49.6557,-18.91535],[-49.65549,-18.91442],[-49.65673,-18.91283],[-49.66068,-18.9133],[-49.66312,-18.91069],[-49.66348,-18.91155],[-49.66483,-18.91036],[-49.66462,-18.90637],[-49.67281,-18.90832],[-49.67334,-18.90715],[-49.67269,-18.90507],[-49.67308,-18.90332],[-49.67223,-18.90182],[-49.67332,-18.90107],[-49.67429,-18.90181],[-49.67536,-18.90031],[-49.67659,-18.89992],[-49.68049,-18.89389],[-49.68011,-18.89274],[-49.67817,-18.89183],[-49.67829,-18.88839],[-49.6805,-18.88833],[-49.68309,-18.88989],[-49.68591,-18.8905],[-49.68644,-18.89248],[-49.6858,-18.89483],[-49.68573,-18.90023],[-49.68445,-18.90041],[-49.68415,-18.89686],[-49.68234,-18.89622],[-49.68199,-18.89799],[-49.68251,-18.89932],[-49.68152,-18.90003],[-49.68068,-18.90374],[-49.68072,-18.90434],[-49.68315,-18.90562],[-49.68456,-18.90327],[-49.68801,-18.90051],[-49.68721,-18.89424],[-49.6881,-18.8944],[-49.68865,-18.89371],[-49.68814,-18.89228],[-49.68955,-18.89101],[-49.69035,-18.89114],[-49.69153,-18.89285],[-49.69323,-18.89387],[-49.69406,-18.89261],[-49.69479,-18.89261],[-49.69755,-18.89035],[-49.69616,-18.88916],[-49.69442,-18.88559],[-49.69777,-18.88066],[-49.70031,-18.87907],[-49.7008,-18.87756],[-49.70265,-18.87828],[-49.70067,-18.88049],[-49.70119,-18.88352],[-49.70286,-18.88326],[-49.70763,-18.88549],[-49.70969,-18.88275],[-49.71062,-18.88277],[-49.71368,-18.87974],[-49.71406,-18.88087],[-49.71638,-18.88111],[-49.71742,-18.87809],[-49.71229,-18.8693],[-49.71321,-18.86876],[-49.7176,-18.86707],[-49.72146,-18.86692],[-49.72199,-18.8716],[-49.7239,-18.87139],[-49.72416,-18.8659],[-49.72631,-18.86678],[-49.73143,-18.8662],[-49.73265,-18.86548],[-49.73323,-18.86687],[-49.73297,-18.86825],[-49.73086,-18.87039],[-49.73091,-18.87171],[-49.73248,-18.87251],[-49.73292,-18.87165],[-49.7352,-18.8709],[-49.73512,-18.87023],[-49.73752,-18.86919],[-49.73728,-18.86792],[-49.73485,-18.8643],[-49.73454,-18.86292],[-49.73535,-18.86225],[-49.73843,-18.86343],[-49.73863,-18.86536],[-49.73994,-18.8652],[-49.73949,-18.86428],[-49.74049,-18.86355],[-49.74342,-18.86632],[-49.74796,-18.86566],[-49.74746,-18.85911],[-49.74892,-18.85531],[-49.75141,-18.8535],[-49.75155,-18.85445],[-49.75693,-18.85474],[-49.75781,-18.85419],[-49.76038,-18.85534],[-49.76229,-18.85184],[-49.76366,-18.85351],[-49.76248,-18.8584],[-49.76517,-18.85913],[-49.76431,-18.86695],[-49.76831,-18.86622],[-49.76956,-18.85922],[-49.77492,-18.8606],[-49.77409,-18.85727],[-49.77514,-18.85692],[-49.77486,-18.85413],[-49.77367,-18.85304],[-49.77562,-18.85039],[-49.77798,-18.85157],[-49.77747,-18.85],[-49.78019,-18.84568],[-49.77906,-18.84544],[-49.77893,-18.84424],[-49.77983,-18.84331],[-49.77765,-18.84154],[-49.7782,-18.84066],[-49.78126,-18.83969],[-49.78335,-18.8376],[-49.78321,-18.83065],[-49.7839,-18.82743],[-49.78591,-18.82648],[-49.78849,-18.82662],[-49.79093,-18.82572],[-49.79497,-18.82095],[-49.80049,-18.82348],[-49.80253,-18.82341],[-49.80483,-18.82191],[-49.80633,-18.819],[-49.80797,-18.81807],[-49.80796,-18.8172],[-49.80937,-18.81667],[-49.81097,-18.81704],[-49.81165,-18.81926],[-49.8128,-18.81893],[-49.81271,-18.81736],[-49.8153,-18.81712],[-49.81641,-18.81598],[-49.82202,-18.82078],[-49.82651,-18.8232],[-49.82614,-18.82377],[-49.82659,-18.82416],[-49.82461,-18.82776],[-49.82701,-18.82755],[-49.82909,-18.82533],[-49.8285,-18.82493],[-49.83076,-18.82467],[-49.8327,-18.82611],[-49.83322,-18.82573],[-49.834,-18.82683],[-49.83407,-18.82749],[-49.83236,-18.82946],[-49.83332,-18.82974],[-49.8359,-18.82831],[-49.83711,-18.82997],[-49.84107,-18.82705],[-49.84154,-18.82545],[-49.83964,-18.82521],[-49.83979,-18.824],[-49.8427,-18.8239],[-49.84291,-18.82224],[-49.84753,-18.82074],[-49.85109,-18.81805],[-49.85272,-18.81532],[-49.85161,-18.80936],[-49.8521,-18.80702],[-49.85752,-18.80464],[-49.85898,-18.80528],[-49.86029,-18.80725],[-49.85949,-18.80835],[-49.85626,-18.81001],[-49.85583,-18.8109],[-49.85619,-18.81212],[-49.85491,-18.81355],[-49.85807,-18.82121],[-49.85525,-18.82166],[-49.85057,-18.82758],[-49.84798,-18.82697],[-49.847,-18.82557],[-49.8461,-18.82581],[-49.84551,-18.82886],[-49.844,-18.83204],[-49.84395,-18.83698],[-49.84554,-18.83685],[-49.84542,-18.83606],[-49.84665,-18.83546],[-49.84721,-18.83351],[-49.84683,-18.83186],[-49.84759,-18.83033],[-49.84821,-18.83023],[-49.84909,-18.83085],[-49.84972,-18.834],[-49.84832,-18.83584],[-49.84878,-18.83635],[-49.8479,-18.83913],[-49.85792,-18.84174],[-49.85903,-18.84701],[-49.85632,-18.84802],[-49.8542,-18.8472],[-49.85285,-18.84585],[-49.85061,-18.84632],[-49.84923,-18.84593],[-49.84891,-18.8505],[-49.84977,-18.85322],[-49.85199,-18.85605],[-49.85506,-18.85724],[-49.85822,-18.85728],[-49.85915,-18.85799],[-49.85942,-18.86265],[-49.85665,-18.85924],[-49.85402,-18.85886],[-49.85276,-18.85966],[-49.84995,-18.86536],[-49.8463,-18.86555],[-49.84627,-18.86473],[-49.84513,-18.86461],[-49.84565,-18.86339],[-49.85139,-18.85866],[-49.85225,-18.85666],[-49.84735,-18.85154],[-49.84655,-18.85177],[-49.8464,-18.85105],[-49.84351,-18.84911]]]}},{"type":"Feature","properties":{"nome_uc":"Sagarana","categoria":"PAR"},"geometry":{"type":"Polygon","coordinates":[[[-46.23537,-16.18729],[-46.23066,-16.18673],[-46.22412,-16.18133],[-46.21971,-16.18501],[-46.21189,-16.18663],[-46.21353,-16.18379],[-46.20736,-16.18296],[-46.20359,-16.18313],[-46.19733,-16.18091],[-46.19125,-16.18882],[-46.18504,-16.18943],[-46.18025,-16.19175],[-46.17308,-16.1905],[-46.17028,-16.19237],[-46.1681,-16.19256],[-46.16399,-16.19101],[-46.16507,-16.18567],[-46.15922,-16.18509],[-46.15976,-16.1814],[-46.16122,-16.17821],[-46.15945,-16.17551],[-46.15638,-16.1729],[-46.15282,-16.17619],[-46.15111,-16.17897],[-46.1498,-16.18482],[-46.1391,-16.19401],[-46.13769,-16.19918],[-46.13881,-16.20067],[-46.14062,-16.20034],[-46.13926,-16.2021],[-46.14103,-16.20173],[-46.14222,-16.20269],[-46.14171,-16.20345],[-46.14085,-16.20263],[-46.1389,-16.20332],[-46.13681,-16.20122],[-46.13497,-16.2013],[-46.13657,-16.20366],[-46.14247,-16.20731],[-46.14378,-16.20988],[-46.14622,-16.21177],[-46.14449,-16.2126],[-46.14452,-16.21138],[-46.14267,-16.21],[-46.1421,-16.20821],[-46.13929,-16.20783],[-46.13638,-16.20849],[-46.13615,-16.20731],[-46.12748,-16.2115],[-46.12282,-16.20899],[-46.12083,-16.21018],[-46.1212,-16.21218],[-46.12029,-16.2127],[-46.11909,-16.21703],[-46.11653,-16.22124],[-46.11669,-16.22424],[-46.11944,-16.22613],[-46.11593,-16.22661],[-46.12124,-16.23095],[-46.11554,-16.22933],[-46.11306,-16.23056],[-46.11308,-16.23253],[-46.11405,-16.23432],[-46.11839,-16.23591],[-46.12057,-16.23586],[-46.12139,-16.23772],[-46.12539,-16.2392],[-46.1282,-16.23346],[-46.13213,-16.22824],[-46.13665,-16.2183],[-46.14243,-16.22175],[-46.1435,-16.22149],[-46.14462,-16.21948],[-46.14627,-16.21905],[-46.14825,-16.21702],[-46.14859,-16.2182],[-46.15048,-16.2183],[-46.15136,-16.217],[-46.15109,-16.21575],[-46.14968,-16.2144],[-46.15108,-16.21436],[-46.15111,-16.21299],[-46.15236,-16.21234],[-46.15169,-16.21074],[-46.14846,-16.20886],[-46.14684,-16.21019],[-46.14528,-16.20862],[-46.14783,-16.20843],[-46.14754,-16.20202],[-46.15894,-16.20006],[-46.16146,-16.20159],[-46.16542,-16.20243],[-46.16445,-16.20684],[-46.16662,-16.2113],[-46.16977,-16.21082],[-46.1724,-16.21356],[-46.17483,-16.20624],[-46.1776,-16.2058],[-46.1805,-16.20782],[-46.1844,-16.20562],[-46.18552,-16.20178],[-46.18876,-16.19904],[-46.18982,-16.19685],[-46.1927,-16.19769],[-46.19597,-16.19424],[-46.1991,-16.19243],[-46.2072,-16.19392],[-46.21017,-16.19512],[-46.21189,-16.19361],[-46.2133,-16.19446],[-46.21688,-16.19308],[-46.2235,-16.19497],[-46.2249,-16.1931],[-46.23119,-16.20073],[-46.23276,-16.19263],[-46.23537,-16.18729]]]}},{"type":"Feature","properties":{"nome_uc":"Santo Antônio","categoria":"MONA"},"geometry":{"type":"Polygon","coordinates":[[[-43.98431,-19.50314],[-43.98294,-19.50164],[-43.98199,-19.50275],[-43.98307,-19.50434],[-43.98294,-19.50531],[-43.98187,-19.50625],[-43.98073,-19.50603],[-43.9801,-19.5066],[-43.97789,-19.50588],[-43.97733,-19.50503],[-43.97777,-19.50643],[-43.9816,-19.50849],[-43.98547,-19.50569],[-43.98631,-19.50644],[-43.98786,-19.50584],[-43.98803,-19.50394],[-43.98637,-19.50409],[-43.98548,-19.50303],[-43.98431,-19.50314]]]}},{"type":"Feature","properties":{"nome_uc":"Seminário Menor de Mariana","categoria":"APA"},"geometry":{"type":"Polygon","coordinates":[[[-43.39578,-20.40315],[-43.40196,-20.40602],[-43.4037,-20.406],[-43.40433,-20.40057],[-43.40588,-20.39986],[-43.40642,-20.39835],[-43.40896,-20.39702],[-43.4089,-20.39548],[-43.41029,-20.39302],[-43.41292,-20.39067],[-43.41427,-20.3878],[-43.41193,-20.38665],[-43.41042,-20.38468],[-43.4081,-20.38528],[-43.40635,-20.38424],[-43.40306,-20.38398],[-43.39821,-20.38549],[-43.39761,-20.38841],[-43.39654,-20.38893],[-43.39563,-20.38802],[-43.39553,-20.38625],[-43.39486,-20.38545],[-43.39467,-20.3884],[-43.3939,-20.38868],[-43.39419,-20.39306],[-43.39327,-20.39419],[-43.39306,-20.39595],[-43.39137,-20.39722],[-43.39064,-20.39981],[-43.38986,-20.40049],[-43.39092,-20.40126],[-43.39095,-20.404],[-43.39244,-20.4039],[-43.39358,-20.40286],[-43.39578,-20.40315]]]}},{"type":"Feature","properties":{"nome_uc":"Serra Azul","categoria":"REBIO"},"geometry":{"type":"Polygon","coordinates":[[[-43.98071,-15.24178],[-43.97525,-15.23357],[-43.94291,-15.25341],[-43.94354,-15.25434],[-43.92437,-15.26639],[-43.91701,-15.25556],[-43.90656,-15.26183],[-43.90512,-15.25966],[-43.90682,-15.27212],[-43.90189,-15.27177],[-43.90114,-15.27221],[-43.89836,-15.27879],[-43.89631,-15.28171],[-43.89525,-15.28193],[-43.89164,-15.28716],[-43.88749,-15.29049],[-43.88599,-15.29262],[-43.8861,-15.29377],[-43.88509,-15.29543],[-43.88094,-15.29917],[-43.8786,-15.29962],[-43.8783,-15.3014],[-43.87679,-15.30154],[-43.87599,-15.30643],[-43.87443,-15.31026],[-43.87486,-15.31697],[-43.87383,-15.31953],[-43.87551,-15.32181],[-43.87381,-15.32851],[-43.87453,-15.3307],[-43.87635,-15.33299],[-43.87862,-15.33926],[-43.87962,-15.34026],[-43.8805,-15.33946],[-43.88179,-15.32746],[-43.88022,-15.32159],[-43.8857,-15.31001],[-43.90549,-15.31767],[-43.90616,-15.31005],[-43.92146,-15.31352],[-43.92075,-15.30978],[-43.92239,-15.3065],[-43.96808,-15.25459],[-43.97594,-15.24599],[-43.98071,-15.24178]]]}},{"type":"Feature","properties":{"nome_uc":"Serra Negra","categoria":"PAR"},"geometry":{"type":"Polygon","coordinates":[[[-42.70067,-17.99228],[-42.69828,-18.00802],[-42.731,-18.03027],[-42.74983,-18.03351],[-42.79255,-18.05275],[-42.86509,-18.07927],[-42.88549,-18.07578],[-42.89494,-18.06158],[-42.91995,-18.04147],[-42.9415,-18.04868],[-42.95221,-18.03156],[-42.95153,-18.01429],[-42.87542,-18.01357],[-42.86433,-18.06879],[-42.82719,-18.03393],[-42.81012,-18.03658],[-42.80181,-18.02061],[-42.81449,-18.01887],[-42.81105,-17.99325],[-42.80459,-17.97218],[-42.77806,-17.96001],[-42.76309,-17.98372],[-42.73916,-17.97823],[-42.70067,-17.99228]]]}},{"type":"Feature","properties":{"nome_uc":"Serra Negra da Mantiqueira","categoria":"PAR"},"geometry":{"type":"Polygon","coordinates":[[[-43.84569,-21.96459],[-43.84343,-21.96673],[-43.84002,-21.96808],[-43.83889,-21.97113],[-43.83952,-21.97216],[-43.85369,-21.97347],[-43.85443,-21.97142],[-43.85734,-21.96916],[-43.86044,-21.97074],[-43.8604,-21.97217],[-43.85717,-21.97651],[-43.86139,-21.97901],[-43.86321,-21.97909],[-43.86474,-21.9769],[-43.86977,-21.97556],[-43.86816,-21.96717],[-43.86945,-21.965],[-43.87761,-21.96716],[-43.88369,-21.97082],[-43.88341,-21.97477],[-43.89011,-21.97711],[-43.90367,-21.97714],[-43.91731,-21.97567],[-43.92012,-21.9742],[-43.92283,-21.97377],[-43.93198,-21.97338],[-43.93221,-21.9777],[-43.93374,-21.98084],[-43.93447,-21.97846],[-43.93723,-21.97553],[-43.94367,-21.97062],[-43.94824,-21.97003],[-43.9513,-21.97145],[-43.95283,-21.96869],[-43.9542,-21.96796],[-43.94668,-21.9627],[-43.93733,-21.95991],[-43.93291,-21.96003],[-43.9296,-21.9592],[-43.92787,-21.95989],[-43.92561,-21.95794],[-43.92348,-21.95872],[-43.92292,-21.96036],[-43.92358,-21.96184],[-43.92142,-21.96256],[-43.91989,-21.95951],[-43.91511,-21.9586],[-43.91288,-21.95964],[-43.91158,-21.95936],[-43.91003,-21.95512],[-43.90682,-21.95121],[-43.904,-21.95264],[-43.90308,-21.95399],[-43.90001,-21.95505],[-43.89706,-21.95481],[-43.8961,-21.95349],[-43.89289,-21.95406],[-43.88855,-21.94991],[-43.88791,-21.9479],[-43.88887,-21.9468],[-43.88534,-21.94573],[-43.88558,-21.94393],[-43.88251,-21.9428],[-43.88137,-21.93971],[-43.88228,-21.9395],[-43.8821,-21.9385],[-43.88276,-21.93855],[-43.88458,-21.93538],[-43.8856,-21.93596],[-43.88677,-21.93547],[-43.88783,-21.93367],[-43.88753,-21.93253],[-43.88039,-21.93369],[-43.87855,-21.93548],[-43.87363,-21.93293],[-43.87121,-21.93403],[-43.86901,-21.93683],[-43.86903,-21.94004],[-43.87178,-21.94337],[-43.8736,-21.94295],[-43.87556,-21.94097],[-43.87738,-21.94335],[-43.87834,-21.94284],[-43.87821,-21.94397],[-43.8815,-21.94506],[-43.87993,-21.9457],[-43.87793,-21.94491],[-43.87734,-21.94575],[-43.87848,-21.95226],[-43.87812,-21.95329],[-43.87873,-21.95457],[-43.87722,-21.95637],[-43.87436,-21.95669],[-43.87409,-21.95543],[-43.87223,-21.954],[-43.8666,-21.95604],[-43.86349,-21.95406],[-43.86454,-21.95025],[-43.86363,-21.95104],[-43.8619,-21.95021],[-43.86155,-21.95178],[-43.85992,-21.95064],[-43.8644,-21.94774],[-43.86538,-21.94595],[-43.86447,-21.94275],[-43.86467,-21.94028],[-43.86353,-21.93913],[-43.85854,-21.94409],[-43.85762,-21.9484],[-43.85298,-21.9525],[-43.84851,-21.95136],[-43.84859,-21.94805],[-43.85382,-21.94715],[-43.85365,-21.94661],[-43.85479,-21.94631],[-43.8546,-21.94541],[-43.85031,-21.94518],[-43.84917,-21.94436],[-43.84893,-21.94314],[-43.84742,-21.94305],[-43.84766,-21.94429],[-43.84593,-21.94474],[-43.845,-21.94616],[-43.84538,-21.94793],[-43.84486,-21.94809],[-43.84312,-21.94605],[-43.84142,-21.9452],[-43.84136,-21.94456],[-43.83766,-21.94283],[-43.83659,-21.94421],[-43.83509,-21.94475],[-43.83383,-21.94726],[-43.83548,-21.9464],[-43.83584,-21.94818],[-43.8379,-21.94947],[-43.83784,-21.95104],[-43.83094,-21.95697],[-43.82977,-21.95755],[-43.82623,-21.95752],[-43.82407,-21.95841],[-43.82096,-21.95569],[-43.81833,-21.95479],[-43.816,-21.94774],[-43.81585,-21.94564],[-43.8108,-21.94214],[-43.81077,-21.93796],[-43.80914,-21.93663],[-43.80711,-21.93563],[-43.80472,-21.93595],[-43.80093,-21.93404],[-43.79741,-21.93387],[-43.79532,-21.93501],[-43.79434,-21.93355],[-43.79299,-21.93469],[-43.79239,-21.93371],[-43.79101,-21.9342],[-43.78964,-21.9331],[-43.78513,-21.93422],[-43.78538,-21.93521],[-43.78188,-21.93589],[-43.78075,-21.9377],[-43.78257,-21.93791],[-43.7861,-21.94046],[-43.78709,-21.9467],[-43.78462,-21.95005],[-43.78136,-21.95339],[-43.77862,-21.95485],[-43.77561,-21.95552],[-43.77211,-21.95365],[-43.76897,-21.95311],[-43.76841,-21.95433],[-43.76702,-21.95521],[-43.76485,-21.95557],[-43.7645,-21.95914],[-43.76243,-21.96174],[-43.76626,-21.96598],[-43.77865,-21.96648],[-43.78561,-21.96591],[-43.78845,-21.96183],[-43.79261,-21.96066],[-43.79239,-21.95981],[-43.79559,-21.95936],[-43.80291,-21.96018],[-43.80744,-21.96283],[-43.80888,-21.96495],[-43.81599,-21.96606],[-43.82166,-21.9663],[-43.82565,-21.96472],[-43.83611,-21.96561],[-43.84011,-21.96445],[-43.84569,-21.96459]]]}},{"type":"Feature","properties":{"nome_uc":"Serra Nova","categoria":"PAR"},"geometry":{"type":"Polygon","coordinates":[[[-42.86325,-15.98195],[-42.85189,-15.95383],[-42.83679,-15.92119],[-42.84095,-15.90807],[-42.82862,-15.89602],[-42.83537,-15.89222],[-42.83898,-15.89427],[-42.84031,-15.87123],[-42.83847,-15.84419],[-42.8396,-15.84273],[-42.83138,-15.83697],[-42.82751,-15.81816],[-42.83946,-15.81381],[-42.84336,-15.80442],[-42.84668,-15.77573],[-42.85974,-15.74322],[-42.85855,-15.68825],[-42.85965,-15.64799],[-42.85905,-15.62782],[-42.84761,-15.61804],[-42.84258,-15.59826],[-42.8398,-15.5931],[-42.8359,-15.59859],[-42.8379,-15.57175],[-42.84907,-15.54117],[-42.82414,-15.52177],[-42.80501,-15.47748],[-42.7537,-15.49996],[-42.76909,-15.51813],[-42.77636,-15.52364],[-42.77305,-15.53301],[-42.74589,-15.53094],[-42.73943,-15.55956],[-42.73248,-15.57884],[-42.73567,-15.58509],[-42.73466,-15.58878],[-42.73525,-15.59334],[-42.73852,-15.59795],[-42.74218,-15.60102],[-42.73582,-15.59943],[-42.73525,-15.60216],[-42.73333,-15.60325],[-42.7333,-15.61692],[-42.7361,-15.62293],[-42.73537,-15.62499],[-42.73727,-15.6319],[-42.73636,-15.635],[-42.73746,-15.6389],[-42.73633,-15.64692],[-42.73905,-15.64908],[-42.73977,-15.65324],[-42.73483,-15.65277],[-42.73325,-15.6516],[-42.73282,-15.65197],[-42.73007,-15.65622],[-42.72929,-15.66151],[-42.72725,-15.66607],[-42.72846,-15.67994],[-42.72991,-15.68244],[-42.73012,-15.68202],[-42.73094,-15.68596],[-42.73188,-15.68751],[-42.73351,-15.6872],[-42.73435,-15.68978],[-42.73482,-15.69304],[-42.73271,-15.69387],[-42.73315,-15.69735],[-42.73226,-15.69884],[-42.73278,-15.70001],[-42.73689,-15.70046],[-42.73723,-15.6994],[-42.73994,-15.6993],[-42.73957,-15.69772],[-42.74151,-15.6987],[-42.7459,-15.69775],[-42.74945,-15.69937],[-42.75045,-15.69868],[-42.75534,-15.69895],[-42.75649,-15.69827],[-42.75594,-15.69683],[-42.75821,-15.6966],[-42.75913,-15.69533],[-42.76027,-15.69528],[-42.7608,-15.69572],[-42.76037,-15.69725],[-42.76075,-15.69889],[-42.7627,-15.70199],[-42.76335,-15.70672],[-42.7628,-15.72379],[-42.76122,-15.72781],[-42.76131,-15.73398],[-42.7596,-15.73853],[-42.75834,-15.74884],[-42.757,-15.75046],[-42.75684,-15.75287],[-42.75866,-15.75621],[-42.75768,-15.76166],[-42.75637,-15.76085],[-42.75583,-15.76248],[-42.75519,-15.76266],[-42.75439,-15.75836],[-42.7534,-15.75801],[-42.75264,-15.75959],[-42.75191,-15.75916],[-42.75339,-15.75571],[-42.7525,-15.7542],[-42.75118,-15.75433],[-42.75225,-15.75233],[-42.75062,-15.74794],[-42.75067,-15.74436],[-42.74973,-15.74052],[-42.75288,-15.7312],[-42.74813,-15.7311],[-42.74087,-15.74235],[-42.74092,-15.75042],[-42.73962,-15.75657],[-42.7408,-15.759],[-42.74283,-15.75858],[-42.73995,-15.76424],[-42.74043,-15.76522],[-42.74558,-15.7689],[-42.74536,-15.77049],[-42.7436,-15.77175],[-42.74362,-15.77271],[-42.74485,-15.77637],[-42.74887,-15.78218],[-42.74709,-15.78353],[-42.74723,-15.78523],[-42.74875,-15.78776],[-42.74828,-15.79054],[-42.74753,-15.79111],[-42.74532,-15.79008],[-42.7427,-15.79163],[-42.74201,-15.79293],[-42.74227,-15.79603],[-42.74162,-15.7976],[-42.74203,-15.79879],[-42.74347,-15.79969],[-42.74793,-15.79862],[-42.74858,-15.79702],[-42.74724,-15.79464],[-42.7476,-15.79348],[-42.74851,-15.79375],[-42.75289,-15.7989],[-42.75465,-15.80658],[-42.75325,-15.81246],[-42.74165,-15.81332],[-42.7422,-15.81464],[-42.75028,-15.81971],[-42.75341,-15.8224],[-42.75037,-15.8281],[-42.74881,-15.83519],[-42.74708,-15.83598],[-42.74623,-15.83188],[-42.74256,-15.83052],[-42.74134,-15.83275],[-42.74722,-15.83906],[-42.74904,-15.83943],[-42.75041,-15.83777],[-42.75117,-15.83789],[-42.75294,-15.83668],[-42.75448,-15.83925],[-42.7555,-15.83826],[-42.75632,-15.8391],[-42.75648,-15.84182],[-42.76236,-15.84109],[-42.76354,-15.8428],[-42.76458,-15.84226],[-42.76536,-15.84299],[-42.76539,-15.845],[-42.77073,-15.83902],[-42.78954,-15.8364],[-42.78995,-15.83901],[-42.78926,-15.84154],[-42.78659,-15.84451],[-42.78927,-15.84845],[-42.79099,-15.85616],[-42.79253,-15.8593],[-42.79213,-15.8653],[-42.77911,-15.86551],[-42.77293,-15.86468],[-42.77304,-15.86838],[-42.77216,-15.87047],[-42.7721,-15.88507],[-42.77814,-15.88268],[-42.80004,-15.88269],[-42.79857,-15.8879],[-42.79655,-15.89136],[-42.79676,-15.89269],[-42.79435,-15.89747],[-42.78227,-15.91242],[-42.78217,-15.91458],[-42.7833,-15.9164],[-42.78768,-15.9182],[-42.79482,-15.92246],[-42.80046,-15.93685],[-42.80695,-15.94974],[-42.81801,-15.9639],[-42.82,-15.9686],[-42.83181,-15.97692],[-42.84408,-15.9904],[-42.85437,-15.99344],[-42.86325,-15.98195]]]}},{"type":"Feature","properties":{"nome_uc":"Serra Verde","categoria":"PAR"},"geometry":{"type":"Polygon","coordinates":[[[-43.95959,-19.77858],[-43.95372,-19.7772],[-43.95183,-19.7777],[-43.94964,-19.77946],[-43.95621,-19.77892],[-43.95652,-19.78517],[-43.95555,-19.7886],[-43.95875,-19.78929],[-43.95835,-19.79263],[-43.95666,-19.79322],[-43.95665,-19.79455],[-43.95745,-19.79412],[-43.95794,-19.79484],[-43.95756,-19.79534],[-43.95621,-19.79497],[-43.95621,-19.79579],[-43.95858,-19.79667],[-43.96009,-19.79637],[-43.96054,-19.79787],[-43.95976,-19.79829],[-43.96149,-19.79885],[-43.96173,-19.79748],[-43.96282,-19.79649],[-43.9623,-19.7942],[-43.96399,-19.79138],[-43.964,-19.78855],[-43.96571,-19.78667],[-43.96567,-19.78529],[-43.96294,-19.78359],[-43.96111,-19.78105],[-43.95934,-19.78091],[-43.95959,-19.77858]]]}},{"type":"Feature","properties":{"nome_uc":"Serra da Boa Esperança","categoria":"PAR"},"geometry":{"type":"Polygon","coordinates":[[[-45.67693,-20.8839],[-45.66883,-20.88577],[-45.65963,-20.89551],[-45.65112,-20.91041],[-45.65028,-20.9162],[-45.65935,-20.91486],[-45.66338,-20.91788],[-45.64581,-20.92165],[-45.64243,-20.93406],[-45.64313,-20.94703],[-45.64709,-20.94546],[-45.64966,-20.96982],[-45.62584,-20.96931],[-45.63105,-20.97685],[-45.63218,-20.97701],[-45.63315,-20.97901],[-45.62828,-20.98029],[-45.61828,-20.97506],[-45.62349,-20.9791],[-45.62252,-20.98533],[-45.62016,-20.98491],[-45.61791,-20.99285],[-45.60913,-20.99844],[-45.61778,-21.00419],[-45.62342,-21.0048],[-45.62836,-21.0021],[-45.62944,-21.00224],[-45.62995,-21.00137],[-45.63247,-21.00242],[-45.6328,-21.00298],[-45.62794,-21.01039],[-45.63395,-21.01487],[-45.6414,-21.01216],[-45.64464,-21.01313],[-45.64703,-21.01617],[-45.6469,-21.02107],[-45.64779,-21.02139],[-45.64686,-21.02353],[-45.65281,-21.02505],[-45.6543,-21.02002],[-45.65627,-21.0188],[-45.67107,-21.01781],[-45.67887,-21.02019],[-45.68865,-21.01915],[-45.69354,-21.01769],[-45.69812,-21.01547],[-45.70892,-21.01671],[-45.70818,-21.0145],[-45.70405,-21.01201],[-45.70381,-21.01084],[-45.69723,-21.01002],[-45.69739,-21.00636],[-45.69487,-21.00541],[-45.69459,-21.00267],[-45.68887,-21.00197],[-45.68713,-20.99848],[-45.67124,-20.99961],[-45.67083,-20.99741],[-45.66607,-21.00089],[-45.66209,-21.00283],[-45.66059,-21.00615],[-45.6564,-21.00653],[-45.65585,-21.00884],[-45.65722,-21.00968],[-45.65674,-21.0103],[-45.6553,-21.00978],[-45.65354,-21.01145],[-45.6512,-21.01242],[-45.65069,-21.01069],[-45.65183,-21.00937],[-45.65484,-21.00844],[-45.65436,-21.00503],[-45.64857,-21.00622],[-45.64832,-21.00406],[-45.64584,-21.00336],[-45.64559,-20.99948],[-45.64126,-21.00066],[-45.64075,-21.00017],[-45.64849,-20.99461],[-45.64527,-20.99234],[-45.64179,-20.99358],[-45.63846,-20.99958],[-45.63715,-21.00052],[-45.63238,-20.9959],[-45.62881,-20.99512],[-45.62654,-20.99271],[-45.63213,-20.99073],[-45.63365,-20.99304],[-45.63467,-20.99353],[-45.64042,-20.98825],[-45.64818,-20.98623],[-45.64792,-20.99064],[-45.64459,-20.99043],[-45.64873,-20.99345],[-45.65814,-20.98837],[-45.65625,-20.98678],[-45.65709,-20.98344],[-45.65686,-20.97969],[-45.65863,-20.97927],[-45.66204,-20.99401],[-45.67789,-20.99743],[-45.68284,-20.9926],[-45.68531,-20.9928],[-45.67313,-20.97959],[-45.68225,-20.97588],[-45.68418,-20.97649],[-45.68844,-20.98003],[-45.69195,-20.98074],[-45.69208,-20.98003],[-45.69039,-20.97915],[-45.68926,-20.97757],[-45.69042,-20.97334],[-45.6901,-20.96874],[-45.68263,-20.96163],[-45.67983,-20.95442],[-45.67891,-20.94967],[-45.67932,-20.9489],[-45.69231,-20.94862],[-45.69335,-20.94041],[-45.68224,-20.92401],[-45.67051,-20.92812],[-45.67159,-20.93486],[-45.66606,-20.93579],[-45.66877,-20.92806],[-45.67263,-20.9212],[-45.66237,-20.9113],[-45.68155,-20.89639],[-45.67693,-20.8839]]]}},{"type":"Feature","properties":{"nome_uc":"Serra da Candonga","categoria":"PAR"},"geometry":{"type":"Polygon","coordinates":[[[-42.93319,-18.8641],[-42.93094,-18.86778],[-42.9338,-18.87293],[-42.93618,-18.87466],[-42.93827,-18.87745],[-42.94005,-18.88131],[-42.93583,-18.88394],[-42.93517,-18.88549],[-42.93603,-18.89048],[-42.93836,-18.8918],[-42.93697,-18.89448],[-42.93703,-18.89556],[-42.93172,-18.89606],[-42.92957,-18.89793],[-42.92647,-18.8982],[-42.9288,-18.90198],[-42.92741,-18.90233],[-42.92602,-18.90175],[-42.92508,-18.90257],[-42.92511,-18.90541],[-42.92615,-18.90625],[-42.92648,-18.90747],[-42.92464,-18.91043],[-42.92601,-18.91416],[-42.92735,-18.91515],[-42.92771,-18.91626],[-42.92792,-18.91737],[-42.92695,-18.91836],[-42.92732,-18.91961],[-42.92941,-18.9224],[-42.93002,-18.92211],[-42.93144,-18.92316],[-42.93118,-18.92503],[-42.93473,-18.92331],[-42.93703,-18.92002],[-42.9415,-18.91876],[-42.94262,-18.91658],[-42.94306,-18.91215],[-42.94725,-18.90797],[-42.94835,-18.91315],[-42.95084,-18.91668],[-42.95113,-18.92009],[-42.95313,-18.92187],[-42.95185,-18.92483],[-42.95168,-18.92996],[-42.95292,-18.93065],[-42.95337,-18.93209],[-42.9586,-18.93244],[-42.96262,-18.9299],[-42.96097,-18.92857],[-42.96173,-18.92615],[-42.96364,-18.92657],[-42.96505,-18.92469],[-42.97176,-18.92205],[-42.9723,-18.91943],[-42.9739,-18.91797],[-42.97505,-18.91764],[-42.9785,-18.91836],[-42.97913,-18.91751],[-42.98009,-18.91789],[-42.98065,-18.91603],[-42.98322,-18.91643],[-42.98319,-18.9149],[-42.9806,-18.91056],[-42.98321,-18.90861],[-42.98382,-18.90659],[-42.98591,-18.90556],[-42.98743,-18.90595],[-42.99102,-18.90173],[-42.99294,-18.90113],[-42.99469,-18.89901],[-42.99681,-18.89779],[-42.99824,-18.89111],[-42.99454,-18.8894],[-42.99397,-18.89038],[-42.99171,-18.89144],[-42.98,-18.89092],[-42.98257,-18.88433],[-42.98746,-18.88214],[-42.98757,-18.87889],[-42.98569,-18.87685],[-42.9841,-18.87657],[-42.98316,-18.87721],[-42.9824,-18.87998],[-42.9794,-18.88229],[-42.97794,-18.88257],[-42.96717,-18.87724],[-42.9623,-18.8775],[-42.96225,-18.87604],[-42.96535,-18.87256],[-42.96661,-18.87206],[-42.96597,-18.87047],[-42.96684,-18.86572],[-42.96558,-18.86439],[-42.96344,-18.86366],[-42.96038,-18.86449],[-42.95019,-18.86365],[-42.94647,-18.86461],[-42.9451,-18.86623],[-42.94376,-18.86306],[-42.94177,-18.86239],[-42.94203,-18.86016],[-42.93928,-18.85816],[-42.93937,-18.86165],[-42.93868,-18.86397],[-42.93319,-18.8641]]]}},{"type":"Feature","properties":{"nome_uc":"Serra da Moeda","categoria":"MONA"},"geometry":{"type":"Polygon","coordinates":[[[-43.96861,-20.25135],[-43.96075,-20.25034],[-43.95801,-20.26022],[-43.95942,-20.26057],[-43.95707,-20.26482],[-43.95661,-20.2646],[-43.95367,-20.26699],[-43.95762,-20.27047],[-43.9559,-20.27292],[-43.95552,-20.2746],[-43.9499,-20.28028],[-43.94957,-20.28337],[-43.94795,-20.28551],[-43.94462,-20.298],[-43.94056,-20.29869],[-43.93997,-20.30021],[-43.93923,-20.3],[-43.93928,-20.29698],[-43.93668,-20.29519],[-43.93552,-20.29519],[-43.93412,-20.29689],[-43.93443,-20.29576],[-43.93323,-20.2953],[-43.92872,-20.2966],[-43.93105,-20.29779],[-43.93282,-20.29782],[-43.93321,-20.29867],[-43.93484,-20.29951],[-43.935,-20.30078],[-43.9394,-20.30213],[-43.9368,-20.3068],[-43.941,-20.30724],[-43.94204,-20.30798],[-43.94107,-20.31027],[-43.94134,-20.31325],[-43.93978,-20.31534],[-43.93989,-20.31891],[-43.93766,-20.31989],[-43.93652,-20.32213],[-43.93467,-20.32276],[-43.93023,-20.32088],[-43.92635,-20.32046],[-43.92338,-20.31828],[-43.92213,-20.31871],[-43.92115,-20.31656],[-43.92243,-20.31484],[-43.92329,-20.31472],[-43.92266,-20.31363],[-43.92207,-20.31366],[-43.92258,-20.31196],[-43.9209,-20.31089],[-43.92014,-20.31236],[-43.9207,-20.31354],[-43.91908,-20.31634],[-43.91889,-20.31779],[-43.92055,-20.31811],[-43.9265,-20.32238],[-43.92701,-20.32346],[-43.9286,-20.32432],[-43.93016,-20.32393],[-43.93081,-20.32598],[-43.93172,-20.32597],[-43.93047,-20.32815],[-43.93202,-20.32878],[-43.93254,-20.32789],[-43.93518,-20.32831],[-43.93521,-20.32916],[-43.93765,-20.3302],[-43.93706,-20.3318],[-43.93804,-20.33526],[-43.937,-20.34201],[-43.9335,-20.34104],[-43.93187,-20.34161],[-43.93167,-20.34038],[-43.93002,-20.34042],[-43.92736,-20.34718],[-43.93732,-20.34827],[-43.93659,-20.35067],[-43.93706,-20.35213],[-43.93575,-20.36309],[-43.93704,-20.36614],[-43.93569,-20.3674],[-43.93579,-20.36884],[-43.93376,-20.36966],[-43.93335,-20.37262],[-43.93214,-20.37417],[-43.93077,-20.38249],[-43.9289,-20.38792],[-43.92912,-20.39081],[-43.9282,-20.39245],[-43.9277,-20.39639],[-43.92834,-20.40067],[-43.92797,-20.40192],[-43.93751,-20.4051],[-43.9383,-20.4052],[-43.93578,-20.401],[-43.93783,-20.40079],[-43.9392,-20.39872],[-43.93881,-20.39603],[-43.93779,-20.39637],[-43.93874,-20.39025],[-43.9409,-20.38832],[-43.93982,-20.38678],[-43.94226,-20.37917],[-43.9422,-20.37641],[-43.94505,-20.36221],[-43.94452,-20.3581],[-43.94515,-20.35201],[-43.94642,-20.34997],[-43.94509,-20.34513],[-43.95016,-20.34744],[-43.95003,-20.32857],[-43.95116,-20.32648],[-43.94977,-20.32602],[-43.95012,-20.32492],[-43.94887,-20.32218],[-43.94856,-20.31721],[-43.95152,-20.31567],[-43.9507,-20.31461],[-43.95159,-20.3139],[-43.95106,-20.31285],[-43.95262,-20.31295],[-43.95225,-20.31163],[-43.95374,-20.31191],[-43.95425,-20.31122],[-43.95332,-20.30816],[-43.9558,-20.30644],[-43.95423,-20.30469],[-43.95468,-20.30427],[-43.95399,-20.30277],[-43.95587,-20.30074],[-43.95547,-20.29939],[-43.95646,-20.29889],[-43.9564,-20.29781],[-43.95755,-20.29689],[-43.958,-20.29566],[-43.95706,-20.29476],[-43.95817,-20.29469],[-43.95882,-20.29197],[-43.9602,-20.29144],[-43.9604,-20.2907],[-43.96142,-20.29199],[-43.96467,-20.29331],[-43.96555,-20.2918],[-43.96467,-20.29013],[-43.96186,-20.28821],[-43.96208,-20.28727],[-43.96355,-20.28695],[-43.96757,-20.2899],[-43.97209,-20.29031],[-43.97275,-20.2885],[-43.97089,-20.28775],[-43.97087,-20.28398],[-43.96923,-20.28229],[-43.96696,-20.28159],[-43.96737,-20.28068],[-43.97019,-20.27935],[-43.97022,-20.2786],[-43.96679,-20.27951],[-43.96297,-20.27941],[-43.96365,-20.27782],[-43.9649,-20.27765],[-43.96475,-20.27677],[-43.96788,-20.27635],[-43.96879,-20.27782],[-43.97028,-20.27615],[-43.97025,-20.2743],[-43.97284,-20.27257],[-43.97207,-20.27195],[-43.97141,-20.26933],[-43.97355,-20.2672],[-43.97072,-20.26677],[-43.97098,-20.26603],[-43.9724,-20.26568],[-43.97348,-20.26612],[-43.97278,-20.26506],[-43.97297,-20.26307],[-43.97756,-20.26186],[-43.98081,-20.25987],[-43.9781,-20.26003],[-43.97404,-20.26156],[-43.96542,-20.25915],[-43.96684,-20.25544],[-43.96745,-20.25531],[-43.96861,-20.25135]]]}},{"type":"Feature","properties":{"nome_uc":"Serra da Piedade","categoria":"MONA"},"geometry":{"type":"Polygon","coordinates":[[[-43.69532,-19.81276],[-43.69089,-19.80799],[-43.68171,-19.80465],[-43.68274,-19.80175],[-43.68002,-19.79845],[-43.63858,-19.79124],[-43.63663,-19.79417],[-43.66091,-19.81409],[-43.66166,-19.81875],[-43.66118,-19.82255],[-43.66591,-19.82161],[-43.66834,-19.8255],[-43.67046,-19.82653],[-43.66625,-19.83511],[-43.67124,-19.83586],[-43.67492,-19.83844],[-43.67775,-19.83791],[-43.67845,-19.83706],[-43.6788,-19.83417],[-43.68362,-19.83449],[-43.68464,-19.83755],[-43.68731,-19.83749],[-43.68752,-19.83392],[-43.69331,-19.83412],[-43.69393,-19.83493],[-43.69812,-19.83622],[-43.69844,-19.83823],[-43.71576,-19.83876],[-43.73139,-19.83744],[-43.73444,-19.8357],[-43.72838,-19.83191],[-43.71888,-19.83009],[-43.71603,-19.82819],[-43.71579,-19.82704],[-43.71136,-19.82712],[-43.70468,-19.82389],[-43.69995,-19.82239],[-43.69804,-19.82364],[-43.69374,-19.82452],[-43.68962,-19.82435],[-43.68886,-19.82335],[-43.6882,-19.81937],[-43.69051,-19.8155],[-43.69532,-19.81276]]]}},{"type":"Feature","properties":{"nome_uc":"Serra das Araras","categoria":"PAR"},"geometry":{"type":"Polygon","coordinates":[[[-45.40613,-15.46838],[-45.40471,-15.46515],[-45.40572,-15.46236],[-45.40562,-15.45744],[-45.40347,-15.45608],[-45.40285,-15.45424],[-45.40365,-15.45043],[-45.40207,-15.44869],[-45.40263,-15.44766],[-45.40221,-15.446],[-45.40073,-15.44444],[-45.40135,-15.44156],[-45.40075,-15.44027],[-45.4014,-15.43906],[-45.40061,-15.43823],[-45.40078,-15.43693],[-45.40231,-15.43598],[-45.40258,-15.43496],[-45.40019,-15.43119],[-45.40073,-15.42442],[-45.39975,-15.42369],[-45.40041,-15.42266],[-45.39897,-15.41823],[-45.39722,-15.41798],[-45.3941,-15.41626],[-45.39193,-15.41407],[-45.39109,-15.41084],[-45.39099,-15.40555],[-45.39306,-15.40265],[-45.39397,-15.39439],[-45.39509,-15.39289],[-45.39563,-15.39047],[-45.39564,-15.38092],[-45.39768,-15.3617],[-45.40156,-15.33791],[-45.40271,-15.32733],[-45.40236,-15.324],[-45.40051,-15.32328],[-45.39819,-15.32331],[-45.39706,-15.32481],[-45.39332,-15.32589],[-45.39355,-15.32774],[-45.39009,-15.3288],[-45.38708,-15.32801],[-45.38507,-15.32888],[-45.38425,-15.32648],[-45.37552,-15.33439],[-45.37546,-15.33652],[-45.37318,-15.33869],[-45.37078,-15.33891],[-45.36946,-15.34069],[-45.36811,-15.34108],[-45.36614,-15.33916],[-45.36194,-15.34163],[-45.35985,-15.34852],[-45.35854,-15.3503],[-45.35738,-15.35041],[-45.35533,-15.34914],[-45.35558,-15.34709],[-45.3546,-15.34683],[-45.35262,-15.34927],[-45.35154,-15.34826],[-45.35132,-15.34678],[-45.35207,-15.34566],[-45.34951,-15.34291],[-45.3471,-15.3384],[-45.34573,-15.33741],[-45.34477,-15.33779],[-45.34396,-15.34067],[-45.34252,-15.34097],[-45.34045,-15.33915],[-45.33741,-15.34169],[-45.33573,-15.33949],[-45.33373,-15.34119],[-45.3299,-15.3379],[-45.31967,-15.33823],[-45.31835,-15.33955],[-45.31107,-15.34308],[-45.30901,-15.34654],[-45.30888,-15.34988],[-45.30806,-15.3523],[-45.3043,-15.35263],[-45.30166,-15.351],[-45.30031,-15.35111],[-45.2969,-15.35468],[-45.29448,-15.35416],[-45.29393,-15.35565],[-45.28999,-15.35681],[-45.28824,-15.35628],[-45.2871,-15.35713],[-45.28617,-15.35937],[-45.28922,-15.36749],[-45.29057,-15.37757],[-45.31001,-15.38379],[-45.32202,-15.38557],[-45.34721,-15.41479],[-45.33817,-15.42169],[-45.33467,-15.42099],[-45.32944,-15.42496],[-45.31929,-15.43002],[-45.31142,-15.43272],[-45.30977,-15.43247],[-45.30671,-15.43427],[-45.29509,-15.43786],[-45.28451,-15.44023],[-45.28005,-15.44456],[-45.27423,-15.4489],[-45.2683,-15.45223],[-45.26936,-15.45703],[-45.27115,-15.4597],[-45.28061,-15.45938],[-45.28793,-15.45771],[-45.29548,-15.46363],[-45.29625,-15.46334],[-45.30339,-15.44748],[-45.30605,-15.44494],[-45.30912,-15.44406],[-45.31454,-15.44445],[-45.3181,-15.44375],[-45.31822,-15.43986],[-45.32167,-15.43341],[-45.32847,-15.44036],[-45.35467,-15.47105],[-45.35277,-15.47266],[-45.35277,-15.47803],[-45.35476,-15.48598],[-45.35507,-15.492],[-45.36622,-15.48396],[-45.36992,-15.48002],[-45.37886,-15.47247],[-45.38522,-15.47201],[-45.38814,-15.47271],[-45.39966,-15.47857],[-45.40478,-15.47377],[-45.40607,-15.47069],[-45.40613,-15.46838]]]}},{"type":"Feature","properties":{"nome_uc":"Serra das Aroeiras","categoria":"RVS"},"geometry":{"type":"Polygon","coordinates":[[[-44.04271,-19.69894],[-44.04175,-19.69742],[-44.04056,-19.69798],[-44.03881,-19.70029],[-44.03725,-19.70003],[-44.03335,-19.705],[-44.02503,-19.70716],[-44.02936,-19.71035],[-44.03443,-19.709],[-44.0358,-19.70788],[-44.04193,-19.71367],[-44.04108,-19.71675],[-44.03677,-19.71482],[-44.02875,-19.72062],[-44.02661,-19.71806],[-44.0248,-19.71379],[-44.02177,-19.71611],[-44.01809,-19.71491],[-44.01665,-19.71712],[-44.0198,-19.72065],[-44.02071,-19.72344],[-44.02348,-19.72529],[-44.02383,-19.72728],[-44.02818,-19.72614],[-44.02951,-19.72153],[-44.03046,-19.72156],[-44.03618,-19.72493],[-44.03402,-19.72824],[-44.04103,-19.734],[-44.04804,-19.73346],[-44.04781,-19.73461],[-44.04693,-19.73478],[-44.04676,-19.73553],[-44.04546,-19.73589],[-44.04233,-19.73499],[-44.0393,-19.73628],[-44.03943,-19.7375],[-44.04098,-19.73899],[-44.04439,-19.73952],[-44.04082,-19.74331],[-44.04211,-19.74666],[-44.05284,-19.74566],[-44.05325,-19.74425],[-44.0522,-19.74272],[-44.05892,-19.73353],[-44.05715,-19.73199],[-44.05697,-19.73068],[-44.06156,-19.72798],[-44.06185,-19.72596],[-44.06077,-19.72403],[-44.05924,-19.72458],[-44.05844,-19.72408],[-44.05642,-19.72428],[-44.05406,-19.72207],[-44.05439,-19.72069],[-44.05872,-19.71596],[-44.05831,-19.71489],[-44.05514,-19.71322],[-44.05023,-19.71291],[-44.04515,-19.71607],[-44.04431,-19.71573],[-44.04653,-19.70942],[-44.04689,-19.70575],[-44.05208,-19.70332],[-44.05123,-19.70069],[-44.0489,-19.70107],[-44.04778,-19.69942],[-44.04572,-19.69998],[-44.04335,-19.70159],[-44.04235,-19.70071],[-44.04271,-19.69894]]]}},{"type":"Feature","properties":{"nome_uc":"Serra do Brigadeiro","categoria":"PAR"},"geometry":{"type":"Polygon","coordinates":[[[-42.49365,-20.77108],[-42.49656,-20.76757],[-42.49399,-20.75101],[-42.50033,-20.74653],[-42.50013,-20.7396],[-42.49126,-20.72815],[-42.4893,-20.71117],[-42.48766,-20.71056],[-42.48803,-20.71174],[-42.48602,-20.7118],[-42.48104,-20.70718],[-42.48446,-20.69706],[-42.48253,-20.68263],[-42.48285,-20.67552],[-42.488,-20.66963],[-42.48368,-20.67007],[-42.48361,-20.66949],[-42.47547,-20.66414],[-42.47866,-20.66028],[-42.46938,-20.65155],[-42.46985,-20.654],[-42.46335,-20.66201],[-42.46171,-20.66744],[-42.46183,-20.66901],[-42.45867,-20.66915],[-42.45584,-20.66746],[-42.45269,-20.66714],[-42.44594,-20.65882],[-42.44688,-20.65303],[-42.44496,-20.64711],[-42.43386,-20.65456],[-42.43207,-20.64066],[-42.43143,-20.63812],[-42.43065,-20.63772],[-42.43184,-20.63599],[-42.44087,-20.63366],[-42.4412,-20.63176],[-42.44057,-20.63028],[-42.43153,-20.63076],[-42.4245,-20.62399],[-42.43006,-20.62098],[-42.43109,-20.61797],[-42.4176,-20.61017],[-42.41759,-20.60785],[-42.41499,-20.60566],[-42.41585,-20.59694],[-42.41705,-20.59158],[-42.41499,-20.58889],[-42.41578,-20.5867],[-42.43149,-20.57829],[-42.43336,-20.57427],[-42.44226,-20.57144],[-42.45222,-20.56045],[-42.4458,-20.56019],[-42.44399,-20.55675],[-42.43668,-20.55125],[-42.42958,-20.5374],[-42.43217,-20.54799],[-42.4295,-20.55043],[-42.41069,-20.55416],[-42.41611,-20.56522],[-42.40428,-20.57411],[-42.40492,-20.58015],[-42.39326,-20.5863],[-42.38878,-20.5848],[-42.38388,-20.57705],[-42.37566,-20.57226],[-42.37421,-20.57513],[-42.36943,-20.57427],[-42.36887,-20.57345],[-42.35829,-20.57446],[-42.36003,-20.56619],[-42.36192,-20.56734],[-42.36641,-20.56164],[-42.35619,-20.56084],[-42.35714,-20.55624],[-42.35162,-20.55279],[-42.35807,-20.54907],[-42.35696,-20.54545],[-42.34206,-20.54041],[-42.34216,-20.53822],[-42.35124,-20.53471],[-42.34838,-20.53481],[-42.35169,-20.53303],[-42.33673,-20.53417],[-42.33524,-20.53606],[-42.33771,-20.54529],[-42.3314,-20.54524],[-42.32932,-20.54],[-42.32668,-20.53832],[-42.32756,-20.54337],[-42.32474,-20.54374],[-42.33114,-20.55137],[-42.34797,-20.55131],[-42.3478,-20.55442],[-42.34092,-20.55541],[-42.34085,-20.55771],[-42.34638,-20.55751],[-42.3378,-20.56436],[-42.33904,-20.56699],[-42.35356,-20.56875],[-42.35518,-20.57154],[-42.35083,-20.57409],[-42.34917,-20.57765],[-42.34432,-20.57394],[-42.33807,-20.57428],[-42.33719,-20.57689],[-42.33812,-20.57827],[-42.3424,-20.58137],[-42.34476,-20.58109],[-42.34939,-20.58278],[-42.34861,-20.58452],[-42.35727,-20.59775],[-42.36819,-20.60648],[-42.37352,-20.60514],[-42.38029,-20.60915],[-42.38568,-20.61767],[-42.39324,-20.61938],[-42.38928,-20.62463],[-42.39093,-20.62492],[-42.39998,-20.63228],[-42.40751,-20.63998],[-42.40421,-20.64493],[-42.39861,-20.64663],[-42.39695,-20.64458],[-42.39493,-20.64776],[-42.39373,-20.64309],[-42.39125,-20.64203],[-42.39065,-20.64816],[-42.38983,-20.64768],[-42.38933,-20.64587],[-42.38664,-20.64487],[-42.38405,-20.64684],[-42.38326,-20.6466],[-42.38664,-20.65034],[-42.38459,-20.65087],[-42.38216,-20.65336],[-42.37924,-20.65222],[-42.37621,-20.65394],[-42.37253,-20.65423],[-42.3806,-20.66097],[-42.38819,-20.65678],[-42.39057,-20.65425],[-42.39666,-20.66306],[-42.39594,-20.66407],[-42.39326,-20.66449],[-42.39607,-20.66676],[-42.39161,-20.67102],[-42.39079,-20.67706],[-42.40778,-20.67953],[-42.41522,-20.68866],[-42.4172,-20.68771],[-42.41533,-20.68452],[-42.4154,-20.68365],[-42.42021,-20.68067],[-42.42858,-20.67932],[-42.43782,-20.69145],[-42.43668,-20.69636],[-42.43785,-20.69684],[-42.44416,-20.69612],[-42.44814,-20.69923],[-42.44789,-20.70147],[-42.44323,-20.7016],[-42.43978,-20.70348],[-42.43884,-20.70198],[-42.43637,-20.70205],[-42.43761,-20.70574],[-42.44089,-20.70615],[-42.44335,-20.70776],[-42.44286,-20.70855],[-42.44316,-20.71092],[-42.44839,-20.71221],[-42.45611,-20.71059],[-42.4569,-20.71341],[-42.45592,-20.71545],[-42.45392,-20.71521],[-42.45446,-20.71812],[-42.45507,-20.71825],[-42.4556,-20.71754],[-42.45624,-20.71783],[-42.46163,-20.70916],[-42.4667,-20.71253],[-42.46649,-20.71381],[-42.46888,-20.71464],[-42.46683,-20.71967],[-42.4632,-20.71938],[-42.46241,-20.72097],[-42.46188,-20.72048],[-42.46128,-20.72119],[-42.46263,-20.72319],[-42.46187,-20.728],[-42.46122,-20.72849],[-42.46223,-20.73156],[-42.46156,-20.73338],[-42.46558,-20.73758],[-42.46135,-20.74514],[-42.45926,-20.74642],[-42.45529,-20.73983],[-42.45347,-20.74232],[-42.45408,-20.74587],[-42.45354,-20.75231],[-42.46382,-20.76236],[-42.46003,-20.76344],[-42.46231,-20.7663],[-42.46891,-20.76516],[-42.47278,-20.76991],[-42.46693,-20.7715],[-42.46427,-20.77319],[-42.46797,-20.78467],[-42.47779,-20.78061],[-42.48132,-20.78287],[-42.48256,-20.78451],[-42.47456,-20.78689],[-42.46751,-20.79104],[-42.4671,-20.79855],[-42.47077,-20.79834],[-42.48604,-20.80787],[-42.48242,-20.8107],[-42.48271,-20.81617],[-42.47707,-20.82193],[-42.47652,-20.82678],[-42.48184,-20.83512],[-42.47693,-20.83874],[-42.48171,-20.84783],[-42.49091,-20.84557],[-42.49694,-20.84815],[-42.49959,-20.85747],[-42.49903,-20.85978],[-42.50266,-20.86104],[-42.5025,-20.86277],[-42.49854,-20.86218],[-42.50073,-20.86513],[-42.50065,-20.87701],[-42.5087,-20.8846],[-42.51539,-20.88673],[-42.51862,-20.89357],[-42.53601,-20.88856],[-42.54057,-20.88836],[-42.53937,-20.88432],[-42.53862,-20.87138],[-42.53631,-20.87363],[-42.52795,-20.87885],[-42.52786,-20.87406],[-42.52925,-20.87199],[-42.52122,-20.86812],[-42.52106,-20.86274],[-42.503,-20.84824],[-42.49855,-20.83732],[-42.49491,-20.83022],[-42.4966,-20.82436],[-42.4919,-20.80536],[-42.48897,-20.80517],[-42.48839,-20.79459],[-42.48887,-20.78155],[-42.49026,-20.77822],[-42.49402,-20.77739],[-42.49365,-20.77108]]]}},{"type":"Feature","properties":{"nome_uc":"Serra do Cabral","categoria":"PAR"},"geometry":{"type":"Polygon","coordinates":[[[-44.17966,-17.66144],[-44.17162,-17.65738],[-44.1707,-17.65828],[-44.17054,-17.66092],[-44.16889,-17.66184],[-44.16901,-17.66395],[-44.16928,-17.66541],[-44.17121,-17.66608],[-44.17273,-17.66754],[-44.17408,-17.67588],[-44.17599,-17.67867],[-44.17379,-17.68114],[-44.175,-17.68487],[-44.17525,-17.68858],[-44.17469,-17.69109],[-44.17522,-17.69546],[-44.17912,-17.69705],[-44.17894,-17.69785],[-44.18086,-17.70157],[-44.17933,-17.70341],[-44.17781,-17.7034],[-44.17711,-17.70552],[-44.17764,-17.71141],[-44.17473,-17.71246],[-44.17487,-17.71391],[-44.17375,-17.71589],[-44.1754,-17.71735],[-44.17689,-17.72172],[-44.17509,-17.72541],[-44.17644,-17.72978],[-44.17589,-17.7315],[-44.17833,-17.73932],[-44.17845,-17.74486],[-44.17676,-17.75133],[-44.17842,-17.752],[-44.17819,-17.75408],[-44.18071,-17.75577],[-44.18212,-17.75823],[-44.18222,-17.76761],[-44.18331,-17.77],[-44.18379,-17.78434],[-44.18158,-17.78487],[-44.18176,-17.7904],[-44.181,-17.79221],[-44.18289,-17.79338],[-44.18522,-17.8026],[-44.18535,-17.80458],[-44.18398,-17.80604],[-44.18419,-17.80764],[-44.18581,-17.80884],[-44.18563,-17.81179],[-44.18393,-17.81198],[-44.18379,-17.81261],[-44.18633,-17.81387],[-44.18665,-17.81537],[-44.18433,-17.81616],[-44.18404,-17.81706],[-44.18735,-17.81815],[-44.18749,-17.82075],[-44.18662,-17.82179],[-44.18532,-17.82189],[-44.18525,-17.82369],[-44.18706,-17.82264],[-44.18843,-17.8245],[-44.18951,-17.82861],[-44.18956,-17.83222],[-44.18661,-17.83466],[-44.18677,-17.83609],[-44.18837,-17.8361],[-44.19035,-17.83503],[-44.19073,-17.83779],[-44.19167,-17.83936],[-44.19417,-17.83896],[-44.19573,-17.83666],[-44.19848,-17.83626],[-44.20011,-17.8361],[-44.20182,-17.83833],[-44.19897,-17.8398],[-44.19742,-17.84202],[-44.1981,-17.84392],[-44.19672,-17.84466],[-44.19639,-17.84666],[-44.19542,-17.84772],[-44.19377,-17.84792],[-44.19396,-17.85349],[-44.19569,-17.85587],[-44.1913,-17.85976],[-44.18974,-17.86294],[-44.17977,-17.86305],[-44.1785,-17.86397],[-44.17896,-17.8664],[-44.18134,-17.86791],[-44.18217,-17.87461],[-44.18615,-17.87429],[-44.18866,-17.87248],[-44.19081,-17.87372],[-44.19323,-17.87415],[-44.20133,-17.87328],[-44.20117,-17.87778],[-44.20297,-17.88289],[-44.20448,-17.8829],[-44.20648,-17.88113],[-44.2073,-17.88175],[-44.21001,-17.88098],[-44.21165,-17.88336],[-44.21164,-17.88673],[-44.2097,-17.88667],[-44.2073,-17.89048],[-44.21249,-17.89261],[-44.2141,-17.89241],[-44.21392,-17.89406],[-44.21484,-17.89524],[-44.21253,-17.89463],[-44.21126,-17.89543],[-44.20755,-17.8946],[-44.20467,-17.89548],[-44.20373,-17.8973],[-44.20549,-17.90458],[-44.20368,-17.90536],[-44.20657,-17.90814],[-44.20532,-17.90921],[-44.20517,-17.91092],[-44.20683,-17.91093],[-44.20627,-17.91251],[-44.20752,-17.91305],[-44.20572,-17.9145],[-44.20682,-17.91569],[-44.20528,-17.92071],[-44.20665,-17.92205],[-44.20915,-17.92152],[-44.20953,-17.92641],[-44.20828,-17.92787],[-44.2069,-17.92826],[-44.20675,-17.93025],[-44.21048,-17.92855],[-44.21512,-17.94258],[-44.21704,-17.94445],[-44.21922,-17.95093],[-44.22071,-17.95848],[-44.22137,-17.96575],[-44.22082,-17.96693],[-44.22143,-17.96885],[-44.22445,-17.97177],[-44.22582,-17.97601],[-44.2273,-17.97706],[-44.22632,-17.97854],[-44.22754,-17.97916],[-44.23095,-17.97871],[-44.22897,-17.98064],[-44.22812,-17.98487],[-44.22881,-17.98777],[-44.22884,-17.99315],[-44.22784,-17.99513],[-44.22443,-17.99787],[-44.22623,-17.99945],[-44.22832,-17.99648],[-44.22961,-17.99661],[-44.22896,-17.99834],[-44.23012,-17.99884],[-44.23152,-18.00356],[-44.2341,-18.00679],[-44.23409,-18.00976],[-44.2368,-18.01076],[-44.23861,-18.01325],[-44.23937,-18.01597],[-44.24235,-18.01697],[-44.24456,-18.01425],[-44.24664,-18.01433],[-44.24844,-18.01563],[-44.2509,-18.01515],[-44.25337,-18.01181],[-44.25455,-18.00859],[-44.25637,-18.00785],[-44.25936,-18.00439],[-44.25952,-17.99783],[-44.26044,-17.99573],[-44.26239,-17.99388],[-44.26796,-17.99229],[-44.27023,-17.99092],[-44.2718,-17.98784],[-44.27816,-17.98551],[-44.2971,-17.98117],[-44.29309,-17.97905],[-44.28786,-17.97517],[-44.28593,-17.97332],[-44.28305,-17.96815],[-44.28375,-17.96504],[-44.2857,-17.96188],[-44.28877,-17.95117],[-44.28879,-17.94721],[-44.28759,-17.93914],[-44.27544,-17.93367],[-44.27391,-17.93803],[-44.2732,-17.94317],[-44.27195,-17.94515],[-44.27014,-17.9466],[-44.26821,-17.94712],[-44.26321,-17.95305],[-44.25936,-17.95471],[-44.25694,-17.95385],[-44.25452,-17.95426],[-44.25397,-17.95091],[-44.25249,-17.94811],[-44.25311,-17.94612],[-44.25252,-17.94013],[-44.25106,-17.93636],[-44.24947,-17.93491],[-44.24948,-17.93279],[-44.24383,-17.9292],[-44.23888,-17.92389],[-44.23604,-17.92229],[-44.23769,-17.9218],[-44.24123,-17.92314],[-44.24193,-17.92205],[-44.24181,-17.91888],[-44.24278,-17.91756],[-44.24347,-17.91703],[-44.24595,-17.91758],[-44.24983,-17.91614],[-44.25288,-17.91204],[-44.25548,-17.91102],[-44.2505,-17.90947],[-44.25198,-17.90384],[-44.24953,-17.90019],[-44.24965,-17.89911],[-44.25201,-17.89624],[-44.25314,-17.88501],[-44.24872,-17.88208],[-44.24693,-17.88009],[-44.24202,-17.8687],[-44.2361,-17.86087],[-44.23944,-17.85758],[-44.24633,-17.8588],[-44.25198,-17.86305],[-44.25777,-17.86294],[-44.26052,-17.86665],[-44.26864,-17.87197],[-44.27339,-17.86752],[-44.27396,-17.86463],[-44.27352,-17.86181],[-44.27562,-17.85561],[-44.28252,-17.85563],[-44.28624,-17.85631],[-44.29121,-17.85858],[-44.30144,-17.85583],[-44.30434,-17.85413],[-44.30191,-17.84577],[-44.30304,-17.84182],[-44.30365,-17.83621],[-44.30298,-17.83238],[-44.30381,-17.82676],[-44.30222,-17.82469],[-44.2944,-17.82198],[-44.28804,-17.82078],[-44.28771,-17.81711],[-44.29062,-17.81448],[-44.29325,-17.81329],[-44.29465,-17.81091],[-44.2941,-17.80907],[-44.293,-17.80827],[-44.29011,-17.80813],[-44.28554,-17.81195],[-44.27247,-17.81996],[-44.26072,-17.82058],[-44.25465,-17.81937],[-44.24429,-17.82277],[-44.23989,-17.81773],[-44.23617,-17.81678],[-44.2348,-17.81414],[-44.23288,-17.81405],[-44.23467,-17.81024],[-44.2347,-17.80469],[-44.23402,-17.80191],[-44.23128,-17.7999],[-44.22735,-17.79312],[-44.22869,-17.78919],[-44.23481,-17.78674],[-44.24125,-17.78618],[-44.24347,-17.78527],[-44.24968,-17.78478],[-44.25388,-17.78573],[-44.26199,-17.78333],[-44.27614,-17.78149],[-44.28697,-17.78409],[-44.28889,-17.77783],[-44.28645,-17.77454],[-44.2769,-17.77214],[-44.27161,-17.7747],[-44.26138,-17.77315],[-44.25074,-17.76909],[-44.2481,-17.77275],[-44.24517,-17.7741],[-44.24337,-17.77272],[-44.24315,-17.771],[-44.23553,-17.77181],[-44.23439,-17.77077],[-44.23195,-17.76755],[-44.23096,-17.76465],[-44.23238,-17.76249],[-44.23276,-17.76031],[-44.23529,-17.75877],[-44.22938,-17.75133],[-44.22817,-17.74707],[-44.22541,-17.74468],[-44.22625,-17.74244],[-44.22764,-17.74166],[-44.2275,-17.74098],[-44.22501,-17.74085],[-44.22419,-17.73953],[-44.22214,-17.73907],[-44.22198,-17.73824],[-44.22497,-17.73829],[-44.22657,-17.73763],[-44.22674,-17.73653],[-44.22601,-17.73602],[-44.22392,-17.73632],[-44.2203,-17.73859],[-44.21912,-17.73834],[-44.2181,-17.73689],[-44.21885,-17.73446],[-44.22565,-17.73452],[-44.22762,-17.73346],[-44.22468,-17.73191],[-44.22412,-17.72995],[-44.22149,-17.72735],[-44.22461,-17.7237],[-44.22413,-17.7219],[-44.22602,-17.7176],[-44.22521,-17.71407],[-44.22674,-17.71162],[-44.22572,-17.70764],[-44.22413,-17.70617],[-44.22273,-17.70336],[-44.22138,-17.7032],[-44.22089,-17.70481],[-44.21905,-17.7048],[-44.2185,-17.70357],[-44.21594,-17.70252],[-44.21498,-17.70093],[-44.20974,-17.69891],[-44.20822,-17.69891],[-44.20192,-17.69002],[-44.20376,-17.68679],[-44.20366,-17.68445],[-44.20209,-17.68248],[-44.19865,-17.68075],[-44.19742,-17.67889],[-44.19557,-17.67901],[-44.19189,-17.6754],[-44.19147,-17.67306],[-44.19291,-17.67107],[-44.19058,-17.66874],[-44.19068,-17.66815],[-44.19223,-17.6679],[-44.19164,-17.66672],[-44.18699,-17.6642],[-44.17966,-17.66144]]]}},{"type":"Feature","properties":{"nome_uc":"Serra do Cipó","categoria":"PAR"},"geometry":{"type":"Polygon","coordinates":[[[-43.63583,-19.34034],[-43.63154,-19.33648],[-43.62734,-19.33717],[-43.62239,-19.33654],[-43.61111,-19.34009],[-43.60875,-19.33561],[-43.60487,-19.33369],[-43.60394,-19.33193],[-43.60143,-19.33055],[-43.59774,-19.33002],[-43.5971,-19.32761],[-43.59278,-19.32691],[-43.59044,-19.32728],[-43.58313,-19.32452],[-43.58252,-19.32249],[-43.58074,-19.32012],[-43.58187,-19.31581],[-43.5797,-19.31315],[-43.57805,-19.3118],[-43.57497,-19.31189],[-43.57393,-19.3113],[-43.57345,-19.31046],[-43.57362,-19.30809],[-43.57203,-19.30583],[-43.56589,-19.30544],[-43.56028,-19.30218],[-43.55854,-19.30268],[-43.55591,-19.30574],[-43.55314,-19.30624],[-43.54661,-19.3128],[-43.54297,-19.31172],[-43.54246,-19.30917],[-43.5414,-19.30807],[-43.53795,-19.30818],[-43.53421,-19.3069],[-43.53189,-19.30783],[-43.52818,-19.30612],[-43.52719,-19.30501],[-43.52956,-19.29704],[-43.52952,-19.29315],[-43.53273,-19.29003],[-43.5328,-19.2887],[-43.53556,-19.28724],[-43.53697,-19.28464],[-43.53695,-19.28371],[-43.5339,-19.28408],[-43.53375,-19.28247],[-43.53438,-19.27236],[-43.53533,-19.2693],[-43.53542,-19.2657],[-43.53679,-19.26273],[-43.53326,-19.26069],[-43.53138,-19.25883],[-43.53144,-19.25689],[-43.52752,-19.25445],[-43.51905,-19.24392],[-43.51828,-19.24129],[-43.51904,-19.23901],[-43.51845,-19.23331],[-43.51746,-19.23294],[-43.5136,-19.23527],[-43.51018,-19.23386],[-43.50979,-19.23274],[-43.51078,-19.23098],[-43.51394,-19.22786],[-43.51542,-19.22719],[-43.51524,-19.22669],[-43.51187,-19.22734],[-43.50658,-19.23037],[-43.50558,-19.23129],[-43.50516,-19.23375],[-43.50085,-19.23594],[-43.49749,-19.23901],[-43.49586,-19.2416],[-43.49478,-19.24975],[-43.49352,-19.25181],[-43.49125,-19.25334],[-43.48922,-19.2559],[-43.48924,-19.26929],[-43.49104,-19.27387],[-43.49019,-19.27473],[-43.4875,-19.27522],[-43.48602,-19.27821],[-43.48509,-19.28467],[-43.48594,-19.28688],[-43.48586,-19.28892],[-43.48123,-19.29817],[-43.47997,-19.30323],[-43.46863,-19.30696],[-43.45958,-19.3067],[-43.45806,-19.30708],[-43.45622,-19.30898],[-43.45644,-19.31517],[-43.45749,-19.31547],[-43.45983,-19.31433],[-43.46167,-19.31442],[-43.46323,-19.31554],[-43.46468,-19.32],[-43.46428,-19.32698],[-43.46514,-19.33398],[-43.46177,-19.33451],[-43.46179,-19.33358],[-43.46293,-19.33266],[-43.46263,-19.3317],[-43.46156,-19.33146],[-43.46098,-19.33222],[-43.46011,-19.33217],[-43.45888,-19.33151],[-43.45835,-19.32986],[-43.4574,-19.32959],[-43.45517,-19.333],[-43.4556,-19.33532],[-43.45457,-19.33582],[-43.4562,-19.3397],[-43.45825,-19.34242],[-43.45766,-19.34377],[-43.45965,-19.34913],[-43.46045,-19.35511],[-43.46109,-19.35618],[-43.46256,-19.35727],[-43.46528,-19.35726],[-43.46874,-19.35941],[-43.47143,-19.3591],[-43.4751,-19.35761],[-43.47716,-19.35758],[-43.48118,-19.35602],[-43.48594,-19.35639],[-43.48904,-19.35814],[-43.49123,-19.36073],[-43.49166,-19.36657],[-43.48759,-19.37036],[-43.48696,-19.37204],[-43.48778,-19.37475],[-43.49011,-19.37714],[-43.49227,-19.38167],[-43.49249,-19.38484],[-43.4937,-19.38766],[-43.48973,-19.39272],[-43.48274,-19.39765],[-43.4808,-19.40073],[-43.48099,-19.40244],[-43.48465,-19.40451],[-43.48532,-19.40566],[-43.47815,-19.41547],[-43.47877,-19.41685],[-43.48161,-19.4189],[-43.48307,-19.4208],[-43.48347,-19.42287],[-43.48184,-19.42742],[-43.48194,-19.42867],[-43.4848,-19.43001],[-43.48535,-19.43122],[-43.485,-19.43341],[-43.48255,-19.43704],[-43.48152,-19.44024],[-43.48082,-19.45084],[-43.48194,-19.45285],[-43.48585,-19.45456],[-43.48809,-19.45845],[-43.48929,-19.45853],[-43.49117,-19.45689],[-43.49319,-19.45754],[-43.49351,-19.46765],[-43.4949,-19.46974],[-43.49799,-19.47062],[-43.50011,-19.47261],[-43.50088,-19.47986],[-43.50417,-19.48663],[-43.5089,-19.49378],[-43.51427,-19.50625],[-43.51506,-19.50734],[-43.52273,-19.5091],[-43.52581,-19.52001],[-43.5286,-19.52484],[-43.53033,-19.52728],[-43.53232,-19.52862],[-43.53775,-19.53035],[-43.54317,-19.5416],[-43.54417,-19.54149],[-43.54471,-19.53967],[-43.54622,-19.53798],[-43.54911,-19.53083],[-43.54715,-19.51051],[-43.55117,-19.50645],[-43.55575,-19.5032],[-43.55656,-19.50097],[-43.55688,-19.49599],[-43.55929,-19.49359],[-43.55978,-19.48953],[-43.56416,-19.48712],[-43.56598,-19.4848],[-43.56787,-19.48429],[-43.56865,-19.48334],[-43.56931,-19.48196],[-43.56968,-19.47609],[-43.56744,-19.47417],[-43.56817,-19.469],[-43.5706,-19.46682],[-43.57404,-19.46542],[-43.58246,-19.46513],[-43.58424,-19.46365],[-43.58552,-19.46109],[-43.58593,-19.45697],[-43.58683,-19.45542],[-43.5882,-19.4548],[-43.59075,-19.45195],[-43.59436,-19.44596],[-43.59418,-19.44015],[-43.59502,-19.43794],[-43.59518,-19.43439],[-43.59849,-19.43022],[-43.60229,-19.42797],[-43.60565,-19.42734],[-43.60839,-19.42387],[-43.61122,-19.41672],[-43.61163,-19.41307],[-43.61696,-19.40301],[-43.61837,-19.39442],[-43.62156,-19.38642],[-43.62953,-19.3754],[-43.63024,-19.37344],[-43.63312,-19.37042],[-43.6378,-19.3628],[-43.64105,-19.35943],[-43.64152,-19.35747],[-43.63784,-19.35377],[-43.63643,-19.34802],[-43.63703,-19.3463],[-43.63957,-19.34777],[-43.64151,-19.34741],[-43.64229,-19.34492],[-43.64028,-19.34427],[-43.63833,-19.34485],[-43.63711,-19.34355],[-43.63583,-19.34034]]]}},{"type":"Feature","properties":{"nome_uc":"Serra do Gambá","categoria":"MONA"},"geometry":{"type":"Polygon","coordinates":[[[-44.09406,-20.5906],[-44.09255,-20.5889],[-44.09441,-20.5868],[-44.0927,-20.58543],[-44.08889,-20.58863],[-44.0858,-20.58631],[-44.08537,-20.58369],[-44.08253,-20.58148],[-44.0823,-20.5806],[-44.08359,-20.57917],[-44.07389,-20.57427],[-44.07232,-20.57585],[-44.07475,-20.57968],[-44.07055,-20.58007],[-44.06969,-20.58383],[-44.06902,-20.58406],[-44.06947,-20.58441],[-44.06757,-20.58433],[-44.07043,-20.58639],[-44.07142,-20.58594],[-44.0705,-20.58831],[-44.0693,-20.5877],[-44.06708,-20.58806],[-44.0664,-20.58995],[-44.06421,-20.58876],[-44.06234,-20.58895],[-44.05826,-20.58722],[-44.05691,-20.58889],[-44.05649,-20.59096],[-44.05775,-20.59317],[-44.05782,-20.59641],[-44.05673,-20.59707],[-44.06076,-20.59912],[-44.06168,-20.5978],[-44.06118,-20.59581],[-44.06337,-20.59386],[-44.06834,-20.59205],[-44.07014,-20.59363],[-44.06949,-20.59464],[-44.07153,-20.59576],[-44.07195,-20.59696],[-44.0751,-20.59344],[-44.0766,-20.59491],[-44.07853,-20.5949],[-44.07899,-20.59565],[-44.08094,-20.59508],[-44.08488,-20.59774],[-44.08614,-20.59755],[-44.08682,-20.5897],[-44.08948,-20.58911],[-44.09156,-20.59059],[-44.09406,-20.5906]]]}},{"type":"Feature","properties":{"nome_uc":"Serra do Intendente","categoria":"PAR"},"geometry":{"type":"Polygon","coordinates":[[[-43.68253,-18.9511],[-43.68372,-18.94491],[-43.6818,-18.94234],[-43.67375,-18.94118],[-43.66698,-18.93832],[-43.66569,-18.93746],[-43.6629,-18.93179],[-43.66057,-18.93052],[-43.65952,-18.93016],[-43.65305,-18.93278],[-43.64955,-18.93307],[-43.64744,-18.93093],[-43.64582,-18.92759],[-43.64291,-18.92678],[-43.64169,-18.92966],[-43.64237,-18.93381],[-43.64066,-18.93873],[-43.63664,-18.94513],[-43.63479,-18.94985],[-43.62456,-18.95141],[-43.6225,-18.95821],[-43.61875,-18.96731],[-43.61408,-18.97591],[-43.60961,-18.98037],[-43.60669,-18.9879],[-43.60493,-18.99756],[-43.60258,-18.99944],[-43.60165,-19.00233],[-43.60287,-19.00643],[-43.60089,-19.01118],[-43.5971,-19.0144],[-43.59468,-19.01492],[-43.5938,-19.01891],[-43.59103,-19.02148],[-43.58896,-19.02689],[-43.58693,-19.02817],[-43.58581,-19.03228],[-43.58639,-19.03832],[-43.58827,-19.03945],[-43.58805,-19.04193],[-43.58459,-19.04546],[-43.58058,-19.04231],[-43.5787,-19.03917],[-43.56306,-19.05399],[-43.55659,-19.06118],[-43.55046,-19.06331],[-43.5506,-19.06604],[-43.54606,-19.0701],[-43.54368,-19.0695],[-43.54206,-19.06531],[-43.54051,-19.06394],[-43.53823,-19.0651],[-43.53866,-19.0661],[-43.53782,-19.06772],[-43.53872,-19.07389],[-43.53555,-19.07387],[-43.53444,-19.07557],[-43.53502,-19.07854],[-43.53682,-19.07897],[-43.53699,-19.08066],[-43.52921,-19.08303],[-43.53079,-19.09044],[-43.52886,-19.10015],[-43.52664,-19.10562],[-43.51685,-19.11504],[-43.52052,-19.11702],[-43.52519,-19.12094],[-43.53412,-19.13036],[-43.53629,-19.13656],[-43.54185,-19.14276],[-43.54589,-19.15185],[-43.54821,-19.1549],[-43.54776,-19.15253],[-43.55087,-19.14714],[-43.55179,-19.144],[-43.55097,-19.14053],[-43.5511,-19.13725],[-43.55637,-19.13174],[-43.55959,-19.12969],[-43.56169,-19.12734],[-43.56448,-19.12146],[-43.56757,-19.11905],[-43.57495,-19.11781],[-43.58362,-19.11353],[-43.58673,-19.11297],[-43.58971,-19.11137],[-43.59663,-19.10043],[-43.59984,-19.09964],[-43.60728,-19.09973],[-43.60961,-19.10267],[-43.61259,-19.10122],[-43.6148,-19.0941],[-43.6197,-19.08408],[-43.62226,-19.07591],[-43.62197,-19.07481],[-43.62297,-19.06979],[-43.62483,-19.06618],[-43.62378,-19.06297],[-43.62582,-19.06081],[-43.63177,-19.05755],[-43.63422,-19.05515],[-43.63869,-19.04622],[-43.63853,-19.04292],[-43.64226,-19.02991],[-43.64028,-19.02735],[-43.63958,-19.02175],[-43.6369,-19.02053],[-43.63445,-19.01808],[-43.63533,-19.01522],[-43.64314,-19.00922],[-43.64565,-19.00368],[-43.64786,-19.00111],[-43.64938,-18.99505],[-43.65142,-18.99015],[-43.65911,-18.98298],[-43.66168,-18.97779],[-43.66331,-18.97581],[-43.66856,-18.97249],[-43.67019,-18.96351],[-43.6758,-18.95738],[-43.6787,-18.95244],[-43.67986,-18.95131],[-43.68253,-18.9511]]]}},{"type":"Feature","properties":{"nome_uc":"Serra do Ouro Branco","categoria":"PAR"},"geometry":{"type":"Polygon","coordinates":[[[-43.67528,-20.45818],[-43.66046,-20.45804],[-43.6592,-20.45969],[-43.65913,-20.46213],[-43.65811,-20.46323],[-43.65419,-20.48136],[-43.65537,-20.4842],[-43.65622,-20.48406],[-43.6574,-20.48771],[-43.66003,-20.48903],[-43.66357,-20.48967],[-43.66401,-20.49264],[-43.66168,-20.49722],[-43.66017,-20.49543],[-43.65583,-20.4959],[-43.65492,-20.49157],[-43.6508,-20.48876],[-43.64788,-20.48472],[-43.64534,-20.48434],[-43.64256,-20.48589],[-43.64128,-20.48597],[-43.6413,-20.48519],[-43.63628,-20.4829],[-43.63441,-20.48289],[-43.63359,-20.48214],[-43.63134,-20.48249],[-43.62772,-20.48673],[-43.63061,-20.49297],[-43.63297,-20.49373],[-43.63374,-20.49693],[-43.63307,-20.49833],[-43.63166,-20.49801],[-43.62669,-20.49321],[-43.62603,-20.4962],[-43.62461,-20.49599],[-43.62197,-20.49349],[-43.62335,-20.48886],[-43.62003,-20.48869],[-43.61962,-20.48651],[-43.61672,-20.48708],[-43.61452,-20.48616],[-43.6106,-20.48788],[-43.60856,-20.48994],[-43.60689,-20.48983],[-43.60627,-20.49046],[-43.61003,-20.49454],[-43.60643,-20.4957],[-43.60524,-20.49444],[-43.60112,-20.49551],[-43.59993,-20.49679],[-43.6007,-20.49973],[-43.59882,-20.50265],[-43.59799,-20.50647],[-43.59547,-20.50705],[-43.59737,-20.51093],[-43.59706,-20.51395],[-43.61866,-20.50968],[-43.61519,-20.51548],[-43.61769,-20.51517],[-43.61826,-20.5159],[-43.61857,-20.52153],[-43.61999,-20.51947],[-43.62087,-20.51915],[-43.62152,-20.52022],[-43.62035,-20.52183],[-43.61988,-20.52432],[-43.62236,-20.52625],[-43.6233,-20.52502],[-43.62251,-20.52366],[-43.62486,-20.52043],[-43.62543,-20.51866],[-43.62667,-20.51785],[-43.62749,-20.51889],[-43.62918,-20.51912],[-43.62989,-20.51862],[-43.63025,-20.52118],[-43.63138,-20.52126],[-43.63396,-20.52444],[-43.63344,-20.5273],[-43.63661,-20.5274],[-43.63705,-20.52971],[-43.6388,-20.53219],[-43.64095,-20.53074],[-43.64593,-20.53105],[-43.64641,-20.53254],[-43.64827,-20.53405],[-43.64903,-20.53376],[-43.6536,-20.53623],[-43.65477,-20.53578],[-43.65794,-20.5364],[-43.65888,-20.53548],[-43.66071,-20.53579],[-43.66411,-20.5324],[-43.66283,-20.53005],[-43.66256,-20.52743],[-43.66161,-20.52689],[-43.66413,-20.52465],[-43.66226,-20.51941],[-43.65967,-20.51838],[-43.66171,-20.51769],[-43.66124,-20.51587],[-43.66024,-20.51584],[-43.6602,-20.51492],[-43.65859,-20.51436],[-43.65763,-20.51281],[-43.65618,-20.51342],[-43.65522,-20.5131],[-43.68689,-20.5054],[-43.71012,-20.49695],[-43.74363,-20.47629],[-43.74742,-20.46852],[-43.75155,-20.46783],[-43.74102,-20.46004],[-43.74306,-20.4557],[-43.74765,-20.45346],[-43.74736,-20.45171],[-43.73881,-20.45149],[-43.73633,-20.44943],[-43.72954,-20.45012],[-43.72851,-20.44796],[-43.72878,-20.44614],[-43.72561,-20.44414],[-43.71827,-20.44227],[-43.71621,-20.44317],[-43.71241,-20.44232],[-43.6992,-20.4435],[-43.69883,-20.44246],[-43.70066,-20.44024],[-43.70034,-20.4392],[-43.69671,-20.43855],[-43.68989,-20.43579],[-43.68897,-20.43474],[-43.68877,-20.43136],[-43.68624,-20.43062],[-43.68303,-20.43077],[-43.68421,-20.43206],[-43.68508,-20.43599],[-43.68495,-20.43679],[-43.68378,-20.43759],[-43.68416,-20.4389],[-43.68366,-20.43989],[-43.68156,-20.44058],[-43.68079,-20.44419],[-43.68021,-20.44456],[-43.67808,-20.44401],[-43.67675,-20.44522],[-43.67467,-20.44555],[-43.67405,-20.44752],[-43.6746,-20.4484],[-43.67368,-20.44828],[-43.67355,-20.44984],[-43.67377,-20.45069],[-43.67442,-20.45072],[-43.68663,-20.44678],[-43.68773,-20.44816],[-43.68905,-20.45232],[-43.67804,-20.45474],[-43.67528,-20.45818]]]}},{"type":"Feature","properties":{"nome_uc":"Serra do Papagaio","categoria":"PAR"},"geometry":{"type":"Polygon","coordinates":[[[-44.82571,-22.20814],[-44.82579,-22.20677],[-44.82832,-22.20791],[-44.8295,-22.20684],[-44.83075,-22.20684],[-44.83259,-22.20863],[-44.83257,-22.20975],[-44.83559,-22.212],[-44.83514,-22.21298],[-44.83854,-22.21616],[-44.84061,-22.21702],[-44.84062,-22.2185],[-44.84369,-22.21786],[-44.84636,-22.21835],[-44.84808,-22.22034],[-44.84771,-22.22169],[-44.84859,-22.22389],[-44.85047,-22.2248],[-44.85335,-22.22475],[-44.85552,-22.22681],[-44.85564,-22.22764],[-44.85359,-22.22893],[-44.85665,-22.23176],[-44.8599,-22.23247],[-44.86135,-22.23064],[-44.8678,-22.23244],[-44.86837,-22.23319],[-44.87173,-22.23331],[-44.87302,-22.23236],[-44.87684,-22.2339],[-44.87879,-22.23123],[-44.87797,-22.22947],[-44.87315,-22.22834],[-44.86992,-22.22614],[-44.86985,-22.22467],[-44.86874,-22.22405],[-44.85588,-22.22225],[-44.85487,-22.21634],[-44.85578,-22.21567],[-44.85654,-22.2136],[-44.85786,-22.21289],[-44.85866,-22.2129],[-44.85896,-22.21476],[-44.8578,-22.21701],[-44.85969,-22.21955],[-44.86207,-22.21938],[-44.86225,-22.21813],[-44.86422,-22.2182],[-44.8646,-22.21942],[-44.86581,-22.21968],[-44.86729,-22.21882],[-44.86853,-22.21904],[-44.86989,-22.21718],[-44.86829,-22.21607],[-44.86998,-22.21559],[-44.87822,-22.21642],[-44.87882,-22.21418],[-44.8807,-22.21231],[-44.87993,-22.21063],[-44.87863,-22.21075],[-44.8767,-22.20958],[-44.8779,-22.20844],[-44.87756,-22.20683],[-44.87655,-22.20639],[-44.87547,-22.20677],[-44.87295,-22.20891],[-44.86899,-22.20919],[-44.86764,-22.20812],[-44.86707,-22.20629],[-44.86505,-22.20572],[-44.86016,-22.20679],[-44.8558,-22.20316],[-44.85625,-22.20236],[-44.85587,-22.20102],[-44.85157,-22.1986],[-44.85356,-22.19583],[-44.85238,-22.19402],[-44.85437,-22.19359],[-44.85522,-22.19005],[-44.85327,-22.18908],[-44.84601,-22.18754],[-44.84613,-22.18615],[-44.84538,-22.18585],[-44.84703,-22.1822],[-44.84727,-22.17942],[-44.84899,-22.17737],[-44.84801,-22.17709],[-44.84595,-22.1742],[-44.84868,-22.17371],[-44.85039,-22.17209],[-44.84599,-22.16956],[-44.84795,-22.16845],[-44.84791,-22.16695],[-44.8496,-22.16716],[-44.85417,-22.16567],[-44.85697,-22.16595],[-44.85767,-22.16306],[-44.8612,-22.1636],[-44.8594,-22.15963],[-44.8543,-22.15852],[-44.85403,-22.15748],[-44.85706,-22.15684],[-44.85837,-22.15519],[-44.86036,-22.15502],[-44.86044,-22.15412],[-44.85772,-22.15169],[-44.85718,-22.1494],[-44.85396,-22.14993],[-44.85131,-22.14957],[-44.84611,-22.15257],[-44.84202,-22.15324],[-44.84056,-22.15535],[-44.83684,-22.15666],[-44.8359,-22.15616],[-44.834,-22.15766],[-44.83561,-22.15905],[-44.83591,-22.1616],[-44.83317,-22.16521],[-44.83337,-22.16805],[-44.83489,-22.17059],[-44.8381,-22.17036],[-44.8394,-22.17083],[-44.83945,-22.1716],[-44.83716,-22.17297],[-44.83561,-22.17296],[-44.83552,-22.17552],[-44.83483,-22.17681],[-44.83298,-22.17664],[-44.83068,-22.17799],[-44.83036,-22.17884],[-44.82678,-22.17918],[-44.82566,-22.18118],[-44.82388,-22.18184],[-44.82313,-22.18275],[-44.82366,-22.18626],[-44.82232,-22.1868],[-44.81913,-22.18596],[-44.81533,-22.18698],[-44.81432,-22.18651],[-44.81435,-22.185],[-44.81034,-22.18487],[-44.80945,-22.1831],[-44.81115,-22.18128],[-44.81076,-22.18015],[-44.80864,-22.18001],[-44.80795,-22.18149],[-44.80379,-22.18051],[-44.80329,-22.18169],[-44.80215,-22.1809],[-44.80269,-22.17876],[-44.80127,-22.1788],[-44.80141,-22.17502],[-44.80448,-22.17361],[-44.80317,-22.17201],[-44.79905,-22.1715],[-44.79593,-22.17211],[-44.79406,-22.17099],[-44.79241,-22.17149],[-44.7882,-22.16775],[-44.78759,-22.16636],[-44.79346,-22.16439],[-44.79509,-22.16307],[-44.79718,-22.16361],[-44.79914,-22.16236],[-44.79816,-22.16154],[-44.79857,-22.16009],[-44.79648,-22.15805],[-44.79472,-22.15911],[-44.78088,-22.15877],[-44.77804,-22.15786],[-44.7779,-22.15586],[-44.77212,-22.15509],[-44.77076,-22.15698],[-44.76953,-22.15677],[-44.76808,-22.15472],[-44.76523,-22.15438],[-44.76135,-22.1508],[-44.76393,-22.14879],[-44.76791,-22.14834],[-44.76848,-22.14558],[-44.77006,-22.14372],[-44.77084,-22.1445],[-44.7724,-22.14472],[-44.7731,-22.14279],[-44.77407,-22.14204],[-44.77642,-22.1417],[-44.77612,-22.13895],[-44.77401,-22.13652],[-44.77686,-22.13528],[-44.77713,-22.13405],[-44.77826,-22.13387],[-44.77862,-22.13549],[-44.77991,-22.13625],[-44.7806,-22.13558],[-44.78041,-22.13424],[-44.78218,-22.13215],[-44.78371,-22.13113],[-44.78457,-22.1314],[-44.78561,-22.13083],[-44.78634,-22.12914],[-44.78799,-22.12797],[-44.78946,-22.12798],[-44.79154,-22.12674],[-44.79617,-22.12565],[-44.79555,-22.12428],[-44.79713,-22.12249],[-44.79702,-22.12162],[-44.79817,-22.12207],[-44.79987,-22.11985],[-44.79932,-22.11827],[-44.79765,-22.11679],[-44.79728,-22.1149],[-44.79765,-22.11352],[-44.79967,-22.11276],[-44.79776,-22.11101],[-44.7969,-22.11189],[-44.79563,-22.11194],[-44.79304,-22.11029],[-44.79627,-22.10979],[-44.79444,-22.10876],[-44.79461,-22.1076],[-44.79199,-22.10525],[-44.79054,-22.10723],[-44.78805,-22.10792],[-44.78703,-22.10701],[-44.78897,-22.10576],[-44.7887,-22.1039],[-44.78619,-22.10357],[-44.78486,-22.1024],[-44.78485,-22.10036],[-44.78566,-22.09843],[-44.78637,-22.09711],[-44.78744,-22.09662],[-44.78614,-22.0945],[-44.7861,-22.09249],[-44.78678,-22.09246],[-44.78688,-22.09139],[-44.78465,-22.08847],[-44.7858,-22.08705],[-44.78835,-22.08607],[-44.78872,-22.08248],[-44.7864,-22.08152],[-44.78047,-22.08495],[-44.77942,-22.08534],[-44.7776,-22.08484],[-44.77546,-22.08593],[-44.77431,-22.08731],[-44.77505,-22.0917],[-44.77009,-22.09371],[-44.77046,-22.09623],[-44.76975,-22.09975],[-44.77045,-22.10223],[-44.77005,-22.10341],[-44.76745,-22.10512],[-44.76732,-22.10838],[-44.75872,-22.11166],[-44.7533,-22.11195],[-44.75126,-22.11087],[-44.75262,-22.10982],[-44.75057,-22.10532],[-44.75107,-22.10228],[-44.74646,-22.10171],[-44.74627,-22.10604],[-44.73865,-22.10295],[-44.73506,-22.10073],[-44.72982,-22.10003],[-44.72868,-22.09885],[-44.72901,-22.098],[-44.72763,-22.10015],[-44.72649,-22.09697],[-44.72333,-22.09453],[-44.72055,-22.0934],[-44.71635,-22.09523],[-44.71213,-22.09534],[-44.7099,-22.09636],[-44.70777,-22.09578],[-44.70661,-22.0974],[-44.703,-22.09659],[-44.70416,-22.09394],[-44.70437,-22.08925],[-44.70505,-22.08874],[-44.70428,-22.0857],[-44.70163,-22.08555],[-44.70062,-22.0837],[-44.69916,-22.08288],[-44.69829,-22.08082],[-44.69388,-22.08176],[-44.69313,-22.08075],[-44.69241,-22.079],[-44.70062,-22.07561],[-44.70114,-22.07472],[-44.69836,-22.07415],[-44.69782,-22.07269],[-44.69848,-22.06887],[-44.69884,-22.06792],[-44.70369,-22.06665],[-44.70408,-22.06552],[-44.70096,-22.06494],[-44.69963,-22.06365],[-44.70122,-22.06061],[-44.69949,-22.05789],[-44.70052,-22.05704],[-44.70001,-22.05511],[-44.70216,-22.05461],[-44.70321,-22.05586],[-44.70759,-22.05705],[-44.71146,-22.05558],[-44.71329,-22.05553],[-44.71437,-22.0522],[-44.71355,-22.05154],[-44.7111,-22.05186],[-44.71068,-22.05125],[-44.71162,-22.04951],[-44.71357,-22.04878],[-44.71234,-22.04485],[-44.70779,-22.04415],[-44.70734,-22.03988],[-44.70397,-22.03774],[-44.70134,-22.03712],[-44.70037,-22.03536],[-44.69971,-22.03383],[-44.70076,-22.03277],[-44.70059,-22.0313],[-44.70163,-22.02828],[-44.70359,-22.02649],[-44.7034,-22.02438],[-44.70097,-22.02151],[-44.69722,-22.02163],[-44.69517,-22.02102],[-44.69242,-22.02404],[-44.69025,-22.02406],[-44.68789,-22.02251],[-44.68299,-22.02218],[-44.67816,-22.02072],[-44.67564,-22.02173],[-44.67521,-22.022],[-44.67639,-22.02347],[-44.67515,-22.0254],[-44.67427,-22.02259],[-44.6738,-22.02288],[-44.67377,-22.02622],[-44.67484,-22.02624],[-44.67588,-22.02448],[-44.67697,-22.02454],[-44.6787,-22.02552],[-44.67881,-22.02698],[-44.67941,-22.02746],[-44.68319,-22.02927],[-44.68408,-22.03167],[-44.68201,-22.03102],[-44.68111,-22.03277],[-44.68002,-22.03272],[-44.67716,-22.03528],[-44.67389,-22.03595],[-44.6719,-22.03518],[-44.6698,-22.03285],[-44.67108,-22.03165],[-44.6697,-22.03104],[-44.67012,-22.02743],[-44.66961,-22.02625],[-44.66691,-22.02524],[-44.66235,-22.0248],[-44.65911,-22.02575],[-44.6511,-22.0238],[-44.64834,-22.02517],[-44.6448,-22.02461],[-44.64407,-22.02691],[-44.64115,-22.02702],[-44.64057,-22.02961],[-44.642,-22.02971],[-44.6422,-22.03144],[-44.6407,-22.03271],[-44.64029,-22.03226],[-44.63903,-22.03281],[-44.63748,-22.03439],[-44.63585,-22.03425],[-44.6354,-22.03365],[-44.63044,-22.03378],[-44.62939,-22.03434],[-44.62985,-22.03733],[-44.63148,-22.03791],[-44.63223,-22.03886],[-44.63,-22.04043],[-44.62985,-22.04122],[-44.62866,-22.04118],[-44.62894,-22.04203],[-44.63318,-22.04495],[-44.63381,-22.04464],[-44.635,-22.04539],[-44.63577,-22.04881],[-44.63706,-22.05126],[-44.63557,-22.0518],[-44.63565,-22.05265],[-44.63902,-22.0552],[-44.64106,-22.05549],[-44.64178,-22.05831],[-44.6454,-22.05667],[-44.64604,-22.05727],[-44.64935,-22.05778],[-44.65005,-22.05918],[-44.64952,-22.05962],[-44.64727,-22.05919],[-44.64678,-22.0596],[-44.64931,-22.06241],[-44.65233,-22.06399],[-44.65711,-22.0693],[-44.65933,-22.07324],[-44.66017,-22.07858],[-44.66405,-22.07969],[-44.66457,-22.08128],[-44.66554,-22.08203],[-44.66772,-22.08213],[-44.66919,-22.0831],[-44.6704,-22.07897],[-44.67238,-22.07685],[-44.67474,-22.07619],[-44.67626,-22.07498],[-44.68316,-22.07525],[-44.6856,-22.07712],[-44.67828,-22.08809],[-44.67508,-22.08853],[-44.67321,-22.09017],[-44.67638,-22.09316],[-44.67641,-22.09601],[-44.67587,-22.0969],[-44.67721,-22.09725],[-44.68011,-22.09974],[-44.68087,-22.1014],[-44.68063,-22.10259],[-44.6777,-22.10439],[-44.6771,-22.10731],[-44.67478,-22.10794],[-44.67537,-22.11514],[-44.67363,-22.11762],[-44.67187,-22.11821],[-44.66343,-22.11654],[-44.66033,-22.11863],[-44.6577,-22.11859],[-44.65558,-22.11601],[-44.65744,-22.11378],[-44.65762,-22.1125],[-44.65658,-22.11143],[-44.65344,-22.11152],[-44.65282,-22.10867],[-44.65136,-22.10741],[-44.64913,-22.10743],[-44.64836,-22.1054],[-44.64776,-22.10354],[-44.65155,-22.10235],[-44.6514,-22.10106],[-44.64881,-22.10086],[-44.64564,-22.09943],[-44.64689,-22.09815],[-44.64506,-22.09671],[-44.64548,-22.09615],[-44.64473,-22.09502],[-44.64289,-22.09394],[-44.64162,-22.09558],[-44.63847,-22.09716],[-44.63837,-22.09795],[-44.63712,-22.09864],[-44.63618,-22.09682],[-44.63433,-22.09813],[-44.63514,-22.10257],[-44.63689,-22.10313],[-44.63769,-22.10458],[-44.63577,-22.10554],[-44.6325,-22.10527],[-44.63211,-22.10635],[-44.63031,-22.10648],[-44.63121,-22.10984],[-44.63439,-22.11226],[-44.63451,-22.11493],[-44.63283,-22.11554],[-44.6297,-22.1194],[-44.62742,-22.11997],[-44.62728,-22.12187],[-44.6254,-22.12308],[-44.62517,-22.12509],[-44.62598,-22.12644],[-44.62526,-22.12754],[-44.62905,-22.12784],[-44.62956,-22.12684],[-44.63173,-22.12728],[-44.63323,-22.12861],[-44.63704,-22.12942],[-44.63665,-22.12987],[-44.64076,-22.13197],[-44.64086,-22.13328],[-44.64482,-22.1329],[-44.64538,-22.12984],[-44.6463,-22.12983],[-44.64588,-22.13264],[-44.6465,-22.13327],[-44.6495,-22.13229],[-44.65155,-22.13243],[-44.65222,-22.13347],[-44.65183,-22.13451],[-44.64942,-22.13483],[-44.64935,-22.13822],[-44.65293,-22.14101],[-44.65036,-22.14258],[-44.64736,-22.13869],[-44.64694,-22.13945],[-44.64299,-22.13805],[-44.64102,-22.13642],[-44.64025,-22.13825],[-44.64397,-22.14179],[-44.64227,-22.14361],[-44.64507,-22.14475],[-44.6459,-22.1454],[-44.64611,-22.14673],[-44.64688,-22.14701],[-44.64907,-22.146],[-44.64946,-22.14498],[-44.65024,-22.14512],[-44.65064,-22.14627],[-44.65164,-22.14614],[-44.65272,-22.14396],[-44.65414,-22.14388],[-44.65653,-22.14594],[-44.65742,-22.14956],[-44.66222,-22.14998],[-44.66318,-22.15185],[-44.66394,-22.15014],[-44.66537,-22.15023],[-44.66539,-22.15149],[-44.66597,-22.15145],[-44.66637,-22.14883],[-44.66518,-22.14686],[-44.66201,-22.14555],[-44.66146,-22.14453],[-44.66216,-22.14395],[-44.66267,-22.14447],[-44.66463,-22.1433],[-44.66585,-22.14371],[-44.66716,-22.14605],[-44.67032,-22.14573],[-44.67174,-22.14866],[-44.67296,-22.14957],[-44.67434,-22.14898],[-44.67453,-22.14725],[-44.6757,-22.14716],[-44.67589,-22.14599],[-44.6765,-22.14575],[-44.67781,-22.14625],[-44.67883,-22.14786],[-44.68044,-22.1482],[-44.68047,-22.14707],[-44.68111,-22.14671],[-44.67878,-22.14535],[-44.67827,-22.14309],[-44.68115,-22.14298],[-44.68163,-22.14467],[-44.68493,-22.14451],[-44.68491,-22.14172],[-44.68651,-22.14147],[-44.68721,-22.13991],[-44.68823,-22.13995],[-44.68835,-22.14211],[-44.68912,-22.14289],[-44.68912,-22.14617],[-44.69118,-22.1484],[-44.69348,-22.14831],[-44.69495,-22.14922],[-44.69757,-22.14883],[-44.69903,-22.1508],[-44.69889,-22.15213],[-44.69358,-22.15291],[-44.69285,-22.15572],[-44.69455,-22.15691],[-44.6944,-22.15794],[-44.69798,-22.15949],[-44.69688,-22.16056],[-44.69144,-22.15966],[-44.69099,-22.16166],[-44.69006,-22.16186],[-44.68932,-22.16164],[-44.68887,-22.16018],[-44.68717,-22.16032],[-44.6853,-22.16294],[-44.68322,-22.1637],[-44.68338,-22.16729],[-44.68601,-22.1714],[-44.68975,-22.17369],[-44.69069,-22.17038],[-44.69425,-22.17137],[-44.6975,-22.16898],[-44.69916,-22.16873],[-44.69928,-22.16715],[-44.70015,-22.16876],[-44.7029,-22.16827],[-44.70252,-22.17111],[-44.70686,-22.1716],[-44.70722,-22.17332],[-44.704,-22.17539],[-44.70345,-22.17823],[-44.70623,-22.17865],[-44.70667,-22.17743],[-44.70913,-22.17743],[-44.71228,-22.17856],[-44.71508,-22.17706],[-44.71338,-22.17423],[-44.71376,-22.16851],[-44.71672,-22.16962],[-44.71937,-22.16843],[-44.71919,-22.16658],[-44.71726,-22.16418],[-44.71074,-22.16132],[-44.70922,-22.1599],[-44.70914,-22.15881],[-44.7065,-22.15594],[-44.70615,-22.15469],[-44.70675,-22.15389],[-44.71051,-22.15135],[-44.71243,-22.15126],[-44.71841,-22.15251],[-44.71928,-22.15386],[-44.72075,-22.15424],[-44.72509,-22.15444],[-44.72442,-22.15531],[-44.72598,-22.15752],[-44.72565,-22.16053],[-44.72642,-22.16431],[-44.72435,-22.16735],[-44.72459,-22.16942],[-44.72633,-22.16906],[-44.72832,-22.16992],[-44.73007,-22.17322],[-44.73292,-22.17306],[-44.73681,-22.17396],[-44.7367,-22.17665],[-44.73864,-22.1766],[-44.73954,-22.17793],[-44.74089,-22.17793],[-44.74163,-22.18012],[-44.74305,-22.18149],[-44.73966,-22.18325],[-44.73909,-22.18415],[-44.7395,-22.18535],[-44.74505,-22.18515],[-44.7474,-22.18643],[-44.74927,-22.18655],[-44.74929,-22.18781],[-44.75247,-22.1904],[-44.75059,-22.19173],[-44.75046,-22.19296],[-44.74873,-22.19298],[-44.74845,-22.19386],[-44.74574,-22.19434],[-44.74444,-22.1955],[-44.73841,-22.19595],[-44.73906,-22.19701],[-44.74164,-22.19819],[-44.74539,-22.20364],[-44.7455,-22.20427],[-44.74303,-22.20452],[-44.74302,-22.20529],[-44.74721,-22.20728],[-44.74802,-22.20866],[-44.7439,-22.20942],[-44.73942,-22.20892],[-44.74019,-22.21026],[-44.74204,-22.21122],[-44.74148,-22.2135],[-44.74716,-22.21549],[-44.74582,-22.21696],[-44.74161,-22.21733],[-44.74088,-22.21794],[-44.7409,-22.21861],[-44.74385,-22.22169],[-44.74094,-22.22375],[-44.7389,-22.22203],[-44.73567,-22.22241],[-44.7378,-22.22002],[-44.73685,-22.21758],[-44.73423,-22.21771],[-44.73269,-22.21619],[-44.73141,-22.21683],[-44.7309,-22.21634],[-44.73115,-22.21531],[-44.72906,-22.21359],[-44.72928,-22.21014],[-44.73029,-22.20917],[-44.73006,-22.20801],[-44.72844,-22.2082],[-44.72777,-22.20649],[-44.7255,-22.20749],[-44.72361,-22.20689],[-44.7217,-22.20802],[-44.71924,-22.21212],[-44.71626,-22.21451],[-44.71818,-22.21638],[-44.72032,-22.2155],[-44.72073,-22.21728],[-44.72046,-22.21883],[-44.71943,-22.21905],[-44.71782,-22.22233],[-44.71694,-22.22277],[-44.71578,-22.22879],[-44.71337,-22.23242],[-44.71549,-22.23276],[-44.71637,-22.23352],[-44.71506,-22.23538],[-44.7153,-22.23736],[-44.71443,-22.2385],[-44.71614,-22.23981],[-44.72056,-22.23984],[-44.72274,-22.24101],[-44.72543,-22.24135],[-44.72507,-22.24259],[-44.72191,-22.24236],[-44.72126,-22.24469],[-44.72344,-22.24694],[-44.72629,-22.24839],[-44.72774,-22.25099],[-44.72992,-22.25213],[-44.73065,-22.25351],[-44.72953,-22.25578],[-44.72405,-22.25412],[-44.72286,-22.25485],[-44.72111,-22.2549],[-44.72001,-22.25606],[-44.71732,-22.2554],[-44.71675,-22.25464],[-44.71472,-22.25498],[-44.71421,-22.25687],[-44.71061,-22.25759],[-44.70943,-22.25856],[-44.70852,-22.25815],[-44.71038,-22.25668],[-44.71067,-22.255],[-44.70622,-22.25404],[-44.70612,-22.25644],[-44.70533,-22.25777],[-44.7043,-22.25886],[-44.70209,-22.2594],[-44.7008,-22.26172],[-44.70341,-22.26236],[-44.70276,-22.26353],[-44.70363,-22.26437],[-44.70409,-22.26399],[-44.70484,-22.26589],[-44.70583,-22.2654],[-44.70499,-22.26635],[-44.70578,-22.26811],[-44.7081,-22.26727],[-44.70889,-22.26981],[-44.70779,-22.27212],[-44.7113,-22.2738],[-44.70878,-22.27499],[-44.71023,-22.27954],[-44.70377,-22.28565],[-44.70633,-22.29024],[-44.70649,-22.29229],[-44.70752,-22.2919],[-44.70842,-22.29243],[-44.70975,-22.29173],[-44.711,-22.28934],[-44.71206,-22.2899],[-44.71108,-22.29142],[-44.71244,-22.29174],[-44.7127,-22.2936],[-44.71076,-22.29582],[-44.70709,-22.29539],[-44.70679,-22.29604],[-44.70749,-22.29707],[-44.71439,-22.29906],[-44.71677,-22.30165],[-44.71674,-22.30253],[-44.71786,-22.3027],[-44.71877,-22.30417],[-44.71885,-22.3053],[-44.71804,-22.30523],[-44.71544,-22.30443],[-44.71543,-22.30388],[-44.71316,-22.30413],[-44.70838,-22.30276],[-44.70486,-22.3055],[-44.7054,-22.30615],[-44.70458,-22.30964],[-44.71027,-22.31052],[-44.71064,-22.30979],[-44.71233,-22.30991],[-44.71297,-22.30912],[-44.71464,-22.30963],[-44.7163,-22.31042],[-44.7186,-22.31395],[-44.71932,-22.31389],[-44.7197,-22.31309],[-44.72329,-22.3143],[-44.72398,-22.31695],[-44.72697,-22.31741],[-44.73318,-22.31048],[-44.73357,-22.30629],[-44.73537,-22.30362],[-44.75014,-22.29815],[-44.7575,-22.29769],[-44.76509,-22.30414],[-44.76998,-22.30667],[-44.7706,-22.30562],[-44.76971,-22.30295],[-44.77157,-22.30049],[-44.76803,-22.29844],[-44.77062,-22.29745],[-44.77169,-22.29635],[-44.76724,-22.29498],[-44.76471,-22.29582],[-44.76482,-22.29451],[-44.7632,-22.29042],[-44.76528,-22.28932],[-44.76619,-22.28655],[-44.76431,-22.28662],[-44.76215,-22.28561],[-44.75981,-22.28754],[-44.75918,-22.2864],[-44.75932,-22.28469],[-44.75829,-22.28351],[-44.75527,-22.28271],[-44.75402,-22.27948],[-44.74985,-22.27613],[-44.75287,-22.27461],[-44.75103,-22.27175],[-44.74842,-22.27089],[-44.74504,-22.2726],[-44.74606,-22.2735],[-44.7446,-22.27488],[-44.74383,-22.27387],[-44.7415,-22.27281],[-44.74056,-22.2743],[-44.73734,-22.27461],[-44.73646,-22.27395],[-44.73692,-22.27108],[-44.74305,-22.27092],[-44.7444,-22.27155],[-44.74714,-22.27038],[-44.74827,-22.2682],[-44.74556,-22.26715],[-44.74582,-22.26612],[-44.74679,-22.26579],[-44.74419,-22.26195],[-44.74923,-22.26292],[-44.75292,-22.26197],[-44.75499,-22.26285],[-44.75625,-22.26239],[-44.76017,-22.26294],[-44.76188,-22.26387],[-44.76516,-22.26303],[-44.76584,-22.2606],[-44.76895,-22.26044],[-44.77214,-22.26116],[-44.77152,-22.2586],[-44.77399,-22.25894],[-44.77453,-22.26099],[-44.77651,-22.26162],[-44.77723,-22.26116],[-44.77813,-22.26188],[-44.78529,-22.26009],[-44.78619,-22.26097],[-44.78921,-22.26114],[-44.78997,-22.25992],[-44.79245,-22.25947],[-44.79101,-22.25632],[-44.78876,-22.25699],[-44.78502,-22.25678],[-44.77886,-22.2535],[-44.77531,-22.25442],[-44.77108,-22.25106],[-44.76172,-22.24761],[-44.75744,-22.24761],[-44.75692,-22.2465],[-44.75511,-22.24685],[-44.75376,-22.24626],[-44.75403,-22.24487],[-44.75568,-22.24464],[-44.75651,-22.24245],[-44.76101,-22.24178],[-44.76309,-22.23961],[-44.76318,-22.23856],[-44.76201,-22.23734],[-44.76345,-22.23567],[-44.76543,-22.23718],[-44.7685,-22.2336],[-44.7724,-22.23644],[-44.77692,-22.23452],[-44.77896,-22.23645],[-44.7811,-22.23624],[-44.78214,-22.23558],[-44.78227,-22.23213],[-44.78174,-22.23117],[-44.78421,-22.22892],[-44.78584,-22.23107],[-44.7875,-22.23187],[-44.7873,-22.23298],[-44.78832,-22.23381],[-44.78984,-22.23354],[-44.79209,-22.23418],[-44.79306,-22.23231],[-44.79265,-22.22787],[-44.79503,-22.22836],[-44.79562,-22.22757],[-44.79705,-22.22755],[-44.79725,-22.22561],[-44.79907,-22.2249],[-44.79739,-22.22371],[-44.79333,-22.22427],[-44.79138,-22.22311],[-44.79145,-22.22257],[-44.7933,-22.22207],[-44.79392,-22.22044],[-44.79283,-22.21868],[-44.7941,-22.21772],[-44.79578,-22.21789],[-44.79714,-22.21729],[-44.7974,-22.21589],[-44.79331,-22.2161],[-44.79183,-22.21497],[-44.79382,-22.2128],[-44.79706,-22.21186],[-44.80078,-22.21265],[-44.80125,-22.21083],[-44.8028,-22.20979],[-44.81107,-22.2132],[-44.81205,-22.21257],[-44.81205,-22.20996],[-44.8136,-22.21025],[-44.81459,-22.2083],[-44.8163,-22.20844],[-44.81756,-22.20977],[-44.81698,-22.21126],[-44.81901,-22.21269],[-44.81892,-22.21143],[-44.8225,-22.21131],[-44.82305,-22.20887],[-44.824,-22.20779],[-44.82571,-22.20814]]]}},{"type":"Feature","properties":{"nome_uc":"Serra do Rola Moça","categoria":"PAR"},"geometry":{"type":"MultiPolygon","coordinates":[[[[-43.97457,-20.00838],[-43.97003,-20.00641],[-43.96829,-20.00701],[-43.96816,-20.01017],[-43.97241,-20.01975],[-43.97,-20.0245],[-43.97024,-20.03158],[-43.96919,-20.03351],[-43.96881,-20.03786],[-43.96732,-20.04005],[-43.97177,-20.04662],[-43.99489,-20.0394],[-44.0009,-20.04297],[-44.00092,-20.0525],[-44.00231,-20.05538],[-44.00167,-20.05826],[-43.99919,-20.05916],[-43.99406,-20.06271],[-43.99124,-20.06805],[-43.99141,-20.06948],[-43.99492,-20.07626],[-43.99389,-20.07874],[-43.99671,-20.08084],[-43.99738,-20.07983],[-44.0029,-20.07867],[-44.00556,-20.07377],[-44.01462,-20.07435],[-44.01974,-20.07691],[-44.0234,-20.06789],[-44.02217,-20.06579],[-44.02001,-20.06446],[-44.01984,-20.06119],[-44.02076,-20.05496],[-44.02214,-20.05446],[-44.02398,-20.05601],[-44.02349,-20.05784],[-44.02495,-20.05949],[-44.03115,-20.06108],[-44.03137,-20.06258],[-44.02875,-20.06998],[-44.02836,-20.07303],[-44.02762,-20.07424],[-44.02616,-20.07488],[-44.02499,-20.07867],[-44.0256,-20.08054],[-44.03107,-20.08011],[-44.0346,-20.07561],[-44.04324,-20.06925],[-44.04707,-20.07425],[-44.04828,-20.07478],[-44.04893,-20.07418],[-44.05379,-20.07945],[-44.0564,-20.0747],[-44.05891,-20.07491],[-44.06006,-20.07368],[-44.0619,-20.06822],[-44.06145,-20.06677],[-44.06356,-20.06279],[-44.0612,-20.06109],[-44.06137,-20.0593],[-44.05865,-20.05799],[-44.05438,-20.05797],[-44.05185,-20.05628],[-44.04945,-20.05656],[-44.04737,-20.05391],[-44.04504,-20.05254],[-44.04508,-20.05169],[-44.04286,-20.04905],[-44.03991,-20.05168],[-44.04018,-20.04784],[-44.03457,-20.04579],[-44.03391,-20.04671],[-44.03139,-20.04472],[-44.02983,-20.04524],[-44.02603,-20.03993],[-44.02417,-20.03857],[-44.02707,-20.03673],[-44.0293,-20.03351],[-44.02937,-20.02892],[-44.02676,-20.02913],[-44.02296,-20.02409],[-44.02465,-20.02281],[-44.01881,-20.01571],[-44.01614,-20.01474],[-44.01109,-20.01453],[-44.0087,-20.01378],[-44.00802,-20.01266],[-44.00376,-20.01012],[-44.00341,-20.01077],[-44.00295,-20.01131],[-44.00294,-20.01272],[-44.00219,-20.01542],[-44.00591,-20.01763],[-44.00687,-20.01881],[-44.01728,-20.02256],[-44.01897,-20.03271],[-44.01013,-20.0296],[-44.008,-20.02457],[-44.0069,-20.01899],[-44.00579,-20.01762],[-44.00212,-20.01558],[-44.00284,-20.01141],[-44.0037,-20.01009],[-43.98769,-20.00201],[-43.9842,-20.00364],[-43.9774,-20.00543],[-43.97616,-20.00741],[-43.97457,-20.00838]]],[[[-43.96887,-20.02888],[-43.9687,-20.02716],[-43.96937,-20.0231],[-43.96818,-20.0246],[-43.9677,-20.02716],[-43.96887,-20.02888]]]]}},{"type":"Feature","properties":{"nome_uc":"Serra do Sabonetal","categoria":"APA"},"geometry":{"type":"Polygon","coordinates":[[[-43.88965,-15.33569],[-43.88257,-15.33718],[-43.87856,-15.33438],[-43.86701,-15.32931],[-43.85493,-15.32859],[-43.84416,-15.32962],[-43.83251,-15.32956],[-43.82165,-15.33094],[-43.80531,-15.33195],[-43.78386,-15.33635],[-43.7816,-15.41534],[-43.78486,-15.4154],[-43.79248,-15.41776],[-43.79421,-15.41768],[-43.80366,-15.41412],[-43.80812,-15.41702],[-43.81046,-15.42047],[-43.81171,-15.42368],[-43.81296,-15.42486],[-43.81579,-15.42588],[-43.81896,-15.42559],[-43.82028,-15.42623],[-43.82296,-15.4288],[-43.8272,-15.43092],[-43.82901,-15.43432],[-43.83019,-15.43501],[-43.83919,-15.43579],[-43.84333,-15.43789],[-43.84806,-15.44182],[-43.85681,-15.44138],[-43.86421,-15.4453],[-43.86623,-15.4472],[-43.87215,-15.46039],[-43.87859,-15.46783],[-43.88511,-15.47237],[-43.8996,-15.47915],[-43.90239,-15.4824],[-43.90824,-15.49291],[-43.91112,-15.49544],[-43.91637,-15.49612],[-43.91828,-15.49891],[-43.9169,-15.50192],[-43.91692,-15.50828],[-43.9175,-15.51131],[-43.91922,-15.515],[-43.92105,-15.51654],[-43.92367,-15.51626],[-43.93044,-15.51332],[-43.9336,-15.51474],[-43.94112,-15.52323],[-43.94441,-15.52483],[-43.95001,-15.52928],[-43.95309,-15.53081],[-43.9561,-15.53008],[-43.95863,-15.53196],[-43.96233,-15.53033],[-43.9661,-15.52976],[-43.96835,-15.5322],[-43.97333,-15.53115],[-43.97556,-15.52942],[-43.97672,-15.52697],[-43.97705,-15.52317],[-43.98318,-15.51901],[-43.98701,-15.51859],[-43.99003,-15.51912],[-43.99236,-15.51689],[-43.99257,-15.51256],[-43.99343,-15.51094],[-43.99743,-15.51081],[-43.99975,-15.50978],[-44.0023,-15.50599],[-44.00424,-15.50448],[-44.00134,-15.50373],[-44.00057,-15.50276],[-44.00089,-15.50008],[-44.00365,-15.49495],[-44.01186,-15.48764],[-44.01566,-15.48608],[-44.02334,-15.48592],[-44.02934,-15.48856],[-44.02993,-15.48507],[-44.03278,-15.48378],[-44.03401,-15.48149],[-44.03302,-15.47785],[-44.03445,-15.46869],[-44.03729,-15.46485],[-44.04053,-15.45476],[-44.04431,-15.45217],[-44.0444,-15.45026],[-44.04559,-15.44791],[-44.05133,-15.44553],[-44.0524,-15.44565],[-44.05213,-15.44803],[-44.05578,-15.44617],[-44.05756,-15.44731],[-44.0587,-15.44727],[-44.06792,-15.44308],[-44.07373,-15.43799],[-44.08093,-15.43597],[-44.08585,-15.43548],[-44.08799,-15.4355],[-44.08966,-15.43652],[-44.08979,-15.43731],[-44.09333,-15.43782],[-44.09569,-15.4353],[-44.0981,-15.43468],[-44.09913,-15.43321],[-44.10406,-15.4328],[-44.10661,-15.43176],[-44.10877,-15.42564],[-44.11085,-15.42372],[-44.11076,-15.42014],[-44.11554,-15.41725],[-44.11818,-15.41388],[-44.1197,-15.41287],[-44.12308,-15.41364],[-44.12425,-15.41324],[-44.12422,-15.41117],[-44.12307,-15.4099],[-44.12325,-15.40908],[-44.12442,-15.40855],[-44.1247,-15.40759],[-44.1267,-15.4071],[-44.12753,-15.4049],[-44.13085,-15.40362],[-44.13204,-15.40246],[-44.1333,-15.40104],[-44.1342,-15.39734],[-44.13894,-15.39349],[-44.13896,-15.38853],[-44.14032,-15.38686],[-44.14056,-15.38516],[-44.14311,-15.38429],[-44.1429,-15.38326],[-44.14357,-15.38198],[-44.14104,-15.38104],[-44.14357,-15.37902],[-44.1437,-15.37726],[-44.14595,-15.37622],[-44.14522,-15.37383],[-44.1461,-15.37307],[-44.15088,-15.37467],[-44.15411,-15.37456],[-44.15461,-15.37672],[-44.15615,-15.3765],[-44.15698,-15.37813],[-44.15813,-15.3768],[-44.15931,-15.37699],[-44.16325,-15.38097],[-44.16517,-15.37895],[-44.17329,-15.37503],[-44.16988,-15.36697],[-44.16804,-15.36005],[-44.16502,-15.35379],[-44.16196,-15.34366],[-44.16073,-15.34224],[-44.1606,-15.34111],[-44.16109,-15.34085],[-44.15615,-15.33075],[-44.15372,-15.33165],[-44.15241,-15.33033],[-44.15223,-15.33169],[-44.15152,-15.33183],[-44.1486,-15.32095],[-44.14771,-15.31488],[-44.14453,-15.30536],[-44.14433,-15.3028],[-44.14556,-15.29886],[-44.14507,-15.293],[-44.14443,-15.29088],[-44.14182,-15.28711],[-44.1424,-15.28434],[-44.14198,-15.2784],[-44.13996,-15.27498],[-44.1397,-15.27236],[-44.13741,-15.27099],[-44.13415,-15.26255],[-44.12378,-15.25114],[-44.12065,-15.24681],[-44.11713,-15.24076],[-44.11377,-15.23243],[-44.10835,-15.22166],[-44.10296,-15.21485],[-44.10021,-15.20983],[-44.09879,-15.20231],[-44.09718,-15.17777],[-44.0974,-15.17501],[-44.10158,-15.16219],[-44.10189,-15.15697],[-44.09983,-15.1486],[-44.0981,-15.14554],[-44.09819,-15.14487],[-44.09947,-15.14591],[-44.09693,-15.12259],[-44.0914,-15.11402],[-44.09035,-15.11327],[-44.0909,-15.11421],[-44.08962,-15.11427],[-44.08776,-15.11261],[-44.08905,-15.11696],[-44.09152,-15.1189],[-44.09185,-15.12055],[-44.09005,-15.1188],[-44.0895,-15.12083],[-44.0888,-15.12058],[-44.08848,-15.11865],[-44.08616,-15.11487],[-44.08524,-15.11146],[-44.08201,-15.10637],[-44.07612,-15.09879],[-44.07217,-15.0955],[-44.0662,-15.09313],[-44.06167,-15.09498],[-44.06207,-15.09563],[-44.04888,-15.09773],[-44.03855,-15.09687],[-44.03397,-15.09472],[-44.03307,-15.097],[-44.03153,-15.09821],[-44.03345,-15.09856],[-44.03477,-15.10183],[-44.03816,-15.10445],[-44.03846,-15.10569],[-44.03989,-15.10535],[-44.04017,-15.10686],[-44.04197,-15.10768],[-44.04141,-15.10872],[-44.04219,-15.10916],[-44.04228,-15.11013],[-44.03958,-15.11198],[-44.03874,-15.11142],[-44.03837,-15.10912],[-44.03731,-15.10914],[-44.03709,-15.11177],[-44.0358,-15.11396],[-44.03793,-15.11475],[-44.0363,-15.1174],[-44.03738,-15.11854],[-44.03704,-15.12038],[-44.03823,-15.12278],[-44.03706,-15.12348],[-44.03586,-15.12268],[-44.0353,-15.12636],[-44.0353,-15.12693],[-44.03697,-15.12773],[-44.03615,-15.12933],[-44.03736,-15.13162],[-44.0389,-15.13242],[-44.04047,-15.1363],[-44.04251,-15.13916],[-44.0424,-15.14042],[-44.04109,-15.14112],[-44.04016,-15.14285],[-44.04185,-15.14639],[-44.04222,-15.14903],[-44.04415,-15.15349],[-44.04606,-15.15497],[-44.04667,-15.15772],[-44.04979,-15.16297],[-44.0511,-15.16354],[-44.05123,-15.16526],[-44.05267,-15.16697],[-44.05315,-15.1688],[-44.05505,-15.16879],[-44.05554,-15.17142],[-44.05768,-15.17244],[-44.05618,-15.17704],[-44.05737,-15.17738],[-44.05772,-15.17864],[-44.05892,-15.17943],[-44.05846,-15.1823],[-44.06192,-15.18515],[-44.06383,-15.18594],[-44.06338,-15.1888],[-44.06397,-15.19006],[-44.06766,-15.1913],[-44.06792,-15.1936],[-44.06888,-15.19531],[-44.06876,-15.19599],[-44.06758,-15.19658],[-44.06773,-15.20048],[-44.06988,-15.20322],[-44.07167,-15.20423],[-44.07191,-15.2055],[-44.0705,-15.2062],[-44.07003,-15.20735],[-44.06861,-15.2077],[-44.06362,-15.2059],[-44.06113,-15.20581],[-44.055,-15.20975],[-44.05488,-15.21055],[-44.05253,-15.21276],[-44.04225,-15.21788],[-44.04144,-15.2203],[-44.0423,-15.22327],[-44.04136,-15.225],[-44.04327,-15.22728],[-44.04161,-15.22752],[-44.04009,-15.22948],[-44.03761,-15.23077],[-44.03679,-15.23295],[-44.03088,-15.23518],[-44.02935,-15.23645],[-44.02842,-15.23818],[-44.02913,-15.23897],[-44.02784,-15.23967],[-44.02819,-15.24081],[-44.02654,-15.24163],[-44.02596,-15.24359],[-44.02585,-15.2452],[-44.02717,-15.24565],[-44.02729,-15.24645],[-44.02637,-15.25013],[-44.02353,-15.2513],[-44.01977,-15.25511],[-44.01693,-15.25628],[-44.01564,-15.25789],[-44.01576,-15.25892],[-44.01186,-15.25987],[-44.00914,-15.26161],[-44.00665,-15.2606],[-44.00414,-15.25775],[-44.00259,-15.25776],[-44.00201,-15.25914],[-43.9985,-15.25771],[-43.99875,-15.25622],[-43.99603,-15.25483],[-43.99463,-15.25286],[-43.99402,-15.25504],[-43.99249,-15.25479],[-43.99141,-15.25537],[-43.99033,-15.25696],[-43.98926,-15.25718],[-43.98829,-15.25913],[-43.98676,-15.2597],[-43.98614,-15.26141],[-43.9866,-15.26337],[-43.98481,-15.26565],[-43.98326,-15.26656],[-43.98113,-15.26597],[-43.98003,-15.26907],[-43.9767,-15.27088],[-43.97454,-15.27373],[-43.97253,-15.27383],[-43.9711,-15.27474],[-43.96833,-15.27954],[-43.96903,-15.28069],[-43.96854,-15.28253],[-43.96605,-15.28262],[-43.96225,-15.28466],[-43.96117,-15.28603],[-43.96115,-15.28822],[-43.96007,-15.28981],[-43.95876,-15.2898],[-43.957,-15.28864],[-43.95497,-15.29092],[-43.95141,-15.29077],[-43.9482,-15.2934],[-43.94782,-15.29523],[-43.94485,-15.29601],[-43.94482,-15.29922],[-43.94074,-15.30471],[-43.93873,-15.30503],[-43.93693,-15.30708],[-43.92876,-15.30786],[-43.92642,-15.31096],[-43.92552,-15.3141],[-43.92086,-15.31302],[-43.92272,-15.31654],[-43.92307,-15.31908],[-43.92202,-15.32231],[-43.8999,-15.33189],[-43.88965,-15.33569]]]}},{"type":"Feature","properties":{"nome_uc":"Serra do Sobrado","categoria":"PAR"},"geometry":{"type":"Polygon","coordinates":[[[-44.00629,-19.65882],[-44.00482,-19.66108],[-44.00625,-19.66183],[-44.00358,-19.66447],[-44.00213,-19.66367],[-44.00134,-19.66446],[-44.00126,-19.66276],[-44.00008,-19.66368],[-43.99957,-19.66536],[-43.99985,-19.66946],[-43.99781,-19.67306],[-43.99916,-19.67276],[-43.99938,-19.67474],[-43.99837,-19.67517],[-43.99878,-19.67795],[-43.99686,-19.68131],[-43.99813,-19.68214],[-43.99731,-19.68364],[-43.99611,-19.68247],[-43.99334,-19.68543],[-43.99463,-19.68901],[-43.99703,-19.69078],[-44.00032,-19.68982],[-44.00189,-19.68681],[-44.00909,-19.68499],[-44.0124,-19.68114],[-44.01208,-19.67847],[-44.00731,-19.67721],[-44.00572,-19.67599],[-44.00634,-19.6738],[-44.0075,-19.67635],[-44.00911,-19.67702],[-44.01001,-19.67579],[-44.00872,-19.67385],[-44.01005,-19.67405],[-44.01147,-19.67713],[-44.01194,-19.67539],[-44.01313,-19.67434],[-44.01287,-19.66805],[-44.01176,-19.66567],[-44.01037,-19.66517],[-44.00918,-19.66327],[-44.00799,-19.66269],[-44.00629,-19.65882]]]}},{"type":"Feature","properties":{"nome_uc":"Sete Salões","categoria":"PAR"},"geometry":{"type":"Polygon","coordinates":[[[-41.42502,-19.21554],[-41.42574,-19.21211],[-41.42538,-19.21079],[-41.42394,-19.20977],[-41.42214,-19.21007],[-41.42166,-19.21115],[-41.42346,-19.21379],[-41.42176,-19.218],[-41.42027,-19.21758],[-41.41696,-19.22298],[-41.42472,-19.22948],[-41.40355,-19.22995],[-41.40319,-19.23232],[-41.40027,-19.23065],[-41.39644,-19.22954],[-41.39411,-19.22713],[-41.39158,-19.227],[-41.38572,-19.23431],[-41.38276,-19.23437],[-41.3781,-19.23684],[-41.37599,-19.23733],[-41.36499,-19.23787],[-41.3569,-19.2412],[-41.3514,-19.24941],[-41.34747,-19.24971],[-41.34246,-19.25249],[-41.34276,-19.23971],[-41.34125,-19.23923],[-41.33766,-19.24272],[-41.33688,-19.2455],[-41.33282,-19.25224],[-41.32999,-19.25385],[-41.32152,-19.26469],[-41.32117,-19.27406],[-41.31142,-19.28143],[-41.31015,-19.28156],[-41.30828,-19.28604],[-41.30663,-19.28395],[-41.30498,-19.28371],[-41.30445,-19.28291],[-41.30163,-19.28165],[-41.30051,-19.28006],[-41.30036,-19.2815],[-41.29947,-19.28168],[-41.29912,-19.28259],[-41.29933,-19.28339],[-41.30048,-19.28374],[-41.30086,-19.28704],[-41.29933,-19.28845],[-41.30051,-19.28934],[-41.3008,-19.29158],[-41.30213,-19.29178],[-41.30363,-19.29467],[-41.30383,-19.29644],[-41.30478,-19.29738],[-41.30454,-19.29906],[-41.30548,-19.30229],[-41.28429,-19.32661],[-41.28453,-19.32738],[-41.28755,-19.32723],[-41.2874,-19.34235],[-41.26796,-19.34248],[-41.26984,-19.34415],[-41.27066,-19.34643],[-41.27232,-19.3468],[-41.27332,-19.34987],[-41.27469,-19.34934],[-41.27635,-19.3512],[-41.27349,-19.35567],[-41.27192,-19.36611],[-41.26611,-19.37131],[-41.25894,-19.3762],[-41.25079,-19.37908],[-41.25089,-19.38048],[-41.25357,-19.38144],[-41.25467,-19.37931],[-41.25534,-19.37951],[-41.25509,-19.38154],[-41.25575,-19.38225],[-41.25818,-19.38103],[-41.26188,-19.38145],[-41.26005,-19.38387],[-41.25975,-19.38559],[-41.25798,-19.38715],[-41.25949,-19.38999],[-41.26015,-19.38943],[-41.26051,-19.38741],[-41.26152,-19.3871],[-41.26238,-19.38564],[-41.26334,-19.38594],[-41.2643,-19.3823],[-41.26557,-19.38245],[-41.26587,-19.38174],[-41.26713,-19.38139],[-41.26723,-19.38407],[-41.26546,-19.3864],[-41.26486,-19.38898],[-41.26572,-19.38953],[-41.26956,-19.38801],[-41.2729,-19.38898],[-41.27426,-19.38643],[-41.27837,-19.38322],[-41.29006,-19.38317],[-41.29917,-19.37516],[-41.29995,-19.36702],[-41.3321,-19.3457],[-41.33313,-19.34442],[-41.33326,-19.33828],[-41.33218,-19.33639],[-41.32989,-19.33471],[-41.3251,-19.33592],[-41.32186,-19.33504],[-41.32087,-19.33381],[-41.32176,-19.32957],[-41.32525,-19.32657],[-41.32376,-19.32451],[-41.32583,-19.32244],[-41.32592,-19.31939],[-41.33029,-19.31919],[-41.33909,-19.31104],[-41.33817,-19.30993],[-41.33919,-19.3089],[-41.33854,-19.30776],[-41.33872,-19.30645],[-41.33748,-19.30398],[-41.33785,-19.29971],[-41.33713,-19.29625],[-41.33797,-19.29551],[-41.33613,-19.29425],[-41.33623,-19.29302],[-41.34349,-19.29433],[-41.34295,-19.30954],[-41.34458,-19.30706],[-41.345,-19.30511],[-41.34618,-19.3041],[-41.34605,-19.3026],[-41.34497,-19.30178],[-41.34913,-19.29722],[-41.3506,-19.2944],[-41.35151,-19.29403],[-41.34895,-19.3042],[-41.34468,-19.31153],[-41.34506,-19.31373],[-41.34441,-19.31489],[-41.34442,-19.3204],[-41.34594,-19.32162],[-41.35503,-19.31663],[-41.35941,-19.32278],[-41.36104,-19.31941],[-41.36212,-19.31921],[-41.36308,-19.31697],[-41.36404,-19.31631],[-41.36415,-19.31566],[-41.36246,-19.31479],[-41.36269,-19.31363],[-41.36409,-19.31273],[-41.3648,-19.31073],[-41.36579,-19.31061],[-41.36609,-19.30762],[-41.36482,-19.3065],[-41.36507,-19.30571],[-41.36642,-19.30522],[-41.36721,-19.30356],[-41.36801,-19.30377],[-41.37179,-19.30161],[-41.37396,-19.29981],[-41.37389,-19.29846],[-41.37553,-19.29871],[-41.37707,-19.29651],[-41.37958,-19.29613],[-41.37971,-19.29446],[-41.3808,-19.29345],[-41.38056,-19.29245],[-41.38448,-19.29124],[-41.38588,-19.28881],[-41.38653,-19.2888],[-41.38666,-19.28972],[-41.38751,-19.29014],[-41.39108,-19.28911],[-41.39179,-19.28812],[-41.39268,-19.28829],[-41.39298,-19.28957],[-41.39408,-19.29043],[-41.39259,-19.29187],[-41.39421,-19.29276],[-41.39881,-19.29332],[-41.40084,-19.29166],[-41.4011,-19.28969],[-41.40196,-19.2891],[-41.4021,-19.2873],[-41.40137,-19.28624],[-41.40197,-19.2849],[-41.40275,-19.28403],[-41.40442,-19.28395],[-41.40531,-19.28463],[-41.40674,-19.28416],[-41.40789,-19.28068],[-41.4097,-19.27929],[-41.41169,-19.27627],[-41.4134,-19.27629],[-41.4162,-19.27797],[-41.41965,-19.27742],[-41.42105,-19.27923],[-41.41817,-19.28473],[-41.41963,-19.28635],[-41.4194,-19.29016],[-41.41593,-19.29327],[-41.41829,-19.29588],[-41.41882,-19.2979],[-41.42009,-19.29833],[-41.42656,-19.29612],[-41.42763,-19.29508],[-41.4291,-19.29554],[-41.4306,-19.2943],[-41.43221,-19.2943],[-41.43457,-19.29166],[-41.43602,-19.29076],[-41.43638,-19.29112],[-41.43656,-19.29031],[-41.43791,-19.29018],[-41.4381,-19.28965],[-41.43924,-19.29012],[-41.44035,-19.28958],[-41.44217,-19.29092],[-41.4435,-19.2909],[-41.44484,-19.2897],[-41.44586,-19.28972],[-41.44584,-19.28915],[-41.45042,-19.2891],[-41.45128,-19.28789],[-41.45577,-19.28825],[-41.45678,-19.28718],[-41.45793,-19.28731],[-41.4593,-19.28616],[-41.45845,-19.28447],[-41.46022,-19.28475],[-41.46206,-19.28072],[-41.45819,-19.2759],[-41.45913,-19.27411],[-41.45834,-19.27386],[-41.45852,-19.27222],[-41.4571,-19.27149],[-41.45772,-19.26944],[-41.45624,-19.26938],[-41.45623,-19.26678],[-41.45545,-19.26557],[-41.45584,-19.26499],[-41.45669,-19.26522],[-41.45667,-19.26408],[-41.45887,-19.26026],[-41.45772,-19.25857],[-41.45824,-19.25785],[-41.45795,-19.25677],[-41.45982,-19.25581],[-41.46034,-19.25455],[-41.45914,-19.25324],[-41.45927,-19.25116],[-41.4569,-19.25133],[-41.4561,-19.2481],[-41.45552,-19.24797],[-41.45251,-19.25031],[-41.45224,-19.2477],[-41.45073,-19.24609],[-41.4483,-19.24595],[-41.44812,-19.24276],[-41.44637,-19.24146],[-41.44089,-19.24585],[-41.43917,-19.24873],[-41.4368,-19.25093],[-41.43523,-19.25419],[-41.43132,-19.25821],[-41.42989,-19.25883],[-41.42948,-19.25824],[-41.4305,-19.25618],[-41.42692,-19.2557],[-41.4282,-19.25258],[-41.43112,-19.25137],[-41.43394,-19.25137],[-41.43595,-19.24716],[-41.43932,-19.24389],[-41.43968,-19.24178],[-41.43641,-19.24078],[-41.43344,-19.23767],[-41.42665,-19.23587],[-41.42983,-19.23579],[-41.43189,-19.23505],[-41.4348,-19.23578],[-41.43617,-19.23476],[-41.43712,-19.23532],[-41.44158,-19.23443],[-41.44555,-19.23259],[-41.44858,-19.23258],[-41.45002,-19.23147],[-41.45186,-19.23149],[-41.45359,-19.23031],[-41.45585,-19.23052],[-41.45614,-19.22953],[-41.45507,-19.22665],[-41.45313,-19.22636],[-41.45063,-19.22335],[-41.44884,-19.22324],[-41.44953,-19.2228],[-41.45337,-19.223],[-41.4532,-19.22238],[-41.44936,-19.21854],[-41.44709,-19.21827],[-41.44559,-19.21892],[-41.44466,-19.2183],[-41.44373,-19.21847],[-41.44356,-19.2216],[-41.44171,-19.22043],[-41.44058,-19.22067],[-41.4401,-19.22221],[-41.43766,-19.22341],[-41.43751,-19.21895],[-41.4359,-19.21793],[-41.4325,-19.21875],[-41.43205,-19.22067],[-41.42917,-19.21755],[-41.42886,-19.21611],[-41.42825,-19.21618],[-41.42767,-19.21806],[-41.42502,-19.21554]]]}},{"type":"Feature","properties":{"nome_uc":"Sul RMBH","categoria":"APA"},"geometry":{"type":"Polygon","coordinates":[[[-44.00036,-20.01319],[-44.00097,-20.01225],[-44.00069,-20.01139],[-44.0017,-20.00958],[-44.0018,-20.00491],[-44.00048,-20.00215],[-43.99942,-20.00127],[-44.00319,-19.99659],[-44.00313,-19.99429],[-43.99533,-19.99312],[-43.99368,-19.99519],[-43.99144,-19.99498],[-43.99061,-19.99667],[-43.99104,-19.99781],[-43.98861,-19.99749],[-43.98928,-19.99951],[-43.9863,-20.00015],[-43.9857,-19.9985],[-43.98468,-19.9987],[-43.98502,-19.99604],[-43.98313,-19.99719],[-43.98248,-19.99692],[-43.98243,-19.99552],[-43.98353,-19.99393],[-43.98351,-19.99111],[-43.98301,-19.99066],[-43.98133,-19.99731],[-43.97983,-19.99658],[-43.98087,-19.99408],[-43.98072,-19.99292],[-43.97991,-19.99256],[-43.97757,-19.99387],[-43.97756,-19.99087],[-43.97563,-19.99087],[-43.97288,-19.99239],[-43.9722,-19.99385],[-43.96944,-19.99379],[-43.97302,-19.98837],[-43.97491,-19.98776],[-43.97699,-19.98605],[-43.97337,-19.98465],[-43.97247,-19.98496],[-43.97156,-19.98383],[-43.96995,-19.98404],[-43.96923,-19.98241],[-43.9669,-19.98286],[-43.96712,-19.97986],[-43.96496,-19.97961],[-43.96396,-19.97559],[-43.96144,-19.97788],[-43.96218,-19.97592],[-43.9613,-19.97323],[-43.96207,-19.96904],[-43.96163,-19.96824],[-43.96006,-19.96826],[-43.95756,-19.97059],[-43.95469,-19.97071],[-43.95132,-19.97375],[-43.94862,-19.97444],[-43.94853,-19.98679],[-43.94799,-19.98672],[-43.94638,-19.98187],[-43.94069,-19.97622],[-43.94003,-19.97481],[-43.93511,-19.97247],[-43.93317,-19.96947],[-43.93117,-19.96938],[-43.93191,-19.96763],[-43.92796,-19.96614],[-43.92888,-19.96453],[-43.92858,-19.96353],[-43.92737,-19.96301],[-43.92601,-19.96357],[-43.92463,-19.9622],[-43.92552,-19.96118],[-43.92529,-19.95971],[-43.927,-19.95952],[-43.92697,-19.95676],[-43.9232,-19.95518],[-43.92075,-19.95679],[-43.91892,-19.95539],[-43.91913,-19.95254],[-43.91812,-19.95194],[-43.91726,-19.95248],[-43.91508,-19.95675],[-43.91587,-19.95803],[-43.91968,-19.96063],[-43.91873,-19.96179],[-43.91347,-19.96064],[-43.91069,-19.95881],[-43.9126,-19.95343],[-43.91224,-19.94529],[-43.91445,-19.94399],[-43.91365,-19.94227],[-43.91058,-19.94151],[-43.90893,-19.94333],[-43.90723,-19.94356],[-43.90283,-19.94129],[-43.8985,-19.94033],[-43.90233,-19.93705],[-43.9043,-19.93428],[-43.90604,-19.9337],[-43.90706,-19.93164],[-43.90682,-19.93083],[-43.90789,-19.93051],[-43.90346,-19.92852],[-43.89646,-19.92217],[-43.89223,-19.92231],[-43.89069,-19.91997],[-43.88788,-19.91896],[-43.88596,-19.91981],[-43.88541,-19.92172],[-43.88421,-19.92249],[-43.88301,-19.9247],[-43.87885,-19.92783],[-43.87829,-19.92699],[-43.87991,-19.92574],[-43.87966,-19.92492],[-43.87821,-19.92476],[-43.87637,-19.92336],[-43.87537,-19.92346],[-43.87427,-19.92229],[-43.87315,-19.92261],[-43.87268,-19.92184],[-43.86959,-19.92338],[-43.8693,-19.92571],[-43.8708,-19.92798],[-43.86865,-19.92857],[-43.86535,-19.93084],[-43.85962,-19.93167],[-43.85512,-19.9287],[-43.85144,-19.92824],[-43.8494,-19.93022],[-43.84636,-19.9311],[-43.84613,-19.93254],[-43.8467,-19.93276],[-43.84602,-19.93422],[-43.84508,-19.93468],[-43.84517,-19.93591],[-43.84581,-19.93625],[-43.84488,-19.93815],[-43.84934,-19.93976],[-43.84923,-19.94145],[-43.84775,-19.94284],[-43.84878,-19.94346],[-43.84848,-19.94582],[-43.84962,-19.94662],[-43.84823,-19.94848],[-43.84791,-19.95015],[-43.84849,-19.95122],[-43.85141,-19.95142],[-43.8509,-19.95274],[-43.85141,-19.9534],[-43.85379,-19.95213],[-43.85416,-19.95303],[-43.8547,-19.9527],[-43.85519,-19.95346],[-43.85688,-19.95351],[-43.85723,-19.95301],[-43.85632,-19.95237],[-43.85839,-19.95186],[-43.85853,-19.95315],[-43.86088,-19.95302],[-43.86194,-19.95371],[-43.86306,-19.95266],[-43.86733,-19.95179],[-43.87262,-19.949],[-43.87432,-19.94883],[-43.87603,-19.94959],[-43.87945,-19.94916],[-43.87962,-19.95077],[-43.88216,-19.95147],[-43.88263,-19.95345],[-43.88081,-19.95531],[-43.88066,-19.95623],[-43.88345,-19.95471],[-43.88132,-19.95824],[-43.88151,-19.95982],[-43.87861,-19.96193],[-43.8776,-19.96192],[-43.87576,-19.96326],[-43.87451,-19.96313],[-43.87316,-19.96425],[-43.87244,-19.96349],[-43.86986,-19.96329],[-43.86813,-19.96532],[-43.86679,-19.96539],[-43.86589,-19.9669],[-43.86433,-19.96726],[-43.8641,-19.96819],[-43.86237,-19.96946],[-43.86286,-19.97293],[-43.86104,-19.97359],[-43.86068,-19.97523],[-43.8592,-19.97548],[-43.85845,-19.9772],[-43.85874,-19.9781],[-43.86066,-19.97833],[-43.86465,-19.97575],[-43.8673,-19.97599],[-43.86754,-19.97517],[-43.8704,-19.97472],[-43.87049,-19.97617],[-43.86985,-19.97713],[-43.8727,-19.97767],[-43.87475,-19.97904],[-43.87617,-19.97834],[-43.87728,-19.97889],[-43.87847,-19.98007],[-43.87843,-19.98084],[-43.87981,-19.98054],[-43.88033,-19.98207],[-43.88212,-19.9819],[-43.88144,-19.98275],[-43.88347,-19.98458],[-43.88412,-19.98429],[-43.88424,-19.9856],[-43.88558,-19.98458],[-43.88834,-19.98581],[-43.88879,-19.988],[-43.89075,-19.9866],[-43.89182,-19.98746],[-43.89136,-19.98813],[-43.89194,-19.98871],[-43.89423,-19.98916],[-43.89637,-19.98795],[-43.89796,-19.98974],[-43.89936,-19.98918],[-43.89976,-19.99013],[-43.90085,-19.99032],[-43.90126,-19.99255],[-43.90247,-19.99355],[-43.90093,-19.99624],[-43.90055,-20.00151],[-43.90139,-20.00182],[-43.90428,-19.9989],[-43.90701,-19.99733],[-43.91241,-19.99657],[-43.91389,-19.99573],[-43.91529,-19.99678],[-43.92249,-19.99458],[-43.92372,-19.99311],[-43.92463,-19.99298],[-43.92365,-19.99381],[-43.92314,-19.99628],[-43.92139,-19.99755],[-43.91866,-19.99667],[-43.91655,-19.9984],[-43.91311,-19.99801],[-43.91343,-19.99959],[-43.91194,-19.99946],[-43.91118,-20.00069],[-43.90885,-20.00066],[-43.90776,-19.99933],[-43.90588,-20.00115],[-43.90635,-20.00281],[-43.90528,-20.00303],[-43.90488,-20.00469],[-43.90263,-20.00597],[-43.90205,-20.00698],[-43.89663,-20.00754],[-43.89586,-20.00664],[-43.89365,-20.00705],[-43.89354,-20.00825],[-43.89548,-20.00795],[-43.89514,-20.00893],[-43.89332,-20.00907],[-43.89523,-20.0109],[-43.8952,-20.01177],[-43.8922,-20.01059],[-43.89095,-20.01086],[-43.88991,-20.00944],[-43.88878,-20.00986],[-43.88647,-20.00822],[-43.8853,-20.00967],[-43.88056,-20.00914],[-43.87636,-20.00594],[-43.87542,-20.00634],[-43.87404,-20.00499],[-43.87312,-20.00561],[-43.87239,-20.00496],[-43.86984,-20.00493],[-43.86897,-20.00548],[-43.86806,-20.00443],[-43.8638,-20.00355],[-43.86172,-20.00157],[-43.85982,-20.0022],[-43.85946,-20.00154],[-43.85625,-20.00087],[-43.85589,-20.00229],[-43.85449,-19.99915],[-43.85293,-19.99804],[-43.85222,-19.99961],[-43.85232,-20.0013],[-43.84938,-20.00517],[-43.84531,-19.99951],[-43.84397,-19.995],[-43.83763,-19.99553],[-43.8345,-19.99652],[-43.82864,-20.00215],[-43.82687,-20.00542],[-43.82441,-20.00709],[-43.82207,-20.00438],[-43.82189,-20.00352],[-43.82323,-20.00014],[-43.82171,-19.99767],[-43.82327,-19.99572],[-43.82426,-19.99524],[-43.82567,-19.99561],[-43.82713,-19.99441],[-43.82685,-19.99186],[-43.82874,-19.99047],[-43.82857,-19.98883],[-43.82507,-19.98844],[-43.82386,-19.98922],[-43.82174,-19.98927],[-43.82091,-19.98825],[-43.82283,-19.98415],[-43.82211,-19.98294],[-43.81928,-19.98393],[-43.81634,-19.98382],[-43.81265,-19.98577],[-43.81015,-19.98472],[-43.81148,-19.98122],[-43.81012,-19.97938],[-43.80797,-19.97804],[-43.80523,-19.96789],[-43.80257,-19.96909],[-43.80053,-19.96863],[-43.80022,-19.96962],[-43.80108,-19.97001],[-43.79935,-19.97299],[-43.7972,-19.97336],[-43.7959,-19.97433],[-43.79497,-19.97399],[-43.79287,-19.97507],[-43.7921,-19.97423],[-43.79049,-19.97502],[-43.78909,-19.97413],[-43.7868,-19.97557],[-43.78492,-19.97468],[-43.78412,-19.97576],[-43.78142,-19.97517],[-43.78024,-19.97625],[-43.77991,-19.97461],[-43.77663,-19.97576],[-43.77685,-19.97338],[-43.776,-19.97138],[-43.77419,-19.97145],[-43.77337,-19.9721],[-43.77121,-19.97111],[-43.77108,-19.97267],[-43.767,-19.9729],[-43.76666,-19.97235],[-43.76742,-19.97107],[-43.7669,-19.97039],[-43.76562,-19.97046],[-43.76531,-19.97158],[-43.76299,-19.97208],[-43.76163,-19.97053],[-43.7589,-19.97183],[-43.75811,-19.9746],[-43.75398,-19.97565],[-43.75308,-19.97493],[-43.75143,-19.97545],[-43.74978,-19.97747],[-43.75057,-19.97852],[-43.75023,-19.97904],[-43.74851,-19.97762],[-43.74875,-19.97964],[-43.74742,-19.97931],[-43.74633,-19.9804],[-43.74688,-19.98138],[-43.7462,-19.98382],[-43.74542,-19.98421],[-43.74388,-19.98332],[-43.74035,-19.98458],[-43.74042,-19.98599],[-43.73834,-19.98548],[-43.73734,-19.98636],[-43.73659,-19.98607],[-43.73547,-19.98802],[-43.73477,-19.98662],[-43.72983,-19.98704],[-43.72868,-19.98626],[-43.7274,-19.987],[-43.7264,-19.98582],[-43.72564,-19.98659],[-43.72485,-19.98612],[-43.72302,-19.98703],[-43.71913,-19.98588],[-43.71619,-19.98563],[-43.71478,-19.98614],[-43.71455,-19.98785],[-43.71349,-19.98799],[-43.71368,-19.98948],[-43.71209,-19.99043],[-43.71203,-19.99171],[-43.71099,-19.9931],[-43.711,-19.995],[-43.70963,-19.99613],[-43.70846,-19.99865],[-43.70996,-20.00016],[-43.70764,-20.00259],[-43.70709,-20.00493],[-43.70232,-20.00724],[-43.70086,-20.00652],[-43.6989,-20.00693],[-43.69472,-20.00523],[-43.6904,-20.00673],[-43.6898,-20.00803],[-43.68734,-20.00766],[-43.6873,-20.00864],[-43.68392,-20.01019],[-43.68293,-20.01234],[-43.67829,-20.01698],[-43.67459,-20.01738],[-43.67293,-20.01821],[-43.67164,-20.01986],[-43.67253,-20.0164],[-43.67012,-20.01428],[-43.66859,-20.01071],[-43.66694,-20.00999],[-43.66768,-20.00773],[-43.66716,-20.00548],[-43.66523,-20.00109],[-43.66419,-20.00012],[-43.66228,-19.99272],[-43.65506,-19.98694],[-43.65031,-19.98104],[-43.6499,-19.97887],[-43.64862,-19.97692],[-43.6391,-19.96744],[-43.63642,-19.96307],[-43.63341,-19.96029],[-43.62971,-19.96304],[-43.62794,-19.96337],[-43.62465,-19.96223],[-43.62289,-19.96305],[-43.62122,-19.96285],[-43.62018,-19.9646],[-43.61738,-19.96475],[-43.61727,-19.96611],[-43.61606,-19.9653],[-43.61437,-19.96748],[-43.6115,-19.96715],[-43.61069,-19.96895],[-43.60857,-19.97007],[-43.60774,-19.97164],[-43.60661,-19.9714],[-43.60339,-19.97324],[-43.60326,-19.97403],[-43.60484,-19.97434],[-43.60168,-19.97793],[-43.60218,-19.97905],[-43.60164,-19.98127],[-43.60047,-19.98253],[-43.59791,-19.98275],[-43.59803,-19.98364],[-43.59638,-19.98444],[-43.59728,-19.98617],[-43.59607,-19.98636],[-43.59546,-19.98571],[-43.59452,-19.98669],[-43.60286,-19.98903],[-43.60391,-19.98769],[-43.6058,-19.98933],[-43.60522,-19.99027],[-43.60747,-19.99011],[-43.60778,-19.99113],[-43.61038,-19.99027],[-43.60949,-19.99226],[-43.61198,-19.99174],[-43.61085,-19.99376],[-43.61233,-19.99423],[-43.61356,-19.99226],[-43.61569,-19.99439],[-43.6152,-19.99535],[-43.6192,-19.99581],[-43.61883,-19.99875],[-43.62016,-19.99895],[-43.62063,-20.00041],[-43.62162,-20.00115],[-43.6192,-20.00172],[-43.62026,-20.00296],[-43.62195,-20.00306],[-43.62099,-20.00513],[-43.61956,-20.00542],[-43.61943,-20.00704],[-43.61689,-20.00501],[-43.61742,-20.0067],[-43.61651,-20.00745],[-43.61944,-20.00802],[-43.61942,-20.00879],[-43.61772,-20.0098],[-43.61936,-20.01041],[-43.61929,-20.01179],[-43.62179,-20.01118],[-43.62087,-20.01338],[-43.62262,-20.01439],[-43.62117,-20.01489],[-43.61987,-20.01401],[-43.61955,-20.0166],[-43.62109,-20.01679],[-43.62157,-20.0195],[-43.62047,-20.02313],[-43.61926,-20.02346],[-43.6203,-20.02458],[-43.6192,-20.02476],[-43.6184,-20.02577],[-43.61855,-20.02667],[-43.61593,-20.02766],[-43.615,-20.02897],[-43.61621,-20.03034],[-43.61499,-20.03069],[-43.61543,-20.03274],[-43.61244,-20.03379],[-43.61021,-20.03943],[-43.60753,-20.04197],[-43.60613,-20.04549],[-43.60337,-20.04888],[-43.6017,-20.04968],[-43.59836,-20.0498],[-43.59645,-20.05187],[-43.59335,-20.05235],[-43.59022,-20.05472],[-43.58763,-20.05553],[-43.58536,-20.05898],[-43.58306,-20.05918],[-43.58259,-20.0583],[-43.58126,-20.05806],[-43.58006,-20.05914],[-43.57808,-20.05934],[-43.57596,-20.06088],[-43.57522,-20.0622],[-43.57397,-20.0627],[-43.57326,-20.06215],[-43.57352,-20.0602],[-43.57245,-20.05527],[-43.56918,-20.05263],[-43.56667,-20.05217],[-43.56617,-20.05029],[-43.56365,-20.04951],[-43.56274,-20.05042],[-43.56198,-20.05011],[-43.55789,-20.04182],[-43.55673,-20.04121],[-43.55604,-20.03943],[-43.55435,-20.03847],[-43.55461,-20.03736],[-43.55168,-20.03564],[-43.55102,-20.03393],[-43.54709,-20.03212],[-43.54417,-20.03192],[-43.54288,-20.02904],[-43.54048,-20.029],[-43.5401,-20.02859],[-43.54087,-20.02804],[-43.54058,-20.02769],[-43.53708,-20.02715],[-43.53657,-20.02599],[-43.53462,-20.02546],[-43.53411,-20.02402],[-43.5313,-20.02462],[-43.53092,-20.02357],[-43.52732,-20.0212],[-43.52623,-20.01856],[-43.52399,-20.01818],[-43.52466,-20.01722],[-43.52428,-20.01651],[-43.52222,-20.01602],[-43.52098,-20.01365],[-43.5197,-20.01452],[-43.51872,-20.01269],[-43.51917,-20.01036],[-43.51781,-20.01063],[-43.51707,-20.01279],[-43.51456,-20.01152],[-43.51399,-20.01227],[-43.51302,-20.01215],[-43.51228,-20.01103],[-43.51347,-20.01018],[-43.51343,-20.00956],[-43.51092,-20.00907],[-43.50772,-20.00682],[-43.50606,-20.00267],[-43.50465,-20.00071],[-43.50303,-19.99967],[-43.50284,-19.99782],[-43.50044,-19.99541],[-43.49854,-19.99511],[-43.49617,-19.98935],[-43.49423,-19.98927],[-43.49159,-19.98801],[-43.48965,-19.98863],[-43.48846,-19.98813],[-43.48799,-19.99022],[-43.48578,-19.98918],[-43.48262,-19.99256],[-43.47992,-19.99018],[-43.47923,-19.9918],[-43.47843,-19.99169],[-43.47816,-19.98997],[-43.47675,-19.99002],[-43.47573,-19.98806],[-43.47349,-19.98969],[-43.47171,-19.98863],[-43.4706,-19.98907],[-43.4662,-19.9946],[-43.46596,-19.9935],[-43.46453,-19.99316],[-43.46384,-19.99166],[-43.46132,-19.98937],[-43.45926,-19.99],[-43.45702,-19.98917],[-43.45595,-19.99119],[-43.45809,-19.99321],[-43.45889,-19.99612],[-43.46143,-19.99571],[-43.46331,-19.9983],[-43.46567,-19.99939],[-43.46649,-20.00131],[-43.4675,-20.00178],[-43.46721,-20.00274],[-43.46948,-20.00403],[-43.46868,-20.00609],[-43.46928,-20.00766],[-43.47074,-20.00797],[-43.46979,-20.00923],[-43.47019,-20.01152],[-43.4695,-20.0123],[-43.4674,-20.01273],[-43.46768,-20.01473],[-43.46616,-20.01525],[-43.4656,-20.01805],[-43.46397,-20.01865],[-43.4633,-20.01983],[-43.46205,-20.01902],[-43.46094,-20.0203],[-43.45991,-20.02483],[-43.45828,-20.02717],[-43.45857,-20.02882],[-43.45676,-20.0292],[-43.45528,-20.03058],[-43.45288,-20.03002],[-43.45143,-20.03172],[-43.45259,-20.0318],[-43.45155,-20.03296],[-43.45142,-20.03444],[-43.44843,-20.03676],[-43.44858,-20.03777],[-43.44798,-20.03842],[-43.44844,-20.03927],[-43.44694,-20.04006],[-43.44731,-20.04094],[-43.446,-20.04119],[-43.44506,-20.04305],[-43.44276,-20.04322],[-43.44387,-20.04562],[-43.44223,-20.0483],[-43.44331,-20.05137],[-43.44168,-20.05174],[-43.44065,-20.05383],[-43.43935,-20.05446],[-43.43985,-20.05576],[-43.43885,-20.05644],[-43.44049,-20.05897],[-43.43923,-20.0596],[-43.43887,-20.06121],[-43.44291,-20.06095],[-43.44469,-20.06181],[-43.4453,-20.06405],[-43.4469,-20.06475],[-43.44609,-20.06666],[-43.44731,-20.06826],[-43.44703,-20.0718],[-43.4462,-20.06911],[-43.44517,-20.06918],[-43.44459,-20.06778],[-43.44343,-20.06764],[-43.44076,-20.06979],[-43.43805,-20.07097],[-43.43623,-20.074],[-43.43274,-20.07586],[-43.43287,-20.07108],[-43.43181,-20.07048],[-43.43251,-20.06893],[-43.43174,-20.0687],[-43.42887,-20.07113],[-43.42747,-20.07549],[-43.42594,-20.07639],[-43.42433,-20.0789],[-43.42789,-20.07861],[-43.42918,-20.07775],[-43.43118,-20.07851],[-43.43185,-20.08121],[-43.42853,-20.08194],[-43.42789,-20.08267],[-43.42911,-20.08343],[-43.43018,-20.08524],[-43.43125,-20.08516],[-43.43245,-20.08662],[-43.43259,-20.08993],[-43.43526,-20.0896],[-43.43722,-20.09049],[-43.43532,-20.09588],[-43.43541,-20.09985],[-43.43453,-20.10336],[-43.43667,-20.10543],[-43.43765,-20.11382],[-43.43677,-20.11771],[-43.43561,-20.11942],[-43.43749,-20.11995],[-43.43794,-20.12119],[-43.43762,-20.12332],[-43.43608,-20.12429],[-43.4395,-20.12499],[-43.45027,-20.13113],[-43.44975,-20.13215],[-43.45122,-20.13342],[-43.45207,-20.13739],[-43.45543,-20.13965],[-43.4559,-20.14136],[-43.45767,-20.1433],[-43.45899,-20.14378],[-43.46316,-20.14325],[-43.4669,-20.14089],[-43.47238,-20.14017],[-43.48137,-20.13347],[-43.48379,-20.13288],[-43.48566,-20.13156],[-43.48985,-20.1311],[-43.49253,-20.13186],[-43.49688,-20.13139],[-43.50062,-20.13176],[-43.51126,-20.12857],[-43.51165,-20.12918],[-43.51111,-20.13368],[-43.51182,-20.13458],[-43.52096,-20.13724],[-43.52768,-20.14205],[-43.53535,-20.1532],[-43.53255,-20.15782],[-43.53404,-20.16071],[-43.53421,-20.16439],[-43.53603,-20.16649],[-43.53697,-20.16916],[-43.54007,-20.1708],[-43.53933,-20.17313],[-43.53977,-20.1741],[-43.54157,-20.17561],[-43.54371,-20.17587],[-43.54432,-20.17663],[-43.54205,-20.18047],[-43.54195,-20.18238],[-43.54826,-20.18424],[-43.5491,-20.18549],[-43.54886,-20.18616],[-43.54247,-20.19012],[-43.54289,-20.1943],[-43.53943,-20.19906],[-43.53833,-20.20221],[-43.53989,-20.20229],[-43.54136,-20.20399],[-43.54795,-20.20708],[-43.55939,-20.20822],[-43.5656,-20.20644],[-43.56958,-20.20657],[-43.5789,-20.2158],[-43.58028,-20.21798],[-43.58271,-20.2184],[-43.58899,-20.21389],[-43.59309,-20.20982],[-43.59929,-20.20616],[-43.60383,-20.20453],[-43.61152,-20.19706],[-43.61705,-20.19471],[-43.61873,-20.19332],[-43.6211,-20.19735],[-43.61981,-20.19951],[-43.61766,-20.20061],[-43.61518,-20.20313],[-43.61574,-20.20505],[-43.61737,-20.2058],[-43.62126,-20.2104],[-43.62283,-20.2111],[-43.62549,-20.21063],[-43.62823,-20.20906],[-43.63123,-20.20969],[-43.63276,-20.21165],[-43.63312,-20.21519],[-43.63867,-20.22017],[-43.64517,-20.22145],[-43.6492,-20.22334],[-43.65076,-20.22524],[-43.65143,-20.22755],[-43.6507,-20.23175],[-43.6538,-20.23688],[-43.65328,-20.24051],[-43.65516,-20.2405],[-43.65784,-20.23632],[-43.65756,-20.2345],[-43.66051,-20.23232],[-43.66103,-20.23087],[-43.66422,-20.22968],[-43.66535,-20.23212],[-43.66576,-20.23172],[-43.6653,-20.23067],[-43.66698,-20.23021],[-43.66667,-20.23177],[-43.6683,-20.2336],[-43.67112,-20.23195],[-43.67193,-20.23324],[-43.6735,-20.23352],[-43.67211,-20.23932],[-43.6758,-20.24038],[-43.67871,-20.23999],[-43.68254,-20.24052],[-43.68504,-20.24218],[-43.68628,-20.24003],[-43.68847,-20.23926],[-43.68959,-20.2367],[-43.69089,-20.23608],[-43.69017,-20.23371],[-43.69037,-20.23169],[-43.69302,-20.23068],[-43.69459,-20.23089],[-43.69537,-20.23245],[-43.6965,-20.23277],[-43.69762,-20.23074],[-43.70099,-20.22919],[-43.70171,-20.2318],[-43.70475,-20.23222],[-43.70611,-20.23353],[-43.70583,-20.23548],[-43.70689,-20.23702],[-43.70703,-20.23968],[-43.70724,-20.23673],[-43.70602,-20.23494],[-43.70683,-20.23377],[-43.71179,-20.23576],[-43.71419,-20.23543],[-43.71463,-20.23478],[-43.71413,-20.23434],[-43.71892,-20.23357],[-43.71679,-20.23605],[-43.7143,-20.23601],[-43.71449,-20.23756],[-43.71554,-20.23784],[-43.71658,-20.23919],[-43.71677,-20.23703],[-43.71996,-20.23508],[-43.7209,-20.23522],[-43.72203,-20.23736],[-43.72165,-20.23875],[-43.72364,-20.23918],[-43.72341,-20.24063],[-43.72486,-20.24289],[-43.72584,-20.24305],[-43.72551,-20.24382],[-43.72633,-20.24408],[-43.72608,-20.24489],[-43.72667,-20.24568],[-43.72987,-20.24637],[-43.73088,-20.24945],[-43.7334,-20.25223],[-43.73803,-20.25415],[-43.73999,-20.2561],[-43.74187,-20.25656],[-43.74712,-20.25583],[-43.74936,-20.25476],[-43.75035,-20.25505],[-43.75245,-20.254],[-43.75422,-20.25056],[-43.75857,-20.24697],[-43.75821,-20.24597],[-43.75915,-20.24533],[-43.75985,-20.24302],[-43.75958,-20.24172],[-43.76279,-20.23931],[-43.76561,-20.23872],[-43.77433,-20.23295],[-43.78207,-20.23339],[-43.78333,-20.23263],[-43.78402,-20.23207],[-43.78375,-20.2307],[-43.78428,-20.22994],[-43.78618,-20.22923],[-43.78822,-20.2268],[-43.78965,-20.22358],[-43.79188,-20.22215],[-43.79169,-20.21764],[-43.80131,-20.21765],[-43.80046,-20.2198],[-43.80081,-20.22198],[-43.80271,-20.22284],[-43.80355,-20.22484],[-43.80854,-20.22294],[-43.811,-20.22344],[-43.81272,-20.22582],[-43.81517,-20.22702],[-43.81589,-20.22877],[-43.81758,-20.22948],[-43.81972,-20.23198],[-43.82,-20.23427],[-43.82142,-20.23475],[-43.82238,-20.23438],[-43.82282,-20.2354],[-43.82634,-20.23734],[-43.82677,-20.23826],[-43.82849,-20.23747],[-43.83051,-20.2381],[-43.83137,-20.23989],[-43.83391,-20.24025],[-43.83429,-20.24084],[-43.83655,-20.24073],[-43.83726,-20.24207],[-43.84115,-20.2433],[-43.8415,-20.24835],[-43.83652,-20.24794],[-43.83307,-20.24884],[-43.83292,-20.25053],[-43.83179,-20.25198],[-43.83327,-20.25437],[-43.83665,-20.25478],[-43.8401,-20.25619],[-43.84077,-20.25743],[-43.84179,-20.25689],[-43.84409,-20.25703],[-43.84641,-20.25445],[-43.84772,-20.25427],[-43.84862,-20.25506],[-43.85018,-20.25379],[-43.85094,-20.25469],[-43.85204,-20.25352],[-43.85616,-20.25336],[-43.85645,-20.25238],[-43.86005,-20.25082],[-43.86028,-20.24865],[-43.86591,-20.24704],[-43.86879,-20.2487],[-43.87124,-20.24894],[-43.87292,-20.2535],[-43.87652,-20.25861],[-43.881,-20.25584],[-43.90248,-20.25149],[-43.90939,-20.26287],[-43.91582,-20.25235],[-43.94016,-20.23762],[-43.93396,-20.22922],[-43.9409,-20.22871],[-43.94244,-20.22921],[-43.94466,-20.23115],[-43.95089,-20.23013],[-43.9515,-20.23038],[-43.95173,-20.23217],[-43.95536,-20.23371],[-43.95963,-20.23807],[-43.96164,-20.23872],[-43.96564,-20.23812],[-43.96585,-20.23916],[-43.96781,-20.23742],[-43.97112,-20.23624],[-43.97919,-20.2391],[-43.98047,-20.24006],[-43.98517,-20.23714],[-43.98857,-20.2377],[-43.99101,-20.2352],[-43.99319,-20.23525],[-43.9943,-20.23395],[-43.99555,-20.23362],[-43.99651,-20.23148],[-44.00061,-20.23119],[-44.00218,-20.22883],[-44.0049,-20.23057],[-44.00805,-20.23084],[-44.00973,-20.2319],[-44.01068,-20.23084],[-44.01268,-20.23136],[-44.01396,-20.23083],[-44.0155,-20.23382],[-44.01704,-20.23406],[-44.01846,-20.23558],[-44.0191,-20.2352],[-44.01898,-20.234],[-44.02126,-20.23449],[-44.0218,-20.2362],[-44.02346,-20.23702],[-44.02341,-20.23763],[-44.02566,-20.23797],[-44.0272,-20.23644],[-44.02873,-20.23655],[-44.02959,-20.23574],[-44.03021,-20.23164],[-44.03167,-20.2297],[-44.03514,-20.22862],[-44.0359,-20.22687],[-44.0388,-20.22442],[-44.03979,-20.22422],[-44.04219,-20.22529],[-44.04487,-20.22372],[-44.04936,-20.22361],[-44.05067,-20.22258],[-44.05171,-20.22131],[-44.051,-20.21896],[-44.05376,-20.21803],[-44.05914,-20.21008],[-44.0613,-20.20824],[-44.06274,-20.20809],[-44.06157,-20.20729],[-44.0615,-20.20641],[-44.06426,-20.20358],[-44.05991,-20.20517],[-44.05893,-20.2027],[-44.06001,-20.20215],[-44.06318,-20.20269],[-44.06289,-20.20113],[-44.06371,-20.20047],[-44.06638,-20.20162],[-44.06604,-20.19825],[-44.06869,-20.19789],[-44.06705,-20.19607],[-44.0677,-20.19477],[-44.0672,-20.19437],[-44.06266,-20.1956],[-44.06113,-20.19531],[-44.06079,-20.19637],[-44.05969,-20.19524],[-44.05848,-20.19538],[-44.05823,-20.19426],[-44.06163,-20.19376],[-44.06215,-20.19218],[-44.06496,-20.19354],[-44.06687,-20.19157],[-44.06752,-20.1927],[-44.06888,-20.19297],[-44.07024,-20.19672],[-44.07297,-20.19552],[-44.0748,-20.19706],[-44.07639,-20.19615],[-44.07721,-20.1974],[-44.07951,-20.19717],[-44.08035,-20.19838],[-44.08108,-20.1945],[-44.08065,-20.1878],[-44.08322,-20.18456],[-44.08323,-20.18295],[-44.08416,-20.18167],[-44.08319,-20.18067],[-44.0816,-20.1804],[-44.07973,-20.18101],[-44.07849,-20.18162],[-44.07809,-20.18271],[-44.07401,-20.18154],[-44.07215,-20.18241],[-44.07278,-20.18298],[-44.07234,-20.18365],[-44.06928,-20.1838],[-44.0689,-20.18535],[-44.06647,-20.18544],[-44.06573,-20.18377],[-44.06506,-20.18362],[-44.06119,-20.18528],[-44.06059,-20.18253],[-44.0582,-20.18161],[-44.05718,-20.18325],[-44.05542,-20.18254],[-44.05434,-20.18353],[-44.05408,-20.18505],[-44.05088,-20.18495],[-44.04985,-20.17984],[-44.04839,-20.17899],[-44.04803,-20.17806],[-44.04552,-20.17782],[-44.04358,-20.1729],[-44.0414,-20.16983],[-44.03821,-20.1691],[-44.03664,-20.16742],[-44.03354,-20.16733],[-44.03198,-20.16653],[-44.03127,-20.16565],[-44.03109,-20.16278],[-44.02899,-20.16207],[-44.02853,-20.16125],[-44.02553,-20.16137],[-44.02159,-20.16524],[-44.02002,-20.16537],[-44.01495,-20.16373],[-44.00956,-20.16414],[-44.0064,-20.1608],[-44.00419,-20.16033],[-44.00346,-20.1587],[-43.99999,-20.15598],[-43.99999,-20.15463],[-43.99935,-20.15448],[-43.99956,-20.15324],[-43.99719,-20.15291],[-43.99506,-20.15076],[-43.99232,-20.15078],[-43.99385,-20.14967],[-43.99418,-20.14856],[-43.99555,-20.14973],[-43.99523,-20.14867],[-43.99756,-20.14676],[-44.00022,-20.14772],[-44.00135,-20.14877],[-44.00423,-20.14832],[-44.0052,-20.14923],[-44.00624,-20.14921],[-44.0071,-20.14794],[-44.0057,-20.1475],[-44.00577,-20.14634],[-44.00375,-20.14531],[-44.00817,-20.14206],[-44.01039,-20.14213],[-44.00913,-20.14087],[-44.01042,-20.1398],[-44.00997,-20.13735],[-44.01149,-20.136],[-44.01379,-20.1353],[-44.01597,-20.1356],[-44.01783,-20.13728],[-44.02092,-20.1376],[-44.02116,-20.13886],[-44.02241,-20.13884],[-44.02534,-20.14044],[-44.02784,-20.14062],[-44.02959,-20.14162],[-44.03342,-20.1419],[-44.03591,-20.1448],[-44.03788,-20.1461],[-44.03909,-20.15008],[-44.04317,-20.15134],[-44.04337,-20.153],[-44.04471,-20.15401],[-44.04724,-20.15294],[-44.04788,-20.15108],[-44.0493,-20.15074],[-44.04955,-20.14913],[-44.05289,-20.14893],[-44.05376,-20.14709],[-44.05498,-20.1467],[-44.05569,-20.14356],[-44.05666,-20.1429],[-44.0578,-20.14337],[-44.06153,-20.14244],[-44.06181,-20.14106],[-44.06333,-20.14046],[-44.06344,-20.13941],[-44.06509,-20.13886],[-44.06672,-20.13925],[-44.06683,-20.14017],[-44.06821,-20.14056],[-44.06785,-20.14151],[-44.07037,-20.14342],[-44.07081,-20.14633],[-44.07229,-20.14608],[-44.07249,-20.14497],[-44.07473,-20.14526],[-44.07651,-20.14337],[-44.07694,-20.14527],[-44.07845,-20.14624],[-44.07919,-20.14518],[-44.08136,-20.14507],[-44.08196,-20.14378],[-44.0879,-20.14473],[-44.08774,-20.14387],[-44.08976,-20.14331],[-44.09078,-20.14225],[-44.09412,-20.14219],[-44.09497,-20.13913],[-44.09403,-20.1379],[-44.09078,-20.13749],[-44.09074,-20.13608],[-44.09206,-20.13482],[-44.09054,-20.13342],[-44.09039,-20.13077],[-44.08698,-20.1311],[-44.08469,-20.13234],[-44.08212,-20.12507],[-44.08322,-20.12331],[-44.08184,-20.12203],[-44.08228,-20.12006],[-44.08095,-20.11675],[-44.083,-20.11503],[-44.08302,-20.11438],[-44.08598,-20.11355],[-44.08578,-20.11055],[-44.08842,-20.10837],[-44.08823,-20.10686],[-44.09108,-20.10947],[-44.08964,-20.11221],[-44.0913,-20.11248],[-44.0934,-20.11137],[-44.09481,-20.11227],[-44.0941,-20.11333],[-44.09444,-20.11469],[-44.09391,-20.11578],[-44.09599,-20.11696],[-44.09642,-20.11907],[-44.09891,-20.11819],[-44.10023,-20.11689],[-44.10126,-20.1179],[-44.10301,-20.11756],[-44.10329,-20.11895],[-44.10442,-20.11922],[-44.10625,-20.11779],[-44.1069,-20.11613],[-44.10801,-20.11639],[-44.10797,-20.11752],[-44.10922,-20.1183],[-44.10823,-20.11943],[-44.10842,-20.12104],[-44.10742,-20.12419],[-44.10854,-20.12288],[-44.11057,-20.12268],[-44.1107,-20.12112],[-44.11335,-20.12214],[-44.11813,-20.12208],[-44.11885,-20.11916],[-44.11542,-20.11824],[-44.11994,-20.11575],[-44.12257,-20.11645],[-44.12263,-20.11336],[-44.12408,-20.11318],[-44.12674,-20.11666],[-44.12671,-20.11909],[-44.13007,-20.12172],[-44.12893,-20.12297],[-44.12819,-20.12528],[-44.12951,-20.12772],[-44.13026,-20.12797],[-44.13302,-20.12257],[-44.13443,-20.12184],[-44.13434,-20.12037],[-44.13599,-20.1203],[-44.13683,-20.11894],[-44.13687,-20.11791],[-44.13498,-20.11404],[-44.13665,-20.11432],[-44.13792,-20.1127],[-44.13851,-20.1141],[-44.13924,-20.11424],[-44.14051,-20.11226],[-44.14074,-20.11023],[-44.14224,-20.1101],[-44.1422,-20.11197],[-44.14371,-20.11349],[-44.14484,-20.11103],[-44.14738,-20.1156],[-44.14796,-20.11565],[-44.14872,-20.11424],[-44.15101,-20.11683],[-44.1516,-20.11663],[-44.15173,-20.11393],[-44.15236,-20.11399],[-44.15381,-20.11841],[-44.15564,-20.11889],[-44.15655,-20.11753],[-44.15809,-20.11802],[-44.15868,-20.11621],[-44.1608,-20.11686],[-44.16555,-20.11436],[-44.16685,-20.11223],[-44.16816,-20.11327],[-44.16876,-20.11302],[-44.17052,-20.11006],[-44.16957,-20.10689],[-44.16864,-20.10592],[-44.16882,-20.10403],[-44.17011,-20.10477],[-44.17197,-20.10435],[-44.17162,-20.10567],[-44.17383,-20.10489],[-44.17316,-20.10619],[-44.17351,-20.10665],[-44.17493,-20.10698],[-44.17467,-20.10573],[-44.17551,-20.10569],[-44.17661,-20.10637],[-44.17699,-20.1082],[-44.17781,-20.10841],[-44.17802,-20.10753],[-44.17607,-20.10336],[-44.17797,-20.10293],[-44.1786,-20.10453],[-44.17985,-20.10525],[-44.1822,-20.10369],[-44.1833,-20.10558],[-44.18411,-20.10589],[-44.18492,-20.10484],[-44.18469,-20.1033],[-44.18934,-20.10355],[-44.18956,-20.10212],[-44.19132,-20.09961],[-44.19283,-20.10203],[-44.19397,-20.10247],[-44.19613,-20.10091],[-44.1972,-20.10143],[-44.19949,-20.10123],[-44.20426,-20.09904],[-44.20183,-20.09721],[-44.20391,-20.09592],[-44.20302,-20.09387],[-44.20092,-20.09297],[-44.20023,-20.09462],[-44.19857,-20.09527],[-44.19788,-20.09302],[-44.19849,-20.09146],[-44.19734,-20.09023],[-44.19643,-20.09024],[-44.1943,-20.09209],[-44.19456,-20.08969],[-44.19275,-20.08908],[-44.18988,-20.09157],[-44.19011,-20.09318],[-44.18808,-20.09279],[-44.18944,-20.08896],[-44.18723,-20.08541],[-44.19034,-20.08418],[-44.19156,-20.08251],[-44.19093,-20.08135],[-44.19228,-20.08023],[-44.19237,-20.07693],[-44.19323,-20.07578],[-44.19229,-20.07479],[-44.19116,-20.07502],[-44.19026,-20.07608],[-44.19064,-20.08018],[-44.18888,-20.07941],[-44.18833,-20.07975],[-44.1887,-20.08252],[-44.18749,-20.08197],[-44.18599,-20.07955],[-44.18543,-20.08023],[-44.18681,-20.08298],[-44.1846,-20.08152],[-44.18368,-20.08171],[-44.18442,-20.08425],[-44.18625,-20.08518],[-44.18631,-20.08583],[-44.18222,-20.08661],[-44.18217,-20.08492],[-44.18126,-20.08462],[-44.17824,-20.08584],[-44.17806,-20.08245],[-44.17974,-20.07963],[-44.17793,-20.0788],[-44.17664,-20.07651],[-44.17473,-20.07722],[-44.17274,-20.07703],[-44.17679,-20.07955],[-44.17437,-20.08035],[-44.1753,-20.08406],[-44.17364,-20.08554],[-44.17313,-20.08333],[-44.17194,-20.08243],[-44.17128,-20.0826],[-44.17126,-20.08481],[-44.16941,-20.08279],[-44.16743,-20.08175],[-44.16688,-20.08241],[-44.16822,-20.08403],[-44.16688,-20.0839],[-44.16594,-20.0848],[-44.16471,-20.08336],[-44.16331,-20.08366],[-44.16251,-20.07742],[-44.16138,-20.07611],[-44.1604,-20.07713],[-44.16074,-20.07954],[-44.15855,-20.08028],[-44.15712,-20.08207],[-44.15541,-20.08277],[-44.15612,-20.07945],[-44.15586,-20.07707],[-44.15531,-20.07663],[-44.15427,-20.0774],[-44.15228,-20.07717],[-44.1515,-20.08207],[-44.15021,-20.08163],[-44.14882,-20.08235],[-44.14848,-20.0799],[-44.14699,-20.07955],[-44.1452,-20.08199],[-44.14588,-20.0844],[-44.14517,-20.08466],[-44.14358,-20.08365],[-44.14309,-20.07973],[-44.14208,-20.08011],[-44.14035,-20.08357],[-44.1387,-20.08122],[-44.13582,-20.08132],[-44.13657,-20.08016],[-44.13887,-20.07888],[-44.13956,-20.07598],[-44.13679,-20.07566],[-44.13537,-20.07673],[-44.13473,-20.07223],[-44.13198,-20.07491],[-44.13236,-20.07661],[-44.12983,-20.07511],[-44.12979,-20.07283],[-44.12899,-20.07505],[-44.12825,-20.07551],[-44.12834,-20.07217],[-44.12985,-20.07064],[-44.12968,-20.07012],[-44.12782,-20.07061],[-44.12691,-20.06973],[-44.12554,-20.07073],[-44.12681,-20.07304],[-44.12563,-20.07371],[-44.12677,-20.0752],[-44.125,-20.07583],[-44.12414,-20.07989],[-44.12335,-20.07883],[-44.12213,-20.07917],[-44.12189,-20.07543],[-44.11981,-20.07719],[-44.11972,-20.07457],[-44.1167,-20.07387],[-44.11935,-20.07094],[-44.11977,-20.06965],[-44.1192,-20.06873],[-44.11834,-20.06912],[-44.11774,-20.06857],[-44.11726,-20.07001],[-44.1154,-20.0685],[-44.11445,-20.0689],[-44.11448,-20.06971],[-44.11594,-20.07107],[-44.11477,-20.07214],[-44.11601,-20.07586],[-44.11507,-20.07684],[-44.11429,-20.07654],[-44.11472,-20.07527],[-44.11277,-20.07342],[-44.11113,-20.07348],[-44.1098,-20.0744],[-44.1105,-20.06999],[-44.10848,-20.06947],[-44.10931,-20.06753],[-44.10899,-20.0655],[-44.1077,-20.06603],[-44.10806,-20.06773],[-44.10725,-20.06957],[-44.10575,-20.07096],[-44.10407,-20.07137],[-44.1048,-20.069],[-44.10411,-20.06665],[-44.10451,-20.06351],[-44.10385,-20.06434],[-44.10257,-20.06437],[-44.10011,-20.06747],[-44.09715,-20.06934],[-44.09639,-20.06864],[-44.09908,-20.06629],[-44.09942,-20.06507],[-44.09824,-20.06404],[-44.09645,-20.06396],[-44.09313,-20.06527],[-44.09364,-20.062],[-44.08971,-20.06113],[-44.09549,-20.05978],[-44.0942,-20.05882],[-44.09135,-20.05974],[-44.09305,-20.05723],[-44.09139,-20.05565],[-44.09293,-20.0548],[-44.09351,-20.05323],[-44.09421,-20.0536],[-44.09497,-20.05602],[-44.09671,-20.05516],[-44.09733,-20.05405],[-44.09593,-20.0528],[-44.09633,-20.05177],[-44.09424,-20.05164],[-44.09576,-20.05007],[-44.09505,-20.04914],[-44.09555,-20.04807],[-44.09361,-20.04711],[-44.09689,-20.04542],[-44.0937,-20.0432],[-44.09277,-20.04362],[-44.09166,-20.04616],[-44.09023,-20.04687],[-44.08849,-20.05229],[-44.08263,-20.0587],[-44.0821,-20.061],[-44.08173,-20.0586],[-44.08233,-20.05663],[-44.07987,-20.05561],[-44.08174,-20.05432],[-44.08234,-20.05314],[-44.08393,-20.05306],[-44.08353,-20.05161],[-44.08543,-20.05164],[-44.0853,-20.049],[-44.08433,-20.04809],[-44.08343,-20.04862],[-44.08349,-20.05074],[-44.08172,-20.05086],[-44.08198,-20.05234],[-44.08052,-20.05226],[-44.07975,-20.0531],[-44.07816,-20.05292],[-44.07415,-20.05761],[-44.07375,-20.05548],[-44.07477,-20.05353],[-44.07216,-20.05248],[-44.07426,-20.04931],[-44.07407,-20.04818],[-44.07219,-20.04867],[-44.07191,-20.05008],[-44.07044,-20.05166],[-44.07082,-20.05289],[-44.06912,-20.05267],[-44.06646,-20.05351],[-44.0663,-20.05441],[-44.06456,-20.05276],[-44.05995,-20.05332],[-44.05946,-20.05307],[-44.06183,-20.05172],[-44.0621,-20.05098],[-44.06076,-20.04946],[-44.05949,-20.04547],[-44.05904,-20.04778],[-44.06056,-20.05015],[-44.05722,-20.05067],[-44.05616,-20.05326],[-44.05736,-20.05494],[-44.05457,-20.05588],[-44.05519,-20.05245],[-44.05374,-20.05086],[-44.05606,-20.04981],[-44.05672,-20.04864],[-44.05547,-20.04622],[-44.05217,-20.0439],[-44.05158,-20.04226],[-44.04972,-20.04365],[-44.05049,-20.0457],[-44.04761,-20.04468],[-44.04575,-20.04532],[-44.04464,-20.0449],[-44.04655,-20.04303],[-44.04785,-20.03963],[-44.04206,-20.04243],[-44.04123,-20.04069],[-44.03971,-20.03983],[-44.03933,-20.04167],[-44.03739,-20.04092],[-44.03644,-20.04306],[-44.03493,-20.04241],[-44.03768,-20.03726],[-44.04241,-20.03499],[-44.04263,-20.03439],[-44.03872,-20.0343],[-44.03705,-20.03518],[-44.03537,-20.03248],[-44.03312,-20.03337],[-44.03247,-20.0326],[-44.0311,-20.03284],[-44.03159,-20.03148],[-44.0333,-20.0299],[-44.0331,-20.0285],[-44.0309,-20.02808],[-44.02755,-20.02875],[-44.03049,-20.02584],[-44.03074,-20.02466],[-44.02992,-20.02389],[-44.02741,-20.02418],[-44.02515,-20.02575],[-44.02332,-20.02494],[-44.02162,-20.02507],[-44.02308,-20.0216],[-44.02224,-20.02131],[-44.01975,-20.02216],[-44.01981,-20.0191],[-44.02084,-20.01783],[-44.02061,-20.01724],[-44.01905,-20.01752],[-44.0172,-20.0195],[-44.01641,-20.01823],[-44.01532,-20.01812],[-44.01557,-20.01478],[-44.01477,-20.0114],[-44.013,-20.01222],[-44.01197,-20.01483],[-44.01058,-20.01633],[-44.00779,-20.01467],[-44.00801,-20.01004],[-44.00383,-20.01216],[-44.00371,-20.00808],[-44.00309,-20.00745],[-44.00146,-20.01242],[-44.00036,-20.01319]]]}},{"type":"Feature","properties":{"nome_uc":"Sumidouro","categoria":"PAR"},"geometry":{"type":"Polygon","coordinates":[[[-43.95948,-19.53182],[-43.9586,-19.53181],[-43.95788,-19.53393],[-43.95353,-19.53305],[-43.95235,-19.53205],[-43.94485,-19.53231],[-43.94398,-19.53326],[-43.94328,-19.53583],[-43.93989,-19.5355],[-43.93762,-19.5367],[-43.93723,-19.53825],[-43.93659,-19.53783],[-43.93643,-19.54048],[-43.93816,-19.54288],[-43.93756,-19.5434],[-43.93656,-19.54248],[-43.93591,-19.54052],[-43.93427,-19.54056],[-43.93286,-19.53926],[-43.93225,-19.53905],[-43.92983,-19.54166],[-43.92777,-19.53984],[-43.93083,-19.5348],[-43.9291,-19.53361],[-43.92887,-19.53235],[-43.92791,-19.53211],[-43.9262,-19.53463],[-43.91976,-19.53852],[-43.9129,-19.54126],[-43.91726,-19.54609],[-43.92251,-19.54901],[-43.92521,-19.55287],[-43.92661,-19.55088],[-43.92935,-19.55422],[-43.92945,-19.55644],[-43.92865,-19.55652],[-43.92919,-19.55741],[-43.93423,-19.56134],[-43.93677,-19.55936],[-43.9399,-19.5628],[-43.94213,-19.56095],[-43.94378,-19.56142],[-43.94463,-19.55991],[-43.94551,-19.56016],[-43.94619,-19.55823],[-43.94912,-19.55904],[-43.94922,-19.56083],[-43.95012,-19.56115],[-43.94938,-19.563],[-43.94992,-19.56461],[-43.95073,-19.56481],[-43.95216,-19.56397],[-43.9596,-19.56414],[-43.96052,-19.56273],[-43.96367,-19.56375],[-43.9673,-19.56196],[-43.96666,-19.56115],[-43.9674,-19.55906],[-43.96712,-19.55818],[-43.96567,-19.55714],[-43.96388,-19.5569],[-43.96342,-19.55603],[-43.96873,-19.5554],[-43.96997,-19.55571],[-43.97146,-19.55753],[-43.9805,-19.55879],[-43.98115,-19.55946],[-43.981,-19.56048],[-43.97993,-19.56199],[-43.97757,-19.56195],[-43.97739,-19.56375],[-43.97388,-19.5704],[-43.9698,-19.56845],[-43.96722,-19.56974],[-43.96248,-19.57415],[-43.97162,-19.57425],[-43.97521,-19.57586],[-43.97774,-19.57867],[-43.98015,-19.57884],[-43.98189,-19.5765],[-43.98452,-19.57488],[-43.9847,-19.57046],[-43.98654,-19.56812],[-43.99343,-19.56366],[-43.9942,-19.56008],[-43.99288,-19.55912],[-43.98946,-19.55317],[-43.98512,-19.54861],[-43.9842,-19.54604],[-43.98061,-19.54637],[-43.97767,-19.54362],[-43.97319,-19.54151],[-43.9681,-19.53781],[-43.96534,-19.54044],[-43.96561,-19.54246],[-43.96235,-19.54375],[-43.96149,-19.54178],[-43.96178,-19.53922],[-43.96095,-19.53538],[-43.96214,-19.53332],[-43.96127,-19.53258],[-43.96054,-19.53333],[-43.95948,-19.53182]]]}},{"type":"Feature","properties":{"nome_uc":"São José","categoria":"APA"},"geometry":{"type":"Polygon","coordinates":[[[-44.11807,-21.03886],[-44.11608,-21.04167],[-44.11286,-21.0426],[-44.11209,-21.04438],[-44.10752,-21.04822],[-44.11056,-21.0533],[-44.10587,-21.0595],[-44.10532,-21.06118],[-44.10941,-21.06442],[-44.11008,-21.06764],[-44.108,-21.07452],[-44.10504,-21.08091],[-44.10557,-21.0827],[-44.10812,-21.08268],[-44.11077,-21.08143],[-44.11479,-21.07547],[-44.11592,-21.07578],[-44.11661,-21.07455],[-44.11919,-21.08203],[-44.12347,-21.08533],[-44.12668,-21.09107],[-44.12985,-21.09145],[-44.13527,-21.08839],[-44.13689,-21.08568],[-44.13784,-21.08238],[-44.14018,-21.08052],[-44.14413,-21.08498],[-44.14642,-21.08553],[-44.14862,-21.08852],[-44.15001,-21.09402],[-44.15065,-21.09469],[-44.15282,-21.09541],[-44.15829,-21.09453],[-44.16143,-21.0951],[-44.16311,-21.09655],[-44.16477,-21.09995],[-44.16662,-21.10075],[-44.1689,-21.10065],[-44.17191,-21.10316],[-44.17503,-21.109],[-44.17772,-21.10793],[-44.17724,-21.1074],[-44.17802,-21.10757],[-44.18246,-21.1096],[-44.18651,-21.11022],[-44.18655,-21.11111],[-44.19005,-21.11267],[-44.19038,-21.11424],[-44.18956,-21.11577],[-44.18942,-21.12005],[-44.19026,-21.12073],[-44.19922,-21.11922],[-44.20249,-21.11966],[-44.20462,-21.12107],[-44.20937,-21.12241],[-44.21406,-21.12246],[-44.2165,-21.12125],[-44.21827,-21.11813],[-44.21855,-21.11603],[-44.21778,-21.11206],[-44.21749,-21.10278],[-44.21485,-21.09582],[-44.21083,-21.09176],[-44.20675,-21.08894],[-44.20216,-21.08698],[-44.19787,-21.08321],[-44.18526,-21.07686],[-44.18188,-21.07285],[-44.18053,-21.07235],[-44.17311,-21.07317],[-44.17124,-21.0727],[-44.17054,-21.0714],[-44.16958,-21.05703],[-44.169,-21.05613],[-44.16778,-21.05543],[-44.16645,-21.05554],[-44.15966,-21.05803],[-44.15537,-21.05626],[-44.15083,-21.05736],[-44.15017,-21.05668],[-44.14783,-21.05665],[-44.14775,-21.05519],[-44.14676,-21.0549],[-44.14645,-21.0535],[-44.14349,-21.05231],[-44.14261,-21.05023],[-44.14142,-21.04962],[-44.13768,-21.05244],[-44.13487,-21.05174],[-44.13522,-21.04807],[-44.13289,-21.04665],[-44.1323,-21.04367],[-44.12655,-21.0386],[-44.12387,-21.03909],[-44.12303,-21.03813],[-44.12159,-21.03779],[-44.11807,-21.03886]]]}},{"type":"Feature","properties":{"nome_uc":"São Judas Tadeu","categoria":"FLOE"},"geometry":{"type":"MultiPolygon","coordinates":[[[[-44.18882,-19.88115],[-44.18711,-19.88166],[-44.18659,-19.88311],[-44.18882,-19.88115]]],[[[-44.18581,-19.86646],[-44.1856,-19.8678],[-44.1838,-19.87026],[-44.18392,-19.87117],[-44.18797,-19.87232],[-44.18998,-19.87588],[-44.19024,-19.87831],[-44.19112,-19.87861],[-44.1904,-19.88059],[-44.19143,-19.88039],[-44.19493,-19.88563],[-44.19815,-19.88437],[-44.19822,-19.88015],[-44.19653,-19.87693],[-44.19747,-19.87421],[-44.19643,-19.87129],[-44.19206,-19.87172],[-44.18736,-19.86662],[-44.18581,-19.86646]]]]}},{"type":"Feature","properties":{"nome_uc":"Tripuí","categoria":"ESEC"},"geometry":{"type":"Polygon","coordinates":[[[-43.55569,-20.38918],[-43.56127,-20.36837],[-43.55487,-20.37426],[-43.55107,-20.37529],[-43.54952,-20.37638],[-43.54846,-20.37633],[-43.54441,-20.37379],[-43.54138,-20.37496],[-43.54037,-20.37717],[-43.53452,-20.38268],[-43.53461,-20.38555],[-43.53908,-20.38792],[-43.54117,-20.38983],[-43.55027,-20.39107],[-43.55164,-20.39016],[-43.55569,-20.38918]]]}},{"type":"Feature","properties":{"nome_uc":"Uaimií","categoria":"FLOE"},"geometry":{"type":"Polygon","coordinates":[[[-43.58655,-20.22601],[-43.57962,-20.23353],[-43.57306,-20.23697],[-43.5718,-20.23895],[-43.57014,-20.23974],[-43.569,-20.23955],[-43.5671,-20.24153],[-43.56256,-20.24281],[-43.56208,-20.24393],[-43.5527,-20.24882],[-43.54924,-20.25238],[-43.54328,-20.2567],[-43.53708,-20.26066],[-43.5328,-20.26221],[-43.52995,-20.26432],[-43.52853,-20.26633],[-43.52907,-20.26754],[-43.52758,-20.26823],[-43.52689,-20.26934],[-43.52775,-20.27063],[-43.52257,-20.27965],[-43.52315,-20.28],[-43.5227,-20.28115],[-43.52312,-20.28224],[-43.52077,-20.28998],[-43.51919,-20.29287],[-43.5173,-20.29341],[-43.51616,-20.2978],[-43.51478,-20.29915],[-43.51273,-20.30339],[-43.51297,-20.30647],[-43.51814,-20.30637],[-43.52113,-20.31015],[-43.52388,-20.31056],[-43.52903,-20.31293],[-43.53511,-20.31359],[-43.53787,-20.31203],[-43.53555,-20.30706],[-43.53698,-20.3051],[-43.54047,-20.30286],[-43.54014,-20.30163],[-43.54858,-20.3],[-43.54932,-20.30146],[-43.54953,-20.30597],[-43.55235,-20.31049],[-43.55197,-20.31258],[-43.55232,-20.31324],[-43.55402,-20.31251],[-43.55465,-20.31306],[-43.55527,-20.31177],[-43.55497,-20.30945],[-43.55413,-20.30844],[-43.55624,-20.30654],[-43.55586,-20.30526],[-43.55666,-20.30411],[-43.5637,-20.3022],[-43.5651,-20.30225],[-43.56742,-20.30397],[-43.56868,-20.30073],[-43.57059,-20.29996],[-43.5713,-20.29863],[-43.57406,-20.29849],[-43.57471,-20.29907],[-43.57507,-20.3024],[-43.57594,-20.30298],[-43.57702,-20.30597],[-43.57679,-20.30721],[-43.57791,-20.30843],[-43.57844,-20.30805],[-43.57746,-20.30717],[-43.5788,-20.30702],[-43.58162,-20.30432],[-43.58351,-20.30524],[-43.58423,-20.30639],[-43.58598,-20.30255],[-43.58742,-20.30154],[-43.58448,-20.30002],[-43.58507,-20.29702],[-43.58719,-20.29427],[-43.58917,-20.29326],[-43.58937,-20.29215],[-43.58243,-20.2899],[-43.57589,-20.28656],[-43.57379,-20.28863],[-43.57075,-20.28819],[-43.57032,-20.28872],[-43.57065,-20.29294],[-43.57295,-20.29353],[-43.56915,-20.29651],[-43.56688,-20.2972],[-43.56669,-20.29671],[-43.56482,-20.29674],[-43.56383,-20.2974],[-43.56289,-20.29723],[-43.56179,-20.29579],[-43.55814,-20.29635],[-43.55803,-20.29408],[-43.55088,-20.28893],[-43.55067,-20.28722],[-43.55191,-20.28511],[-43.54985,-20.282],[-43.54857,-20.2821],[-43.54542,-20.28006],[-43.54601,-20.27705],[-43.54436,-20.27438],[-43.54519,-20.27266],[-43.54981,-20.27208],[-43.55272,-20.27458],[-43.55575,-20.27601],[-43.55936,-20.2734],[-43.56313,-20.27443],[-43.56517,-20.27572],[-43.56764,-20.27879],[-43.57319,-20.27906],[-43.57497,-20.28088],[-43.57913,-20.28013],[-43.58224,-20.27717],[-43.58751,-20.27673],[-43.59058,-20.27372],[-43.59269,-20.27301],[-43.59537,-20.27321],[-43.59721,-20.26924],[-43.5991,-20.26808],[-43.60037,-20.2681],[-43.60259,-20.26572],[-43.60207,-20.25815],[-43.60548,-20.25784],[-43.60625,-20.25893],[-43.60725,-20.25886],[-43.60686,-20.257],[-43.6085,-20.25757],[-43.60969,-20.256],[-43.614,-20.25475],[-43.61567,-20.25353],[-43.61444,-20.2509],[-43.61272,-20.25069],[-43.61162,-20.24961],[-43.60979,-20.25198],[-43.6063,-20.25261],[-43.60452,-20.2502],[-43.60042,-20.24867],[-43.59732,-20.24492],[-43.59643,-20.2404],[-43.59809,-20.23767],[-43.5969,-20.23557],[-43.59467,-20.2321],[-43.59155,-20.22965],[-43.58882,-20.22879],[-43.58655,-20.22601]]]}},{"type":"Feature","properties":{"nome_uc":"Vargem da Pedra","categoria":"MONA"},"geometry":{"type":"Polygon","coordinates":[[[-44.02529,-19.54498],[-44.02367,-19.54281],[-44.02202,-19.54367],[-44.02157,-19.54533],[-44.02213,-19.54641],[-44.02436,-19.54579],[-44.02529,-19.54498]]]}},{"type":"Feature","properties":{"nome_uc":"Vargem das Flores","categoria":"APA"},"geometry":{"type":"Polygon","coordinates":[[[-44.16949,-19.92242],[-44.16918,-19.91708],[-44.16795,-19.91419],[-44.16863,-19.91211],[-44.17198,-19.91122],[-44.17247,-19.9087],[-44.17449,-19.90627],[-44.17822,-19.9061],[-44.18133,-19.90422],[-44.18253,-19.90224],[-44.18039,-19.89292],[-44.1805,-19.88953],[-44.17757,-19.88252],[-44.17473,-19.87771],[-44.16759,-19.87343],[-44.1678,-19.86955],[-44.16438,-19.86637],[-44.16107,-19.85949],[-44.16119,-19.85569],[-44.16292,-19.85281],[-44.16752,-19.85039],[-44.16626,-19.84451],[-44.15622,-19.83764],[-44.15548,-19.83466],[-44.15912,-19.83165],[-44.15696,-19.82414],[-44.15143,-19.82312],[-44.1481,-19.82066],[-44.14457,-19.82037],[-44.1485,-19.81669],[-44.14719,-19.81252],[-44.13835,-19.80471],[-44.13496,-19.80487],[-44.13461,-19.799],[-44.12663,-19.80095],[-44.11872,-19.79892],[-44.11764,-19.80452],[-44.11152,-19.80566],[-44.10778,-19.80826],[-44.1009,-19.80977],[-44.10112,-19.82215],[-44.09307,-19.82608],[-44.09076,-19.83005],[-44.08694,-19.83075],[-44.08098,-19.83659],[-44.07816,-19.84597],[-44.07504,-19.84036],[-44.07074,-19.84083],[-44.06805,-19.84393],[-44.06469,-19.84599],[-44.06626,-19.85531],[-44.07091,-19.86139],[-44.07068,-19.86771],[-44.07314,-19.87116],[-44.07159,-19.87458],[-44.06814,-19.87746],[-44.07022,-19.88108],[-44.07269,-19.88308],[-44.06971,-19.88659],[-44.07187,-19.89302],[-44.06897,-19.89824],[-44.06111,-19.90308],[-44.06059,-19.91013],[-44.06258,-19.91393],[-44.06218,-19.917],[-44.0654,-19.92027],[-44.06558,-19.92353],[-44.0711,-19.92645],[-44.07901,-19.92952],[-44.08437,-19.92887],[-44.08831,-19.93295],[-44.09381,-19.9314],[-44.09431,-19.92765],[-44.09289,-19.92475],[-44.09348,-19.92236],[-44.09273,-19.91951],[-44.1011,-19.91811],[-44.10611,-19.9194],[-44.10992,-19.92159],[-44.11777,-19.91855],[-44.12385,-19.91696],[-44.1262,-19.91426],[-44.13298,-19.91556],[-44.14038,-19.92391],[-44.14387,-19.92446],[-44.14785,-19.92114],[-44.15081,-19.92161],[-44.15252,-19.92432],[-44.16054,-19.92468],[-44.16628,-19.92294],[-44.16838,-19.92431],[-44.16949,-19.92242]]]}},{"type":"Feature","properties":{"nome_uc":"Verde Grande","categoria":"PAR"},"geometry":{"type":"Polygon","coordinates":[[[-43.87966,-14.56379],[-43.87657,-14.56066],[-43.87716,-14.56419],[-43.88219,-14.57724],[-43.88397,-14.58001],[-43.88672,-14.58152],[-43.88765,-14.58291],[-43.88635,-14.58668],[-43.88473,-14.58711],[-43.88313,-14.58621],[-43.88234,-14.58757],[-43.88331,-14.5915],[-43.88569,-14.59302],[-43.88598,-14.59693],[-43.8845,-14.59956],[-43.88288,-14.59971],[-43.88227,-14.59813],[-43.88284,-14.59386],[-43.8817,-14.59147],[-43.87909,-14.58987],[-43.87617,-14.59152],[-43.87466,-14.59635],[-43.87642,-14.60121],[-43.87593,-14.60323],[-43.87709,-14.60662],[-43.87693,-14.61009],[-43.87612,-14.61118],[-43.87499,-14.6115],[-43.87275,-14.61082],[-43.8701,-14.61375],[-43.87343,-14.61382],[-43.8746,-14.61657],[-43.87194,-14.62033],[-43.8709,-14.62061],[-43.87105,-14.62164],[-43.87253,-14.62247],[-43.87497,-14.62219],[-43.87558,-14.62389],[-43.87783,-14.62557],[-43.87818,-14.62667],[-43.8804,-14.62745],[-43.88176,-14.62941],[-43.88167,-14.63071],[-43.88029,-14.63224],[-43.87684,-14.63319],[-43.87506,-14.63537],[-43.87484,-14.63691],[-43.8759,-14.6371],[-43.87752,-14.6363],[-43.8819,-14.63655],[-43.88228,-14.63503],[-43.8832,-14.63434],[-43.88473,-14.63448],[-43.88602,-14.63557],[-43.8857,-14.63755],[-43.88445,-14.63876],[-43.88305,-14.63922],[-43.87924,-14.63898],[-43.87746,-14.64021],[-43.8772,-14.64111],[-43.87727,-14.64216],[-43.87873,-14.64328],[-43.88254,-14.64213],[-43.88413,-14.64249],[-43.8844,-14.64354],[-43.88357,-14.64518],[-43.88176,-14.64616],[-43.88081,-14.64492],[-43.87922,-14.64709],[-43.87933,-14.64773],[-43.88149,-14.64917],[-43.88162,-14.65132],[-43.88396,-14.65275],[-43.88453,-14.65389],[-43.88333,-14.65484],[-43.88246,-14.65393],[-43.88166,-14.65405],[-43.8813,-14.65733],[-43.88055,-14.65832],[-43.87942,-14.65846],[-43.87788,-14.65714],[-43.87857,-14.65554],[-43.87835,-14.6543],[-43.8772,-14.65492],[-43.87621,-14.65451],[-43.87599,-14.65198],[-43.87468,-14.65099],[-43.87485,-14.65258],[-43.87263,-14.65545],[-43.87415,-14.65704],[-43.87363,-14.65839],[-43.87405,-14.66054],[-43.87279,-14.66395],[-43.87206,-14.66492],[-43.87134,-14.66489],[-43.86993,-14.663],[-43.86774,-14.66162],[-43.8649,-14.66165],[-43.86313,-14.66383],[-43.86351,-14.66933],[-43.86049,-14.67304],[-43.86012,-14.67435],[-43.86104,-14.67548],[-43.86611,-14.67816],[-43.86613,-14.67956],[-43.86783,-14.67971],[-43.86848,-14.68088],[-43.86976,-14.68081],[-43.87028,-14.68173],[-43.86987,-14.68291],[-43.87134,-14.68281],[-43.87338,-14.68449],[-43.87468,-14.68381],[-43.87635,-14.68601],[-43.87793,-14.68676],[-43.86946,-14.68745],[-43.86899,-14.69218],[-43.84781,-14.69304],[-43.83907,-14.69464],[-43.83433,-14.69401],[-43.82969,-14.69429],[-43.83138,-14.70277],[-43.81395,-14.70581],[-43.80545,-14.7065],[-43.80723,-14.71784],[-43.75966,-14.72366],[-43.75897,-14.71793],[-43.75429,-14.71811],[-43.75468,-14.71355],[-43.75353,-14.71351],[-43.74204,-14.71765],[-43.73251,-14.7201],[-43.73462,-14.73015],[-43.73728,-14.73498],[-43.73857,-14.73479],[-43.74152,-14.74563],[-43.72341,-14.74664],[-43.72893,-14.7708],[-43.73321,-14.81891],[-43.73444,-14.81864],[-43.73419,-14.86822],[-43.79763,-14.85482],[-43.78491,-14.80659],[-43.85803,-14.78892],[-43.85141,-14.78432],[-43.85852,-14.78244],[-43.86186,-14.7728],[-43.89313,-14.76477],[-43.89569,-14.76228],[-43.8944,-14.75421],[-43.89675,-14.74892],[-43.89667,-14.74565],[-43.8946,-14.74357],[-43.89308,-14.74081],[-43.90377,-14.73875],[-43.90218,-14.70939],[-43.90971,-14.70895],[-43.9142,-14.70803],[-43.91321,-14.70118],[-43.91266,-14.68749],[-43.91361,-14.68064],[-43.9145,-14.67937],[-43.91496,-14.6762],[-43.91451,-14.67319],[-43.91388,-14.67352],[-43.91348,-14.67222],[-43.91311,-14.66286],[-43.91126,-14.65585],[-43.91184,-14.65162],[-43.90969,-14.64174],[-43.91045,-14.64023],[-43.91029,-14.63852],[-43.90882,-14.63681],[-43.9086,-14.63762],[-43.90673,-14.63702],[-43.90197,-14.6144],[-43.89654,-14.59707],[-43.89671,-14.59369],[-43.89592,-14.59092],[-43.89483,-14.58953],[-43.89388,-14.58939],[-43.89451,-14.59379],[-43.89298,-14.58967],[-43.88803,-14.58187],[-43.88171,-14.56736],[-43.87966,-14.56379]]]}},{"type":"Feature","properties":{"nome_uc":"Veredas do Acari","categoria":"RDS"},"geometry":{"type":"Polygon","coordinates":[[[-45.4183,-15.51946],[-45.40364,-15.54038],[-45.39862,-15.53811],[-45.39597,-15.53617],[-45.39534,-15.5364],[-45.3901,-15.53076],[-45.38939,-15.53173],[-45.38439,-15.53404],[-45.37595,-15.54351],[-45.37326,-15.54122],[-45.36844,-15.54027],[-45.36602,-15.54138],[-45.36141,-15.54064],[-45.36067,-15.54284],[-45.35794,-15.54205],[-45.35787,-15.54062],[-45.35716,-15.54019],[-45.35647,-15.54072],[-45.35691,-15.54171],[-45.35512,-15.54277],[-45.35359,-15.54214],[-45.35214,-15.54026],[-45.35052,-15.54267],[-45.34945,-15.5426],[-45.34822,-15.54063],[-45.34711,-15.54105],[-45.34608,-15.54014],[-45.34354,-15.54221],[-45.34305,-15.5418],[-45.33924,-15.54314],[-45.33877,-15.54272],[-45.33685,-15.54327],[-45.33598,-15.5422],[-45.33465,-15.54222],[-45.33443,-15.54406],[-45.3352,-15.54356],[-45.33516,-15.54466],[-45.33589,-15.54519],[-45.33517,-15.54534],[-45.33521,-15.54635],[-45.33088,-15.54631],[-45.33025,-15.54889],[-45.33116,-15.54966],[-45.33125,-15.55075],[-45.32895,-15.55401],[-45.32944,-15.5548],[-45.32841,-15.55986],[-45.3273,-15.56056],[-45.32807,-15.56106],[-45.32823,-15.56358],[-45.32649,-15.56471],[-45.32612,-15.56662],[-45.32425,-15.56783],[-45.32363,-15.56948],[-45.3218,-15.57074],[-45.3219,-15.57193],[-45.32344,-15.57382],[-45.32181,-15.57504],[-45.32053,-15.57841],[-45.31846,-15.57874],[-45.3194,-15.58255],[-45.31866,-15.5843],[-45.31699,-15.58307],[-45.31457,-15.58477],[-45.31379,-15.58409],[-45.31435,-15.58295],[-45.31333,-15.58191],[-45.31085,-15.58298],[-45.3092,-15.58223],[-45.30628,-15.5836],[-45.30359,-15.58598],[-45.303,-15.58335],[-45.30073,-15.58255],[-45.29895,-15.58262],[-45.29794,-15.58179],[-45.29557,-15.58235],[-45.28935,-15.58182],[-45.28896,-15.58248],[-45.28594,-15.58308],[-45.2846,-15.58484],[-45.28594,-15.58968],[-45.28504,-15.59278],[-45.26931,-15.58733],[-45.26791,-15.58561],[-45.26344,-15.58693],[-45.27109,-15.59197],[-45.26677,-15.62278],[-45.27062,-15.61958],[-45.27974,-15.62507],[-45.27416,-15.62947],[-45.26965,-15.63409],[-45.26339,-15.6333],[-45.2606,-15.63162],[-45.25807,-15.62845],[-45.25733,-15.62851],[-45.25301,-15.63185],[-45.24916,-15.63716],[-45.24245,-15.64118],[-45.23199,-15.63796],[-45.22468,-15.63466],[-45.22236,-15.63477],[-45.22041,-15.66671],[-45.2191,-15.67812],[-45.22214,-15.68322],[-45.22261,-15.68664],[-45.22584,-15.69189],[-45.22655,-15.69536],[-45.22778,-15.69581],[-45.23091,-15.69544],[-45.23718,-15.69666],[-45.23883,-15.69468],[-45.23918,-15.69145],[-45.23992,-15.69046],[-45.24811,-15.6953],[-45.2438,-15.70105],[-45.24077,-15.70275],[-45.23915,-15.70598],[-45.23874,-15.70831],[-45.2394,-15.71168],[-45.24273,-15.72017],[-45.24498,-15.73001],[-45.24878,-15.73791],[-45.24929,-15.74016],[-45.25315,-15.74318],[-45.25517,-15.74325],[-45.25725,-15.73995],[-45.25806,-15.73669],[-45.26081,-15.73169],[-45.28279,-15.73117],[-45.28391,-15.73555],[-45.28337,-15.73944],[-45.28128,-15.74231],[-45.27943,-15.74216],[-45.27725,-15.74325],[-45.27806,-15.7463],[-45.27809,-15.75061],[-45.26979,-15.74908],[-45.27137,-15.74284],[-45.25706,-15.74364],[-45.25832,-15.74793],[-45.25741,-15.75152],[-45.25773,-15.75249],[-45.25986,-15.75193],[-45.29314,-15.75789],[-45.29036,-15.74746],[-45.29819,-15.73877],[-45.30635,-15.73131],[-45.30712,-15.73216],[-45.31526,-15.72568],[-45.30964,-15.72429],[-45.29063,-15.72273],[-45.29361,-15.70001],[-45.29447,-15.6984],[-45.30472,-15.68806],[-45.32792,-15.68084],[-45.32924,-15.67997],[-45.33778,-15.68081],[-45.37119,-15.65917],[-45.37801,-15.64329],[-45.38658,-15.64235],[-45.39081,-15.64242],[-45.39392,-15.64344],[-45.39699,-15.64363],[-45.40074,-15.64298],[-45.40309,-15.64647],[-45.40307,-15.64728],[-45.43836,-15.66008],[-45.43679,-15.66425],[-45.43447,-15.66409],[-45.43187,-15.66607],[-45.4292,-15.66611],[-45.42703,-15.6677],[-45.42232,-15.66821],[-45.41926,-15.66958],[-45.41706,-15.66912],[-45.41596,-15.66795],[-45.4126,-15.66788],[-45.40748,-15.67612],[-45.40866,-15.67855],[-45.40861,-15.68257],[-45.4094,-15.68384],[-45.40963,-15.68631],[-45.40958,-15.68793],[-45.40812,-15.6906],[-45.40929,-15.69685],[-45.40837,-15.6986],[-45.40622,-15.6991],[-45.40471,-15.70079],[-45.40366,-15.70641],[-45.40236,-15.70902],[-45.40239,-15.71055],[-45.40407,-15.71208],[-45.40475,-15.71448],[-45.40364,-15.71661],[-45.40373,-15.72239],[-45.40281,-15.72496],[-45.40266,-15.72907],[-45.40028,-15.73326],[-45.39858,-15.73916],[-45.39515,-15.74066],[-45.39162,-15.74457],[-45.39054,-15.74705],[-45.39048,-15.75033],[-45.38906,-15.75515],[-45.39396,-15.7606],[-45.39988,-15.76274],[-45.40246,-15.76918],[-45.40546,-15.77044],[-45.4057,-15.77135],[-45.40678,-15.77186],[-45.40714,-15.77345],[-45.40968,-15.7751],[-45.41188,-15.77523],[-45.41288,-15.77596],[-45.41415,-15.7754],[-45.41573,-15.7696],[-45.41908,-15.76638],[-45.44302,-15.76408],[-45.44215,-15.7661],[-45.44031,-15.76759],[-45.43908,-15.77034],[-45.43362,-15.77451],[-45.43219,-15.77734],[-45.43062,-15.77826],[-45.42913,-15.78153],[-45.42933,-15.7823],[-45.42698,-15.78471],[-45.42872,-15.78829],[-45.42897,-15.79069],[-45.42827,-15.79288],[-45.4297,-15.79478],[-45.42935,-15.79648],[-45.4301,-15.8],[-45.42954,-15.80125],[-45.43109,-15.80403],[-45.43081,-15.80533],[-45.43158,-15.80667],[-45.4307,-15.8069],[-45.43144,-15.80927],[-45.43343,-15.81092],[-45.4329,-15.81312],[-45.43452,-15.81393],[-45.43451,-15.81925],[-45.43495,-15.82062],[-45.43616,-15.82158],[-45.44001,-15.82277],[-45.43923,-15.8237],[-45.43994,-15.82426],[-45.44376,-15.82266],[-45.44547,-15.82361],[-45.44926,-15.81847],[-45.45307,-15.81604],[-45.45598,-15.8083],[-45.45441,-15.80512],[-45.45504,-15.80246],[-45.45467,-15.79669],[-45.46122,-15.7836],[-45.46581,-15.78004],[-45.47151,-15.78106],[-45.47705,-15.78369],[-45.47958,-15.78378],[-45.48248,-15.78506],[-45.49201,-15.78555],[-45.49866,-15.78679],[-45.50585,-15.78578],[-45.51692,-15.78709],[-45.52409,-15.79075],[-45.52935,-15.79252],[-45.5308,-15.79223],[-45.53279,-15.79408],[-45.53511,-15.79407],[-45.54123,-15.79107],[-45.54825,-15.76614],[-45.55398,-15.7629],[-45.56011,-15.76284],[-45.56779,-15.76455],[-45.57142,-15.76674],[-45.57324,-15.76709],[-45.57375,-15.76813],[-45.57695,-15.77009],[-45.57753,-15.77202],[-45.57966,-15.77386],[-45.58013,-15.77641],[-45.58152,-15.77848],[-45.58499,-15.77973],[-45.58715,-15.7822],[-45.60033,-15.75978],[-45.60198,-15.75802],[-45.59786,-15.7566],[-45.59448,-15.75639],[-45.59399,-15.75605],[-45.59419,-15.75478],[-45.55552,-15.73193],[-45.56076,-15.70653],[-45.5649,-15.69923],[-45.56531,-15.69719],[-45.56,-15.69349],[-45.55995,-15.69004],[-45.56225,-15.68751],[-45.56447,-15.68817],[-45.56528,-15.6893],[-45.56674,-15.68937],[-45.5676,-15.68841],[-45.56741,-15.68647],[-45.56896,-15.68628],[-45.57267,-15.68317],[-45.57419,-15.68282],[-45.57404,-15.67985],[-45.57062,-15.67776],[-45.56872,-15.6749],[-45.56809,-15.67254],[-45.56661,-15.67096],[-45.56863,-15.66893],[-45.57046,-15.66834],[-45.57022,-15.66705],[-45.56652,-15.66332],[-45.56515,-15.65955],[-45.56313,-15.6569],[-45.56063,-15.6552],[-45.54201,-15.64957],[-45.53798,-15.65553],[-45.5334,-15.65928],[-45.53082,-15.66003],[-45.52473,-15.6601],[-45.5212,-15.663],[-45.5205,-15.66679],[-45.51944,-15.66698],[-45.51846,-15.66621],[-45.51254,-15.65952],[-45.50914,-15.65378],[-45.50616,-15.65043],[-45.50361,-15.63954],[-45.49669,-15.63382],[-45.49448,-15.62944],[-45.49194,-15.62637],[-45.48612,-15.62253],[-45.47979,-15.62167],[-45.47792,-15.62079],[-45.47372,-15.61762],[-45.47163,-15.61441],[-45.4672,-15.61067],[-45.46641,-15.60817],[-45.46671,-15.60497],[-45.46414,-15.60238],[-45.46388,-15.59985],[-45.46172,-15.59733],[-45.46152,-15.59494],[-45.46269,-15.59241],[-45.46152,-15.58713],[-45.45993,-15.58516],[-45.45875,-15.58465],[-45.45751,-15.5825],[-45.45685,-15.57916],[-45.45489,-15.57554],[-45.4546,-15.57386],[-45.4552,-15.57223],[-45.44395,-15.56834],[-45.44098,-15.55892],[-45.4364,-15.54801],[-45.43313,-15.53449],[-45.42137,-15.52784],[-45.42131,-15.52097],[-45.4183,-15.51946]]]}},{"type":"Feature","properties":{"nome_uc":"Veredas do Peruaçu","categoria":"PAR"},"geometry":{"type":"Polygon","coordinates":[[[-44.58196,-14.93242],[-44.58393,-14.93559],[-44.58083,-14.96458],[-44.62515,-14.96655],[-44.62522,-14.96869],[-44.61029,-14.99558],[-44.6076,-15.00157],[-44.59943,-15.01489],[-44.59745,-15.01962],[-44.56785,-15.04942],[-44.55765,-15.05816],[-44.49589,-15.08131],[-44.49776,-15.08332],[-44.50234,-15.08611],[-44.50969,-15.10169],[-44.52821,-15.11901],[-44.54423,-15.13087],[-44.54849,-15.1351],[-44.55668,-15.14702],[-44.56545,-15.14879],[-44.60586,-15.12988],[-44.6048,-15.1238],[-44.60682,-15.11529],[-44.62583,-15.08362],[-44.63788,-15.08414],[-44.66089,-15.09368],[-44.66522,-15.09261],[-44.66653,-15.09015],[-44.67701,-15.05373],[-44.67881,-15.05088],[-44.68362,-15.04728],[-44.68519,-15.04416],[-44.68902,-15.04159],[-44.69157,-15.0367],[-44.7028,-15.02278],[-44.70864,-15.00897],[-44.70847,-15.00765],[-44.71468,-14.9946],[-44.7151,-14.99235],[-44.71798,-14.98869],[-44.72197,-14.97931],[-44.72351,-14.97882],[-44.72579,-14.97445],[-44.7275,-14.97364],[-44.72768,-14.97239],[-44.72862,-14.97273],[-44.72909,-14.97193],[-44.72865,-14.97012],[-44.72928,-14.96802],[-44.73472,-14.95841],[-44.73382,-14.95512],[-44.73445,-14.95188],[-44.73413,-14.9483],[-44.72845,-14.94075],[-44.72541,-14.93527],[-44.71902,-14.93096],[-44.7151,-14.92497],[-44.71473,-14.91632],[-44.71298,-14.91332],[-44.71378,-14.91058],[-44.70721,-14.90623],[-44.70607,-14.90658],[-44.70407,-14.90982],[-44.7022,-14.90962],[-44.69982,-14.90834],[-44.69902,-14.90728],[-44.69956,-14.907],[-44.69941,-14.90407],[-44.70192,-14.90146],[-44.69845,-14.89868],[-44.69505,-14.89813],[-44.69289,-14.89917],[-44.68966,-14.8988],[-44.68689,-14.89734],[-44.68363,-14.89776],[-44.68029,-14.90103],[-44.68022,-14.90276],[-44.6781,-14.90548],[-44.67515,-14.91165],[-44.67475,-14.91477],[-44.67226,-14.91484],[-44.67141,-14.91628],[-44.67232,-14.91972],[-44.67026,-14.91857],[-44.66845,-14.91837],[-44.66616,-14.91989],[-44.66165,-14.91702],[-44.66011,-14.91809],[-44.65845,-14.91549],[-44.65729,-14.91585],[-44.65758,-14.91801],[-44.65502,-14.91596],[-44.6469,-14.91554],[-44.63591,-14.91603],[-44.6325,-14.91676],[-44.61279,-14.91671],[-44.61107,-14.91726],[-44.60721,-14.921],[-44.60492,-14.92135],[-44.60433,-14.92284],[-44.60092,-14.92662],[-44.59654,-14.92587],[-44.59209,-14.92674],[-44.58469,-14.93177],[-44.58196,-14.93242]]]}},{"type":"Feature","properties":{"nome_uc":"Várzea da Lapa","categoria":"MONA"},"geometry":{"type":"Polygon","coordinates":[[[-43.94855,-19.57058],[-43.94885,-19.56942],[-43.94726,-19.56946],[-43.94643,-19.57198],[-43.94749,-19.57314],[-43.94955,-19.57424],[-43.95211,-19.57438],[-43.9527,-19.57376],[-43.95244,-19.57162],[-43.95129,-19.57034],[-43.95033,-19.57145],[-43.94927,-19.56986],[-43.94855,-19.57058]]]}},{"type":"Feature","properties":{"nome_uc":"Várzea do Lageado e Serra do Raio","categoria":"MONA"},"geometry":{"type":"Polygon","coordinates":[[[-43.4603,-18.4275],[-43.45582,-18.4267],[-43.45437,-18.4277],[-43.45357,-18.4322],[-43.45168,-18.43566],[-43.45035,-18.44083],[-43.44928,-18.43946],[-43.44819,-18.43912],[-43.44662,-18.44011],[-43.45043,-18.44521],[-43.45069,-18.44677],[-43.44889,-18.44884],[-43.45023,-18.44931],[-43.4506,-18.45009],[-43.4504,-18.45143],[-43.44955,-18.45182],[-43.44955,-18.4559],[-43.45006,-18.45642],[-43.45013,-18.46054],[-43.45218,-18.46361],[-43.453,-18.46933],[-43.45561,-18.47117],[-43.45652,-18.47286],[-43.45862,-18.47452],[-43.45875,-18.47567],[-43.46043,-18.4766],[-43.4648,-18.4837],[-43.46896,-18.48588],[-43.47474,-18.49226],[-43.47882,-18.49376],[-43.48106,-18.48998],[-43.48508,-18.48581],[-43.48785,-18.48405],[-43.49102,-18.4838],[-43.49524,-18.48024],[-43.49498,-18.4709],[-43.49554,-18.47043],[-43.49159,-18.46862],[-43.49196,-18.4676],[-43.48894,-18.46447],[-43.48804,-18.46263],[-43.48876,-18.46065],[-43.48971,-18.46082],[-43.48997,-18.45998],[-43.48812,-18.45199],[-43.48859,-18.44969],[-43.48692,-18.44636],[-43.48396,-18.44267],[-43.48544,-18.44144],[-43.48412,-18.43738],[-43.48105,-18.43731],[-43.47879,-18.43846],[-43.47822,-18.43925],[-43.47868,-18.44048],[-43.48131,-18.44309],[-43.47302,-18.45027],[-43.46811,-18.44623],[-43.47566,-18.44162],[-43.4766,-18.43981],[-43.47568,-18.44074],[-43.47472,-18.44037],[-43.46881,-18.43332],[-43.46503,-18.43138],[-43.4603,-18.4275]]]}},{"type":"Feature","properties":{"nome_uc":"Água Limpa","categoria":"ESEC"},"geometry":{"type":"Polygon","coordinates":[[[-42.71666,-21.36943],[-42.71563,-21.37131],[-42.71242,-21.3693],[-42.7093,-21.37082],[-42.71037,-21.37287],[-42.7144,-21.37542],[-42.71404,-21.37613],[-42.71637,-21.37584],[-42.72087,-21.37652],[-42.72277,-21.37372],[-42.72266,-21.37175],[-42.7213,-21.37085],[-42.71832,-21.37154],[-42.71666,-21.36943]]]}},{"type":"Feature","properties":{"nome_uc":"Águas Vertentes","categoria":"APA"},"geometry":{"type":"Polygon","coordinates":[[[-43.5392,-18.452],[-43.5391,-18.45048],[-43.5382,-18.44917],[-43.53904,-18.4443],[-43.53738,-18.43931],[-43.53753,-18.43433],[-43.53595,-18.43345],[-43.53345,-18.43364],[-43.53187,-18.43298],[-43.53065,-18.43027],[-43.53068,-18.42658],[-43.53171,-18.42486],[-43.52946,-18.42267],[-43.5304,-18.41954],[-43.52466,-18.4143],[-43.52092,-18.41329],[-43.51856,-18.41046],[-43.51702,-18.40546],[-43.5165,-18.40015],[-43.51583,-18.3982],[-43.51381,-18.39558],[-43.51122,-18.39361],[-43.50873,-18.39272],[-43.50503,-18.38793],[-43.50051,-18.38649],[-43.49622,-18.38364],[-43.49797,-18.37834],[-43.50233,-18.37296],[-43.50177,-18.37187],[-43.49647,-18.36858],[-43.49253,-18.36541],[-43.49152,-18.36388],[-43.48041,-18.36358],[-43.47894,-18.36292],[-43.47592,-18.35759],[-43.473,-18.35442],[-43.47,-18.34736],[-43.46552,-18.34147],[-43.46046,-18.33634],[-43.45643,-18.33035],[-43.45577,-18.3284],[-43.45591,-18.32525],[-43.45869,-18.31921],[-43.45746,-18.31671],[-43.45759,-18.31487],[-43.45942,-18.31293],[-43.45968,-18.30969],[-43.45621,-18.30478],[-43.45384,-18.30292],[-43.44875,-18.30137],[-43.4465,-18.29972],[-43.44664,-18.29745],[-43.45132,-18.29381],[-43.45167,-18.29262],[-43.45066,-18.29098],[-43.44615,-18.28889],[-43.44323,-18.28507],[-43.44303,-18.28247],[-43.44624,-18.27784],[-43.45054,-18.26607],[-43.4509,-18.26402],[-43.45025,-18.25421],[-43.44977,-18.25368],[-43.44373,-18.2532],[-43.4385,-18.25409],[-43.43383,-18.25275],[-43.43081,-18.25273],[-43.42199,-18.25085],[-43.41829,-18.25082],[-43.41577,-18.25333],[-43.41305,-18.25352],[-43.40937,-18.25096],[-43.4053,-18.25021],[-43.40388,-18.24803],[-43.40238,-18.24701],[-43.39657,-18.24652],[-43.39416,-18.24535],[-43.38788,-18.24631],[-43.38344,-18.2441],[-43.38109,-18.24517],[-43.37694,-18.24499],[-43.3741,-18.24186],[-43.37264,-18.24408],[-43.37097,-18.24522],[-43.3687,-18.24506],[-43.36541,-18.24207],[-43.36149,-18.24052],[-43.35816,-18.24114],[-43.35401,-18.2406],[-43.34923,-18.24258],[-43.34636,-18.2427],[-43.34206,-18.24173],[-43.33331,-18.24114],[-43.32409,-18.24157],[-43.31731,-18.23898],[-43.3161,-18.23912],[-43.31184,-18.2419],[-43.30826,-18.24497],[-43.30667,-18.24561],[-43.30479,-18.24537],[-43.30205,-18.24694],[-43.29417,-18.24889],[-43.29183,-18.24908],[-43.28988,-18.24712],[-43.28863,-18.24465],[-43.28425,-18.24367],[-43.27754,-18.24982],[-43.27338,-18.25051],[-43.27038,-18.24802],[-43.26957,-18.2465],[-43.26566,-18.2443],[-43.2572,-18.2443],[-43.25148,-18.24208],[-43.24482,-18.24317],[-43.24408,-18.24158],[-43.24295,-18.24128],[-43.24182,-18.24134],[-43.23817,-18.24405],[-43.23044,-18.23907],[-43.22671,-18.23448],[-43.22618,-18.23412],[-43.22542,-18.23498],[-43.225,-18.23873],[-43.22125,-18.2436],[-43.22296,-18.24607],[-43.22339,-18.24875],[-43.22279,-18.25546],[-43.2211,-18.25855],[-43.22168,-18.25845],[-43.22301,-18.26182],[-43.22208,-18.2643],[-43.22319,-18.26648],[-43.22311,-18.27416],[-43.22467,-18.27689],[-43.22373,-18.28002],[-43.22507,-18.28231],[-43.22288,-18.28543],[-43.22218,-18.28791],[-43.22312,-18.2955],[-43.2251,-18.30159],[-43.22539,-18.30646],[-43.224,-18.30948],[-43.22386,-18.31154],[-43.22632,-18.31546],[-43.22675,-18.31785],[-43.22537,-18.31935],[-43.22513,-18.32108],[-43.22545,-18.3226],[-43.22736,-18.32446],[-43.22722,-18.32717],[-43.22377,-18.33179],[-43.22034,-18.33501],[-43.218,-18.34213],[-43.21446,-18.34394],[-43.21289,-18.35368],[-43.21197,-18.35453],[-43.21016,-18.35484],[-43.19713,-18.35364],[-43.19382,-18.35523],[-43.19278,-18.35717],[-43.19288,-18.35879],[-43.19433,-18.36097],[-43.19636,-18.36175],[-43.20312,-18.36658],[-43.20487,-18.37255],[-43.20932,-18.38126],[-43.21282,-18.38194],[-43.21722,-18.38404],[-43.22323,-18.38432],[-43.22536,-18.38693],[-43.2274,-18.3876],[-43.23963,-18.3888],[-43.24471,-18.39091],[-43.24853,-18.39441],[-43.25064,-18.39919],[-43.25154,-18.39996],[-43.25275,-18.40408],[-43.25522,-18.4066],[-43.25803,-18.40836],[-43.26267,-18.40937],[-43.26582,-18.41211],[-43.26881,-18.41983],[-43.26882,-18.43023],[-43.27105,-18.43339],[-43.27171,-18.43621],[-43.27272,-18.43708],[-43.27416,-18.44035],[-43.27698,-18.44243],[-43.28071,-18.44344],[-43.28248,-18.44789],[-43.28609,-18.45009],[-43.28752,-18.45498],[-43.29068,-18.45642],[-43.2927,-18.45849],[-43.29695,-18.46492],[-43.305,-18.46532],[-43.30286,-18.47505],[-43.30391,-18.48361],[-43.30366,-18.48632],[-43.3041,-18.48784],[-43.3095,-18.49233],[-43.3121,-18.49365],[-43.31333,-18.49529],[-43.31618,-18.50604],[-43.31873,-18.51158],[-43.31958,-18.5183],[-43.32103,-18.5207],[-43.3209,-18.52254],[-43.32167,-18.52493],[-43.33177,-18.52459],[-43.33723,-18.52312],[-43.35006,-18.52356],[-43.35264,-18.52661],[-43.35397,-18.52965],[-43.35601,-18.53032],[-43.37067,-18.52763],[-43.37285,-18.52581],[-43.37288,-18.52191],[-43.37168,-18.51778],[-43.37516,-18.50969],[-43.37546,-18.50146],[-43.37979,-18.49987],[-43.38422,-18.4998],[-43.38715,-18.502],[-43.39455,-18.51148],[-43.39726,-18.51237],[-43.40443,-18.51037],[-43.41067,-18.51075],[-43.41701,-18.5133],[-43.42336,-18.51346],[-43.42768,-18.51252],[-43.43062,-18.51428],[-43.43707,-18.51552],[-43.43911,-18.51662],[-43.44197,-18.52607],[-43.44742,-18.52633],[-43.45359,-18.52194],[-43.45529,-18.52141],[-43.45949,-18.52155],[-43.46142,-18.52222],[-43.46558,-18.52691],[-43.47248,-18.52903],[-43.47577,-18.52894],[-43.47671,-18.52516],[-43.47912,-18.52301],[-43.48368,-18.52056],[-43.48519,-18.51635],[-43.48724,-18.5156],[-43.48762,-18.51127],[-43.48958,-18.50826],[-43.48959,-18.50663],[-43.49063,-18.50447],[-43.50104,-18.49481],[-43.50232,-18.49211],[-43.50421,-18.48324],[-43.50536,-18.48119],[-43.50935,-18.47971],[-43.51335,-18.47595],[-43.51574,-18.47478],[-43.52562,-18.47485],[-43.53016,-18.47359],[-43.5312,-18.47197],[-43.53087,-18.47035],[-43.52682,-18.4662],[-43.52842,-18.46502],[-43.52934,-18.46329],[-43.52996,-18.45734],[-43.53099,-18.45691],[-43.532,-18.45757],[-43.53346,-18.46018],[-43.53493,-18.46063],[-43.53722,-18.45729],[-43.53725,-18.45404],[-43.5392,-18.452]]]}}]}